order_id,customer_id,vendor_id,product_id,order_date,quantity,order_value,delivery_days,returned,cancelled,rating
O00001,C1508,V038,P0830,2025-08-27,1,526.41,5.0,0,0,5.0
O00002,C0674,V090,P0919,2025-09-13,4,4304.13,5.1,0,0,3.4
O00003,C1341,V045,P0148,2025-01-26,4,5242.3,4.4,0,0,4.7
O00004,C1810,V081,P0618,2025-11-13,4,2710.3,5.4,1,0,4.4
O00005,C2486,V092,P0126,2025-04-02,1,319.89,6.3,0,0,4.1
O00006,C2261,V014,P0694,2025-01-28,4,2238.63,3.1,1,0,3.9
O00007,C1196,V082,P0254,2025-09-19,1,1163.27,6.7,0,0,4.4
O00008,C1050,V041,P0463,2025-08-27,5,2314.5,3.3,0,1,3.5
O00009,C1015,V070,P0871,2025-01-26,4,1756.35,5.0,0,0,4.1
O00010,C1042,V002,P0339,2025-01-29,5,2457.39,7.4,0,0,4.2
O00011,C1528,V012,P0473,2025-06-28,4,1557.57,3.3,0,0,3.6
O00012,C0328,V053,P0128,2025-10-09,3,1714.21,4.8,0,1,3.6
O00013,C1425,V055,P0555,2025-05-09,4,1941.31,3.6,0,0,4.2
O00014,C2429,V091,P0323,2025-03-13,1,484.94,5.2,0,0,4.0
O00015,C1156,V021,P0127,2025-03-28,1,292.53,5.0,0,0,4.9
O00016,C0507,V014,P0897,2025-09-02,1,954.21,1.9,0,0,3.9
O00017,C0401,V042,P0621,2025-11-25,1,653.81,5.1,0,0,4.1
O00018,C1536,V017,P0769,2025-05-03,4,2457.39,3.6,0,0,4.3
O00019,C1566,V058,P0267,2025-07-01,1,489.46,4.3,0,0,4.7
O00020,C0385,V045,P0529,2025-12-15,2,464.5,2.9,1,0,5.0
O00021,C0010,V024,P0723,2025-10-13,2,471.07,3.5,0,0,3.9
O00022,C0870,V065,P0600,2025-04-05,2,1133.31,5.1,0,0,4.2
O00023,C1925,V083,P0893,2025-03-08,6,2024.47,3.4,0,0,3.5
O00024,C2078,V053,P0307,2025-11-15,1,485.6,6.0,0,0,4.6
O00025,C0968,V089,P0108,2025-09-09,2,704.14,3.9,0,0,4.2
O00026,C1142,V046,P0664,2025-02-20,4,4249.93,2.4,0,0,3.3
O00027,C0191,V017,P0018,2025-02-09,2,1046.02,2.1,0,0,4.2
O00028,C2276,V021,P0127,2025-05-11,2,538.2,2.8,0,0,3.7
O00029,C1738,V054,P0506,2025-12-10,2,1292.53,5.0,0,1,4.5
O00030,C1623,V093,P0977,2025-06-18,1,1089.69,3.9,1,0,3.8
O00031,C0381,V022,P0692,2025-02-07,2,1686.77,4.1,0,0,3.8
O00032,C1577,V031,P0413,2025-09-08,3,1131.05,1.4,0,0,4.7
O00033,C1104,V044,P0427,2025-07-23,2,1299.32,3.9,0,0,4.3
O00034,C0254,V039,P0928,2025-01-18,1,720.49,4.1,0,0,4.7
O00035,C0878,V069,P0316,2025-04-14,1,1223.97,3.5,0,0,3.9
O00036,C0561,V041,P0585,2025-09-08,2,1543.5,4.5,0,0,3.9
O00037,C0302,V055,P0552,2025-10-13,2,1054.32,2.6,0,0,5.0
O00038,C0158,V013,P0412,2025-05-30,4,1846.87,3.3,0,1,4.2
O00039,C1082,V004,P0186,2025-02-17,2,1593.4,2.3,0,0,4.4
O00040,C2441,V012,P0593,2025-05-03,1,669.68,4.8,0,0,4.1
O00041,C0683,V007,P0485,2025-12-08,2,1014.48,2.8,0,0,3.6
O00042,C0856,V006,P0577,2025-04-15,2,1382.71,8.0,0,0,4.3
O00043,C0073,V037,P0674,2025-11-30,3,4149.07,1.7,1,0,4.1
O00044,C1768,V017,P0212,2025-06-02,2,859.63,3.7,1,0,4.2
O00045,C1306,V046,P0200,2025-03-15,4,1193.33,2.8,0,0,4.1
O00046,C1715,V100,P0010,2025-12-21,1,1052.33,3.6,0,0,4.1
O00047,C1920,V013,P0537,2025-06-28,1,450.45,2.3,1,0,4.1
O00048,C0423,V077,P0103,2025-04-20,2,1019.43,3.5,0,0,4.9
O00049,C1361,V057,P0645,2025-06-27,2,630.02,1.8,0,0,3.8
O00050,C1260,V042,P0081,2025-06-25,1,319.22,6.2,0,0,3.8
O00051,C2213,V083,P0873,2025-05-27,1,271.02,4.2,0,0,3.0
O00052,C0549,V044,P0207,2025-11-16,1,745.16,3.1,0,0,4.8
O00053,C0824,V048,P0038,2025-03-01,1,565.61,3.6,0,0,4.6
O00054,C0233,V070,P0251,2025-11-29,1,832.12,6.5,0,0,4.5
O00055,C0977,V073,P0976,2025-06-05,2,1019.97,6.3,0,0,3.9
O00056,C2239,V060,P0353,2025-07-06,2,867.34,2.4,0,0,4.1
O00057,C0333,V047,P0164,2025-11-23,5,1259.44,3.5,0,0,4.5
O00058,C0447,V002,P0442,2025-09-03,1,552.8,2.4,0,0,3.7
O00059,C0333,V017,P0532,2025-02-22,3,1523.56,1.8,0,0,4.6
O00060,C2004,V091,P0095,2025-06-03,3,978.08,4.2,0,0,4.0
O00061,C2349,V042,P0802,2025-09-21,1,498.17,2.7,0,0,3.7
O00062,C1188,V048,P0521,2025-01-28,3,960.7,5.5,0,0,4.9
O00063,C1885,V012,P0905,2025-03-25,5,2789.28,5.3,0,0,4.5
O00064,C1730,V013,P0522,2025-08-20,5,4272.82,2.8,0,0,4.2
O00065,C2328,V082,P0683,2025-01-21,4,3763.71,3.6,0,0,4.4
O00066,C0459,V061,P0216,2025-11-16,5,2986.95,5.7,0,0,3.7
O00067,C1068,V039,P0481,2025-10-29,2,1259.0,5.1,0,0,4.4
O00068,C0084,V054,P0736,2025-08-15,1,751.69,3.7,0,0,4.4
O00069,C0856,V032,P0571,2025-07-31,2,790.92,3.6,0,0,4.8
O00070,C1542,V085,P0092,2025-03-01,3,836.83,3.8,0,0,3.0
O00071,C1751,V042,P0262,2025-03-06,2,2183.36,2.9,0,0,4.1
O00072,C1489,V009,P0188,2025-01-15,1,547.12,4.6,0,0,4.1
O00073,C2142,V041,P0014,2025-05-29,2,1248.21,2.8,0,0,3.4
O00074,C0469,V044,P0514,2025-08-23,3,1358.1,5.2,0,0,4.3
O00075,C1475,V050,P0703,2025-06-30,4,3234.84,3.5,0,0,5.0
O00076,C0889,V079,P0773,2025-03-06,1,409.63,1.0,0,0,4.3
O00077,C1778,V048,P0558,2025-05-30,3,2186.29,4.1,0,0,4.2
O00078,C1102,V044,P0796,2025-04-24,1,586.79,4.8,0,0,4.0
O00079,C0064,V046,P0534,2025-07-24,4,1875.4,3.2,0,0,2.9
O00080,C2055,V030,P0013,2025-11-15,3,569.08,3.3,0,0,3.3
O00081,C1782,V013,P0522,2025-06-15,2,1784.89,2.2,0,0,4.3
O00082,C1118,V002,P0722,2025-12-21,3,3475.92,4.4,0,0,4.1
O00083,C0875,V040,P0210,2025-12-19,3,2137.76,3.0,0,1,4.6
O00084,C0829,V039,P0175,2025-09-12,2,1070.34,6.7,0,0,4.3
O00085,C0674,V052,P0083,2025-01-17,2,757.29,5.2,0,1,5.0
O00086,C2229,V075,P0362,2025-08-04,3,1955.2,6.1,0,0,5.0
O00087,C0904,V063,P0992,2025-01-09,4,1770.69,1.0,1,0,4.7
O00088,C0169,V038,P0921,2025-08-22,1,362.84,3.7,0,0,4.3
O00089,C2134,V079,P0938,2025-03-02,3,1554.53,4.2,1,0,5.0
O00090,C0139,V065,P0735,2025-02-13,1,381.78,2.3,0,0,4.5
O00091,C2431,V080,P0669,2025-10-23,4,1209.15,4.4,0,0,3.9
O00092,C1683,V039,P0481,2025-05-02,1,677.44,5.2,0,1,4.7
O00093,C0184,V078,P0841,2025-05-22,3,1215.68,3.9,0,0,3.8
O00094,C1716,V046,P0292,2025-06-29,3,1760.99,1.5,0,0,3.8
O00095,C2121,V038,P0668,2025-02-02,1,296.29,5.2,0,0,4.0
O00096,C2365,V100,P0939,2025-10-18,3,1184.61,3.4,0,0,4.0
O00097,C0680,V022,P0692,2025-03-06,2,1285.81,5.5,0,0,4.3
O00098,C0035,V008,P0724,2025-08-14,1,1514.2,3.3,0,0,4.5
O00099,C0218,V011,P0961,2025-12-05,2,979.03,3.3,1,0,4.9
O00100,C0193,V004,P0297,2025-12-03,2,600.41,3.6,0,0,3.8
O00101,C0877,V023,P0446,2025-04-05,1,428.66,6.0,0,0,4.5
O00102,C2064,V010,P0658,2025-12-07,4,2498.84,4.9,0,0,4.6
O00103,C0672,V030,P0662,2025-12-04,4,1997.56,4.4,0,0,3.6
O00104,C0572,V031,P0201,2025-04-20,2,534.07,3.6,0,0,5.0
O00105,C1159,V060,P0240,2025-08-02,1,449.7,4.0,0,0,3.6
O00106,C2396,V025,P0800,2025-08-25,1,1191.37,3.1,0,0,4.4
O00107,C0524,V026,P0979,2025-12-02,5,4178.47,5.4,0,0,4.3
O00108,C0500,V017,P0772,2025-04-16,2,728.86,3.5,0,0,4.6
O00109,C1084,V012,P0194,2025-08-19,2,966.0,4.2,0,0,4.1
O00110,C0347,V021,P0315,2025-10-31,3,3208.51,1.8,0,0,4.3
O00111,C1690,V002,P0237,2025-11-28,2,791.42,4.5,0,0,3.0
O00112,C1659,V034,P0068,2025-03-29,4,1574.45,2.2,0,0,4.5
O00113,C0249,V011,P0924,2025-06-20,2,1089.65,2.7,0,0,4.4
O00114,C2352,V057,P0366,2025-04-01,2,545.93,3.8,0,0,4.4
O00115,C0768,V057,P0351,2025-02-18,2,1117.57,4.3,0,0,3.9
O00116,C1164,V038,P0203,2025-10-06,5,4033.51,3.4,0,0,3.7
O00117,C1001,V047,P0435,2025-01-22,3,1282.97,1.5,0,0,3.6
O00118,C2498,V037,P0681,2025-11-15,2,967.41,3.6,0,0,4.8
O00119,C0908,V091,P0323,2025-09-01,1,436.76,4.2,0,1,3.3
O00120,C0641,V096,P0539,2025-12-17,2,2201.28,3.4,0,0,3.8
O00121,C0815,V031,P0223,2025-08-21,1,547.49,1.6,0,0,4.2
O00122,C0707,V017,P0403,2025-10-18,1,679.75,2.7,0,1,3.2
O00123,C0513,V089,P0512,2025-04-30,1,484.02,4.4,0,0,3.9
O00124,C0509,V040,P0210,2025-10-26,1,789.71,3.2,0,0,4.2
O00125,C0445,V069,P0365,2025-10-02,5,2215.34,3.6,0,0,3.7
O00126,C2318,V096,P0174,2025-08-17,2,632.81,6.2,0,1,3.9
O00127,C1140,V077,P0881,2025-01-02,3,939.35,3.4,0,0,5.0
O00128,C0037,V022,P0766,2025-02-04,1,1406.39,4.6,0,0,3.7
O00129,C1751,V045,P0148,2025-07-13,2,3310.07,1.0,0,0,4.4
O00130,C1424,V046,P0359,2025-08-24,1,487.13,2.4,0,0,4.1
O00131,C0600,V013,P0183,2025-04-17,4,1248.37,1.9,0,0,4.8
O00132,C1000,V017,P0403,2025-01-07,2,1520.17,5.4,0,0,3.4
O00133,C2242,V040,P0675,2025-09-27,1,1619.23,3.5,0,0,4.3
O00134,C2393,V046,P0534,2025-01-09,1,539.58,2.4,0,0,3.5
O00135,C1357,V070,P0440,2025-08-07,2,1832.72,6.7,0,0,4.8
O00136,C1290,V017,P0271,2025-07-04,1,964.15,2.6,0,0,3.8
O00137,C1589,V064,P0107,2025-12-20,1,685.14,2.8,0,0,3.3
O00138,C2131,V020,P0454,2025-04-28,2,1195.6,4.5,0,0,3.3
O00139,C2456,V054,P0661,2025-07-15,2,370.35,4.2,0,0,4.8
O00140,C2363,V081,P0346,2025-02-24,2,967.82,5.0,0,0,4.5
O00141,C0862,V024,P0699,2025-07-14,1,663.73,6.0,1,0,4.7
O00142,C2043,V025,P0800,2025-10-09,1,1212.62,2.8,0,0,4.2
O00143,C1800,V037,P0695,2025-08-30,1,923.98,2.5,0,0,3.7
O00144,C0043,V002,P0716,2025-07-25,1,448.31,2.7,0,0,4.0
O00145,C1158,V085,P0731,2025-12-06,4,1206.57,5.1,1,0,4.5
O00146,C1811,V070,P0440,2025-09-10,1,844.73,5.8,0,1,4.9
O00147,C0438,V011,P0851,2025-02-04,3,2491.85,3.1,0,0,4.4
O00148,C0905,V090,P0919,2025-07-03,1,1234.92,5.6,0,0,3.8
O00149,C0432,V025,P0807,2025-06-24,1,626.5,4.8,0,0,5.0
O00150,C0521,V025,P0422,2025-03-28,1,579.11,4.5,0,0,4.8
O00151,C1947,V070,P0709,2025-03-13,2,781.61,4.7,0,0,4.5
O00152,C1219,V051,P0190,2025-08-28,1,502.38,3.4,0,0,4.2
O00153,C1388,V012,P0238,2025-11-19,2,1178.72,5.2,0,0,3.9
O00154,C1477,V079,P0326,2025-04-29,1,315.56,3.7,1,0,4.2
O00155,C0941,V086,P0411,2025-01-25,3,2218.85,6.3,0,0,3.4
O00156,C0917,V051,P0786,2025-12-09,3,1747.53,4.3,0,0,4.1
O00157,C2475,V034,P0068,2025-10-21,3,1168.61,3.3,0,0,3.9
O00158,C0168,V053,P0517,2025-08-26,3,1640.91,4.4,0,0,3.3
O00159,C1002,V035,P0833,2025-05-16,6,6842.48,7.1,0,0,4.1
O00160,C0251,V014,P0748,2025-09-11,8,2653.67,3.1,0,0,4.1
O00161,C0942,V058,P0808,2025-03-26,6,2259.67,5.1,0,0,4.2
O00162,C1064,V032,P0364,2025-01-28,3,1214.88,4.5,0,0,4.4
O00163,C1711,V065,P0590,2025-09-25,1,1625.48,3.2,0,0,3.7
O00164,C1329,V035,P0982,2025-07-13,3,1595.67,5.9,0,0,4.5
O00165,C1863,V018,P0993,2025-08-27,3,2758.96,6.1,1,0,3.0
O00166,C2246,V044,P0392,2025-05-19,3,2269.92,6.2,0,0,4.2
O00167,C0242,V043,P0849,2025-09-19,1,1038.86,5.8,0,1,3.7
O00168,C1558,V026,P0448,2025-12-16,1,1062.9,4.8,0,0,4.7
O00169,C2409,V053,P0257,2025-07-27,2,1390.71,2.0,0,0,3.5
O00170,C0882,V035,P0982,2025-01-04,2,870.49,4.3,0,0,4.5
O00171,C0010,V040,P0913,2025-05-10,2,640.38,3.1,0,0,3.7
O00172,C2160,V078,P0685,2025-02-18,2,521.25,2.6,0,0,4.5
O00173,C0873,V038,P0478,2025-09-14,1,370.44,5.3,0,0,4.3
O00174,C0307,V024,P0952,2025-04-02,3,1949.67,4.5,0,0,3.6
O00175,C1994,V047,P0611,2025-01-21,1,1021.65,4.2,0,0,3.9
O00176,C1590,V064,P0918,2025-09-19,3,1820.85,3.2,0,0,3.9
O00177,C0609,V078,P0025,2025-01-15,2,992.79,4.9,0,1,3.6
O00178,C1629,V027,P0877,2025-01-01,4,945.31,4.7,0,0,2.9
O00179,C1665,V054,P0274,2025-10-30,2,1183.3,4.0,0,0,4.1
O00180,C1590,V070,P0355,2025-07-12,2,1006.17,4.0,0,0,4.8
O00181,C2304,V061,P0182,2025-09-20,1,688.79,3.3,0,0,3.2
O00182,C0588,V048,P0151,2025-04-28,1,936.06,5.7,0,0,4.3
O00183,C2006,V054,P0393,2025-09-04,3,3315.8,5.2,0,0,4.5
O00184,C1299,V094,P0046,2025-04-26,2,809.8,3.2,0,0,4.3
O00185,C0198,V035,P0574,2025-01-15,6,1878.92,5.3,0,0,3.8
O00186,C0529,V023,P0831,2025-01-03,3,2674.93,4.9,0,0,4.7
O00187,C1340,V016,P0840,2025-01-21,2,1237.99,4.4,0,0,4.3
O00188,C0266,V031,P0884,2025-07-15,1,426.88,1.1,0,0,4.2
O00189,C1403,V044,P0379,2025-06-18,1,473.0,2.5,0,0,4.2
O00190,C1268,V048,P0904,2025-08-29,1,863.03,5.8,0,0,3.9
O00191,C0400,V096,P0926,2025-03-17,1,670.25,4.7,1,0,4.5
O00192,C0590,V054,P0308,2025-10-18,3,906.43,4.5,0,0,3.8
O00193,C2468,V066,P0538,2025-08-08,1,1300.45,4.4,0,0,4.2
O00194,C0326,V067,P0682,2025-02-12,1,579.85,5.0,0,0,3.7
O00195,C1959,V043,P0849,2025-05-23,1,987.57,4.1,0,0,4.3
O00196,C1269,V066,P0286,2025-08-15,2,1489.82,3.5,0,0,4.7
O00197,C1399,V059,P0123,2025-12-25,1,598.28,3.7,0,0,4.4
O00198,C1375,V085,P0731,2025-04-24,2,616.97,5.0,0,0,4.0
O00199,C1785,V081,P0719,2025-04-28,3,1939.66,4.4,0,0,3.6
O00200,C1717,V058,P0651,2025-02-13,5,2845.24,3.0,0,0,4.4
O00201,C2099,V031,P0814,2025-08-14,1,411.87,1.0,0,0,4.9
O00202,C0355,V081,P0487,2025-02-14,2,514.6,4.2,0,0,3.8
O00203,C1643,V003,P0895,2025-08-04,4,1028.82,1.6,0,0,4.1
O00204,C1034,V083,P0932,2025-03-03,3,1285.67,4.1,0,0,3.9
O00205,C1070,V047,P0726,2025-09-04,3,1371.22,6.5,0,0,3.4
O00206,C1319,V046,P0200,2025-10-17,1,351.81,3.2,0,0,4.3
O00207,C1905,V051,P0687,2025-08-18,1,415.49,6.6,0,0,4.0
O00208,C0145,V074,P0690,2025-07-26,4,4488.67,4.5,0,0,4.2
O00209,C0450,V069,P0258,2025-02-02,2,371.65,2.5,0,0,4.8
O00210,C0610,V026,P0837,2025-05-25,2,1084.45,2.5,1,0,3.8
O00211,C0391,V034,P0300,2025-03-19,4,2080.23,4.2,0,0,4.4
O00212,C1916,V027,P0394,2025-02-03,1,651.26,3.1,0,0,4.7
O00213,C0054,V005,P0185,2025-04-05,4,651.3,4.0,0,0,4.5
O00214,C0783,V036,P0598,2025-06-18,1,389.24,3.5,0,0,3.5
O00215,C0496,V004,P0297,2025-01-30,1,295.62,3.2,0,0,3.9
O00216,C1151,V035,P0110,2025-11-20,2,2318.27,5.6,0,1,3.8
O00217,C1119,V057,P0591,2025-10-19,1,614.22,6.7,0,0,4.3
O00218,C1488,V069,P0258,2025-11-23,1,203.96,2.2,0,0,3.9
O00219,C1735,V012,P0483,2025-07-19,4,1165.51,4.2,0,0,4.7
O00220,C2150,V074,P0139,2025-03-30,3,1674.92,4.2,1,0,4.7
O00221,C0332,V037,P0785,2025-08-03,1,320.86,2.9,0,1,4.7
O00222,C1218,V014,P0519,2025-02-03,3,970.61,2.5,1,0,3.8
O00223,C0973,V070,P0141,2025-09-07,1,665.05,4.2,0,0,4.1
O00224,C0408,V021,P0553,2025-12-07,3,1302.31,6.8,0,0,4.0
O00225,C2307,V013,P0522,2025-04-06,1,820.3,3.6,1,0,4.6
O00226,C1010,V026,P0408,2025-03-11,5,2126.02,5.5,0,0,4.2
O00227,C0248,V028,P0373,2025-02-15,3,2276.6,4.6,0,0,3.5
O00228,C0677,V026,P0979,2025-05-10,1,714.9,4.8,0,0,3.9
O00229,C1409,V099,P0567,2025-05-14,2,944.63,3.0,0,0,4.1
O00230,C1440,V043,P0849,2025-01-14,2,2389.47,7.8,0,0,3.7
O00231,C1949,V039,P0848,2025-07-22,1,346.96,4.6,0,0,4.5
O00232,C1650,V027,P0758,2025-12-27,4,6305.99,3.9,1,0,3.5
O00233,C0829,V033,P0296,2025-05-19,4,2854.48,5.7,0,0,3.9
O00234,C1034,V045,P0198,2025-01-08,2,1719.42,2.3,0,0,5.0
O00235,C0170,V091,P0239,2025-02-19,2,883.02,5.2,0,0,4.1
O00236,C2260,V057,P0366,2025-04-18,4,1063.12,6.3,0,0,4.0
O00237,C0206,V058,P0267,2025-07-17,3,1239.97,2.5,0,0,4.1
O00238,C1712,V084,P0278,2025-02-03,1,449.74,5.9,0,0,4.0
O00239,C1214,V087,P0580,2025-09-19,3,1046.87,5.6,0,0,4.5
O00240,C0162,V047,P0435,2025-06-18,2,886.84,3.8,0,0,3.9
O00241,C2286,V025,P0422,2025-11-10,4,2964.38,3.4,0,0,4.7
O00242,C0838,V023,P0902,2025-12-05,2,1744.97,4.1,0,0,4.6
O00243,C1167,V059,P0123,2025-10-31,3,1749.71,3.8,0,0,3.8
O00244,C1803,V003,P0495,2025-08-23,2,1356.58,3.4,0,0,4.5
O00245,C1639,V086,P0011,2025-10-25,1,479.17,4.0,0,0,3.7
O00246,C2350,V031,P0277,2025-11-13,2,2074.24,1.4,0,0,4.3
O00247,C0147,V051,P0349,2025-02-14,2,1371.32,4.2,0,0,4.2
O00248,C0070,V011,P0823,2025-10-06,1,597.09,6.0,0,1,4.4
O00249,C0804,V085,P0731,2025-06-24,3,1015.9,4.2,0,0,3.7
O00250,C0075,V013,P0763,2025-05-13,1,547.33,1.7,0,0,4.2
O00251,C1248,V045,P0198,2025-07-22,4,3618.78,4.1,0,0,4.8
O00252,C2371,V064,P0918,2025-07-11,3,1877.32,4.2,0,0,4.7
O00253,C2306,V070,P0355,2025-10-28,1,512.92,3.7,0,0,4.5
O00254,C1309,V046,P0359,2025-01-23,1,529.74,2.4,0,0,3.2
O00255,C1135,V015,P0950,2025-04-22,2,689.35,6.8,0,0,4.9
O00256,C1133,V011,P0525,2025-09-16,1,838.74,3.8,0,0,4.0
O00257,C0967,V073,P0617,2025-02-26,2,941.92,5.3,0,0,4.6
O00258,C1295,V011,P0823,2025-08-01,3,1617.01,5.4,0,1,3.8
O00259,C0785,V089,P0898,2025-05-07,3,3247.03,4.1,0,0,3.6
O00260,C0879,V007,P0485,2025-07-22,2,1213.78,4.0,0,0,4.2
O00261,C1530,V062,P0834,2025-11-11,1,318.42,5.3,0,0,5.0
O00262,C0220,V025,P0077,2025-05-15,2,1097.46,3.9,0,0,4.2
O00263,C1036,V090,P0053,2025-10-18,4,1362.66,4.7,0,0,3.9
O00264,C0614,V057,P0588,2025-04-22,3,1306.03,4.6,0,0,4.1
O00265,C0273,V005,P0132,2025-04-13,3,1965.88,4.1,0,0,3.3
O00266,C1717,V051,P0349,2025-12-10,1,727.05,4.1,1,0,4.7
O00267,C1731,V072,P0994,2025-08-03,4,2471.82,3.3,0,0,4.8
O00268,C2006,V051,P0687,2025-03-21,3,1069.56,4.4,0,0,4.1
O00269,C1034,V100,P0820,2025-04-16,1,1224.48,4.2,0,0,4.1
O00270,C0287,V021,P0887,2025-10-23,1,368.54,2.7,0,0,3.8
O00271,C2280,V001,P0829,2025-07-30,5,2055.7,5.9,0,0,4.0
O00272,C0596,V021,P0431,2025-02-17,2,511.3,3.7,0,0,3.6
O00273,C0034,V089,P0206,2025-02-25,4,3899.91,4.5,0,1,4.5
O00274,C2433,V095,P0002,2025-03-22,2,643.4,5.4,0,0,4.2
O00275,C1199,V090,P0048,2025-08-29,1,345.5,5.3,0,0,3.6
O00276,C1935,V070,P0440,2025-12-13,1,892.22,3.7,0,1,3.7
O00277,C2198,V029,P0058,2025-01-23,3,786.04,3.1,0,0,3.6
O00278,C0460,V071,P0513,2025-05-08,2,1198.56,4.6,1,0,4.4
O00279,C1622,V038,P0533,2025-02-26,3,1891.34,4.2,0,1,4.7
O00280,C0327,V075,P0059,2025-11-14,4,2517.55,1.4,0,0,4.3
O00281,C1129,V006,P0066,2025-07-01,1,577.3,5.6,0,0,4.0
O00282,C1839,V078,P0968,2025-11-12,3,1003.09,2.7,0,0,3.0
O00283,C1388,V019,P0815,2025-11-03,1,364.25,4.0,0,0,4.3
O00284,C1921,V026,P0979,2025-04-23,2,1559.15,4.6,0,0,4.0
O00285,C1025,V031,P0223,2025-04-28,3,1724.05,2.4,0,0,3.8
O00286,C0901,V073,P0604,2025-04-27,1,981.73,4.3,0,0,5.0
O00287,C1899,V012,P0516,2025-07-17,1,763.44,3.7,1,0,4.0
O00288,C0932,V074,P0134,2025-05-01,2,1853.89,5.7,0,0,4.1
O00289,C0204,V096,P0304,2025-10-12,1,433.87,7.2,0,0,3.9
O00290,C1474,V076,P0602,2025-08-08,3,4336.05,2.8,0,0,4.8
O00291,C1150,V077,P0305,2025-04-01,3,1978.61,3.6,1,0,3.7
O00292,C0704,V046,P0438,2025-01-16,3,2523.25,3.3,0,0,3.4
O00293,C1149,V077,P0250,2025-02-01,4,2817.31,7.8,0,0,3.8
O00294,C0760,V083,P0460,2025-06-24,1,1387.6,2.7,0,0,4.7
O00295,C1718,V050,P0882,2025-11-29,2,1708.94,4.0,0,0,4.6
O00296,C1043,V043,P0073,2025-11-04,2,482.52,6.5,0,0,4.3
O00297,C0026,V097,P0697,2025-05-22,5,1343.25,6.3,0,0,4.3
O00298,C0475,V003,P0895,2025-07-01,3,643.54,4.7,0,1,3.8
O00299,C1295,V008,P0398,2025-01-07,2,601.98,4.1,0,0,4.2
O00300,C2325,V001,P0441,2025-06-04,3,1106.91,4.7,0,0,4.4
O00301,C1896,V036,P0608,2025-11-05,1,539.74,6.0,0,0,3.7
O00302,C2413,V096,P0266,2025-08-11,1,637.71,5.3,1,0,4.7
O00303,C0771,V065,P0771,2025-11-07,2,1542.52,4.3,0,0,4.2
O00304,C1277,V055,P0801,2025-11-14,1,759.07,5.0,0,0,4.0
O00305,C2251,V047,P0069,2025-04-25,3,1534.04,3.6,0,0,4.6
O00306,C0412,V046,P0443,2025-09-21,5,2438.67,2.9,0,0,4.1
O00307,C0730,V086,P0809,2025-08-29,4,3829.67,2.5,0,0,4.6
O00308,C1852,V058,P0963,2025-06-02,2,820.57,2.4,0,0,3.9
O00309,C0748,V062,P0037,2025-05-17,1,148.61,3.5,0,1,3.9
O00310,C1075,V030,P0170,2025-06-18,1,1642.96,1.9,0,0,4.0
O00311,C1155,V020,P0470,2025-09-13,1,696.98,3.8,0,0,3.7
O00312,C2407,V014,P0421,2025-08-29,1,842.2,3.7,0,0,3.8
O00313,C1422,V071,P0562,2025-04-11,1,543.24,2.2,0,0,4.3
O00314,C2396,V063,P0397,2025-08-11,2,791.99,1.1,0,0,4.5
O00315,C0420,V075,P0169,2025-10-14,3,2888.54,2.8,0,0,3.8
O00316,C1670,V053,P0710,2025-01-20,1,1458.64,5.5,1,0,4.0
O00317,C0115,V088,P0036,2025-07-23,5,6336.3,5.7,0,0,4.0
O00318,C0315,V037,P0785,2025-07-25,2,744.79,2.5,0,0,4.1
O00319,C0818,V002,P0237,2025-08-16,2,836.83,3.6,0,0,3.3
O00320,C0332,V044,P0875,2025-01-07,2,915.03,4.9,0,0,3.8
O00321,C1273,V023,P0902,2025-02-04,1,844.37,4.3,0,0,5.0
O00322,C0321,V035,P0110,2025-03-30,5,5825.28,4.2,0,0,3.6
O00323,C1120,V051,P0016,2025-04-05,3,1955.29,2.0,0,0,4.6
O00324,C1614,V002,P0202,2025-12-30,2,1022.82,4.9,0,0,4.4
O00325,C0534,V022,P0766,2025-01-08,2,3184.36,7.0,0,0,3.9
O00326,C0428,V059,P0775,2025-10-05,3,1238.78,3.7,0,0,3.2
O00327,C0561,V051,P0016,2025-01-24,1,526.18,3.0,0,0,4.0
O00328,C1780,V028,P0489,2025-07-27,1,850.54,2.8,0,1,3.5
O00329,C1853,V089,P0057,2025-08-18,1,475.88,2.9,1,0,4.1
O00330,C0813,V038,P0845,2025-02-06,2,1527.89,3.0,1,0,4.6
O00331,C1514,V038,P0203,2025-09-13,4,3126.83,5.5,0,0,4.5
O00332,C0618,V069,P0259,2025-04-29,1,798.45,5.4,0,0,4.1
O00333,C0530,V012,P0891,2025-12-17,4,2425.8,3.9,0,0,3.5
O00334,C0012,V046,P0505,2025-08-05,1,429.44,5.2,1,0,3.5
O00335,C1879,V072,P0994,2025-03-17,1,473.98,3.9,0,0,4.6
O00336,C1213,V087,P0648,2025-09-23,1,861.77,3.9,0,0,4.7
O00337,C1205,V060,P0995,2025-10-25,2,693.45,3.6,0,0,3.8
O00338,C2147,V043,P0020,2025-08-16,2,1937.44,6.8,0,0,3.1
O00339,C2400,V061,P0652,2025-08-23,1,925.02,5.4,0,0,4.2
O00340,C1222,V051,P0639,2025-10-18,1,455.22,4.4,0,0,4.3
O00341,C2430,V046,P0505,2025-05-29,2,737.17,3.5,0,0,3.6
O00342,C2231,V058,P0824,2025-05-10,2,1486.79,3.7,0,0,3.9
O00343,C0099,V005,P0350,2025-01-26,1,1188.86,4.1,0,0,4.2
O00344,C0608,V063,P0930,2025-02-12,5,6950.72,4.4,0,0,4.6
O00345,C0817,V098,P0996,2025-06-12,4,3453.01,1.3,0,0,4.4
O00346,C1766,V023,P0828,2025-01-09,4,1460.43,3.9,0,0,4.6
O00347,C1744,V087,P0395,2025-10-08,1,242.78,3.9,0,0,4.6
O00348,C1484,V038,P0830,2025-08-03,1,597.37,3.3,0,0,5.0
O00349,C0903,V023,P0902,2025-03-09,2,1809.7,3.1,0,0,5.0
O00350,C1766,V012,P0987,2025-08-14,1,656.07,5.5,0,0,4.6
O00351,C0416,V007,P0329,2025-07-25,8,4923.42,3.6,0,0,4.4
O00352,C1066,V014,P0897,2025-01-04,1,1194.56,1.8,0,0,4.7
O00353,C0961,V079,P0773,2025-10-09,2,720.33,2.9,0,0,4.5
O00354,C1973,V096,P0997,2025-03-16,1,873.72,4.6,1,0,4.4
O00355,C0162,V070,P0941,2025-04-15,3,1319.57,4.9,0,0,4.3
O00356,C1945,V064,P0717,2025-04-22,1,412.92,4.0,1,0,4.0
O00357,C2450,V095,P0002,2025-02-06,4,1269.87,5.9,0,0,4.2
O00358,C0369,V054,P0498,2025-05-11,4,1982.44,5.8,0,1,5.0
O00359,C2229,V039,P0462,2025-08-23,1,679.05,4.3,1,0,4.6
O00360,C0401,V084,P0573,2025-07-07,1,494.95,5.4,0,0,3.4
O00361,C1958,V050,P0882,2025-04-09,4,3422.29,3.2,0,0,4.6
O00362,C2030,V041,P0040,2025-01-14,2,1569.22,1.9,0,0,3.7
O00363,C1522,V093,P0491,2025-05-06,1,478.67,3.8,0,0,4.0
O00364,C1909,V100,P0010,2025-12-27,2,2237.29,3.9,0,0,4.4
O00365,C0739,V009,P0568,2025-07-12,3,2074.25,5.5,0,0,3.8
O00366,C0542,V072,P0479,2025-04-15,1,393.91,5.8,0,0,3.9
O00367,C0944,V051,P0810,2025-06-10,1,360.24,5.8,0,0,4.5
O00368,C2309,V094,P0137,2025-10-25,5,2136.22,4.1,0,0,4.6
O00369,C0028,V022,P0766,2025-09-17,5,6759.35,6.0,0,0,3.2
O00370,C2212,V061,P0937,2025-01-29,2,1082.18,6.3,0,0,4.1
O00371,C0441,V034,P0520,2025-03-18,3,461.56,6.0,0,0,3.6
O00372,C0124,V059,P0569,2025-02-25,3,1569.86,3.6,0,0,4.2
O00373,C0298,V020,P0090,2025-02-24,3,2248.08,3.3,0,0,3.8
O00374,C0360,V076,P0104,2025-11-07,3,1813.97,4.1,0,0,4.9
O00375,C1547,V091,P0239,2025-04-07,3,1610.92,3.7,0,0,3.5
O00376,C0579,V001,P0702,2025-06-25,1,696.27,6.0,0,0,4.8
O00377,C0329,V011,P0924,2025-10-27,7,4257.36,5.7,0,0,4.3
O00378,C1703,V084,P0278,2025-12-25,3,1473.31,6.6,0,0,3.0
O00379,C1738,V094,P0998,2025-08-05,2,906.04,2.5,0,0,4.4
O00380,C0607,V038,P0203,2025-07-06,3,2588.0,3.7,0,0,4.3
O00381,C0358,V089,P0108,2025-07-09,1,336.74,3.4,0,0,4.0
O00382,C0849,V072,P0005,2025-12-24,2,1001.62,6.0,0,0,4.5
O00383,C1148,V084,P0220,2025-07-29,6,5459.03,8.1,0,0,3.9
O00384,C2239,V066,P0138,2025-12-07,3,3410.05,4.2,1,0,5.0
O00385,C0836,V003,P0587,2025-08-28,1,803.2,2.7,0,0,3.9
O00386,C1786,V038,P0561,2025-10-07,2,817.46,5.1,0,0,4.2
O00387,C0756,V027,P0394,2025-10-14,2,1160.38,2.9,0,0,4.2
O00388,C0488,V074,P0222,2025-10-29,4,2625.29,4.8,1,0,4.8
O00389,C0828,V048,P0051,2025-09-23,3,2276.65,5.7,0,0,3.6
O00390,C1065,V069,P0550,2025-01-26,3,1746.59,3.2,0,0,3.9
O00391,C0763,V100,P0549,2025-09-21,2,1141.83,2.9,0,1,4.8
O00392,C2063,V046,P0438,2025-12-12,3,2609.98,3.5,0,0,3.9
O00393,C1778,V045,P0960,2025-08-25,1,724.96,4.5,0,0,5.0
O00394,C1040,V076,P0419,2025-11-11,3,2001.53,5.5,1,0,4.3
O00395,C2391,V051,P0016,2025-11-08,2,1229.08,1.4,0,0,4.8
O00396,C0139,V068,P0197,2025-01-29,6,6184.34,3.7,1,0,3.5
O00397,C0787,V065,P0649,2025-05-29,1,462.25,5.2,0,0,4.3
O00398,C1847,V027,P0181,2025-03-31,2,1189.55,2.5,0,0,3.4
O00399,C2479,V069,P0365,2025-08-20,2,965.79,3.2,0,0,3.3
O00400,C0702,V038,P0478,2025-10-09,2,777.24,3.3,0,0,4.5
O00401,C0779,V071,P0280,2025-05-11,4,3715.16,3.5,0,0,3.7
O00402,C0206,V032,P0643,2025-06-01,4,3630.01,4.5,0,0,5.0
O00403,C1781,V047,P0069,2025-11-29,2,898.21,4.0,0,0,4.3
O00404,C0859,V052,P0911,2025-07-26,1,961.88,4.0,1,0,4.3
O00405,C0453,V057,P0732,2025-01-01,2,1833.45,2.6,0,0,4.7
O00406,C1860,V021,P0610,2025-08-09,1,574.17,4.0,0,0,4.0
O00407,C2165,V009,P0188,2025-05-28,1,593.65,4.6,1,0,4.2
O00408,C1233,V077,P0067,2025-03-06,1,293.13,4.1,0,0,4.4
O00409,C0036,V017,P0769,2025-04-01,4,2294.48,1.0,0,0,4.3
O00410,C0245,V002,P0237,2025-06-08,2,871.89,3.6,0,0,3.4
O00411,C1127,V096,P0174,2025-08-25,5,1596.91,5.2,1,0,3.5
O00412,C2094,V072,P0994,2025-09-04,6,3497.58,4.4,0,0,4.2
O00413,C1993,V069,P0750,2025-01-02,1,756.18,5.2,0,0,4.2
O00414,C1135,V011,P0924,2025-11-28,2,999.54,5.3,0,0,4.1
O00415,C1933,V093,P0920,2025-08-11,1,433.13,3.8,0,0,4.3
O00416,C1683,V062,P0302,2025-06-26,4,1171.36,5.7,0,0,3.3
O00417,C2303,V097,P0751,2025-11-05,2,555.49,7.9,0,0,4.5
O00418,C0190,V095,P0264,2025-02-14,6,6244.33,6.1,0,0,4.5
O00419,C0162,V005,P0105,2025-07-30,1,364.86,2.3,0,0,4.6
O00420,C0967,V062,P0834,2025-04-02,2,625.43,4.2,0,0,4.5
O00421,C1250,V062,P0037,2025-04-21,1,166.2,5.8,0,0,4.4
O00422,C2432,V094,P0046,2025-11-22,2,780.9,6.0,0,0,4.3
O00423,C1288,V074,P0546,2025-05-29,1,635.22,3.9,0,0,4.2
O00424,C0307,V006,P0066,2025-01-27,4,2633.43,7.2,0,0,4.6
O00425,C1679,V089,P0415,2025-06-20,3,2536.53,3.5,0,0,4.7
O00426,C0557,V042,P0802,2025-10-14,1,427.57,5.1,0,0,4.6
O00427,C1749,V026,P0857,2025-09-24,2,3107.9,3.7,0,0,5.0
O00428,C2004,V089,P0898,2025-12-31,2,2178.79,5.0,0,0,3.6
O00429,C0783,V070,P0440,2025-04-02,3,3354.78,3.3,0,0,4.7
O00430,C1283,V042,P0802,2025-09-30,2,1002.4,3.2,0,0,4.0
O00431,C0636,V066,P0490,2025-11-29,3,1889.55,2.5,0,0,5.0
O00432,C2372,V078,P0841,2025-06-22,3,1562.83,3.5,0,0,3.2
O00433,C1424,V041,P0404,2025-09-10,1,678.61,4.0,0,0,4.1
O00434,C0165,V068,P0042,2025-10-12,3,1827.64,4.0,0,0,4.3
O00435,C0932,V001,P0482,2025-03-04,3,840.52,5.4,0,0,4.2
O00436,C1798,V006,P0676,2025-08-22,2,974.55,8.0,0,0,3.1
O00437,C1477,V095,P0414,2025-10-17,3,3006.49,5.7,0,0,4.0
O00438,C1590,V034,P0140,2025-11-17,2,1698.36,3.7,0,0,3.6
O00439,C0233,V024,P0817,2025-07-23,2,602.44,5.2,0,1,3.6
O00440,C0255,V043,P0657,2025-05-08,1,694.3,4.6,0,0,4.2
O00441,C0200,V086,P0551,2025-08-08,2,988.36,5.4,0,0,4.4
O00442,C2145,V038,P0348,2025-07-08,2,432.34,3.1,0,0,3.6
O00443,C2036,V026,P0476,2025-01-06,3,637.76,3.2,0,0,4.3
O00444,C0935,V015,P0327,2025-10-12,5,3822.09,5.7,0,0,4.8
O00445,C2294,V100,P0176,2025-02-22,3,1883.65,4.0,0,0,4.7
O00446,C0857,V068,P0039,2025-04-28,1,377.53,4.4,0,0,4.1
O00447,C1686,V084,P0220,2025-07-01,4,3233.33,4.7,0,0,3.6
O00448,C1243,V042,P0802,2025-09-05,2,1158.7,5.0,0,1,4.3
O00449,C0036,V003,P0023,2025-08-03,4,4503.18,3.9,0,0,4.5
O00450,C0046,V044,P0379,2025-03-07,1,406.46,5.0,0,0,4.5
O00451,C1042,V003,P0587,2025-05-14,2,1517.02,3.2,1,0,3.8
O00452,C1744,V050,P0099,2025-09-12,1,167.14,4.9,0,0,4.4
O00453,C2145,V034,P0981,2025-08-06,1,541.82,1.2,0,0,4.0
O00454,C0154,V025,P0712,2025-08-05,3,610.75,4.1,0,0,4.9
O00455,C2118,V071,P0592,2025-05-08,1,690.02,2.8,0,0,4.6
O00456,C0381,V077,P0062,2025-11-08,3,943.64,4.4,0,0,4.4
O00457,C2385,V026,P0272,2025-08-10,1,597.72,4.5,0,0,4.5
O00458,C1088,V063,P0321,2025-06-21,6,2062.22,2.0,1,0,4.7
O00459,C0070,V002,P0781,2025-02-01,2,1795.21,3.4,0,0,3.2
O00460,C0609,V004,P0047,2025-03-23,2,1256.73,4.7,1,0,4.1
O00461,C1378,V038,P0203,2025-01-07,4,3188.37,2.7,0,0,4.8
O00462,C2394,V004,P0297,2025-07-15,3,969.06,3.2,1,0,4.1
O00463,C2077,V051,P0687,2025-11-26,1,382.53,4.0,0,0,4.2
O00464,C0086,V011,P0823,2025-09-26,1,574.27,2.7,0,0,4.8
O00465,C0416,V033,P0017,2025-08-06,1,1097.44,6.0,1,0,3.6
O00466,C1623,V002,P0783,2025-06-04,1,400.29,4.6,0,0,3.8
O00467,C2185,V090,P0919,2025-01-06,2,1879.97,3.4,0,0,3.9
O00468,C2185,V066,P0102,2025-05-11,3,1977.11,2.1,1,0,4.3
O00469,C1577,V020,P0071,2025-12-16,2,621.69,4.7,0,0,3.6
O00470,C1561,V092,P0152,2025-02-26,5,3652.69,4.8,0,0,4.2
O00471,C0970,V021,P0127,2025-07-10,3,926.32,5.3,0,0,3.6
O00472,C1542,V044,P0379,2025-10-26,1,467.86,5.1,0,0,4.6
O00473,C1581,V048,P0558,2025-09-21,4,2653.69,4.9,0,0,4.7
O00474,C0659,V047,P0435,2025-10-26,3,1689.27,4.9,0,0,3.6
O00475,C1338,V070,P0251,2025-06-11,6,5584.98,6.2,0,0,3.8
O00476,C0571,V062,P0515,2025-08-02,4,2315.74,4.6,0,0,4.1
O00477,C0733,V063,P0072,2025-04-07,1,816.17,1.8,0,0,4.5
O00478,C2011,V100,P0382,2025-11-22,4,1334.28,5.2,1,0,3.7
O00479,C0219,V017,P0403,2025-12-25,2,1581.04,3.9,1,0,3.8
O00480,C0346,V093,P0491,2025-03-31,3,1168.06,4.4,0,0,4.1
O00481,C0696,V011,P0896,2025-02-10,3,1094.61,5.3,0,0,4.1
O00482,C1004,V025,P0370,2025-03-15,2,540.5,4.8,0,0,4.0
O00483,C2378,V013,P0412,2025-08-13,4,1789.3,4.1,1,0,4.1
O00484,C0490,V024,P0817,2025-04-24,1,310.3,5.0,0,0,4.0
O00485,C0735,V050,P0703,2025-04-21,4,3520.65,4.9,0,1,4.6
O00486,C1457,V022,P0125,2025-09-21,4,2711.43,5.9,1,0,4.1
O00487,C1171,V067,P0410,2025-10-20,3,1694.03,5.2,0,0,4.1
O00488,C1963,V038,P0888,2025-04-22,3,3174.89,3.6,1,0,4.0
O00489,C0313,V071,P0121,2025-01-15,4,1555.01,3.9,0,0,4.1
O00490,C1364,V074,P0282,2025-09-11,3,1722.7,2.2,0,0,5.0
O00491,C0846,V086,P0411,2025-12-26,1,771.77,2.8,0,0,3.3
O00492,C1597,V013,P0763,2025-06-07,3,1796.47,2.8,0,0,4.7
O00493,C1789,V066,P0432,2025-12-26,1,555.99,4.8,1,0,4.3
O00494,C0825,V041,P0463,2025-07-28,2,846.13,3.4,0,0,3.2
O00495,C0610,V054,P0027,2025-07-30,2,687.97,3.9,0,0,4.3
O00496,C0456,V099,P0070,2025-09-20,3,892.53,4.3,0,0,4.5
O00497,C0184,V083,P0932,2025-11-17,4,1472.27,3.8,0,0,3.8
O00498,C0994,V041,P0091,2025-08-15,4,1601.06,3.2,0,0,3.6
O00499,C1032,V063,P0992,2025-03-05,1,442.86,1.0,0,0,3.9
O00500,C1553,V040,P0913,2025-02-16,1,357.63,3.6,0,0,4.4
O00501,C2015,V014,P0421,2025-07-20,2,1453.84,2.8,0,0,3.9
O00502,C0787,V089,P0589,2025-05-09,1,656.43,3.6,0,0,4.1
O00503,C1486,V005,P0962,2025-01-01,2,1399.61,3.1,0,0,3.8
O00504,C1730,V017,P0089,2025-07-24,3,2517.46,3.6,0,0,3.8
O00505,C0642,V021,P0635,2025-07-13,1,767.91,4.5,0,0,4.8
O00506,C1835,V054,P0308,2025-12-16,2,561.29,6.5,0,0,4.1
O00507,C2082,V080,P0883,2025-09-23,1,590.29,5.6,0,0,3.7
O00508,C0672,V032,P0367,2025-01-04,1,443.47,6.1,0,0,4.2
O00509,C1617,V022,P0945,2025-03-26,1,1052.89,3.9,0,0,4.4
O00510,C0947,V055,P0552,2025-09-28,4,2031.03,3.0,0,0,5.0
O00511,C1472,V006,P0056,2025-12-18,1,293.52,4.0,0,0,4.0
O00512,C0531,V066,P0035,2025-09-30,1,827.56,2.9,0,0,4.4
O00513,C2223,V014,P0421,2025-02-24,5,3151.98,1.8,0,0,3.4
O00514,C1563,V097,P0256,2025-05-02,4,2609.12,5.0,0,0,3.6
O00515,C0969,V044,P0379,2025-11-19,5,2448.9,4.9,0,0,4.5
O00516,C0862,V021,P0819,2025-03-09,1,341.07,2.6,0,0,4.3
O00517,C1568,V035,P0574,2025-05-05,1,298.11,5.6,1,0,4.2
O00518,C2075,V053,P0257,2025-11-11,3,2130.16,5.3,0,0,4.0
O00519,C2237,V068,P0797,2025-08-02,1,688.1,5.0,0,1,3.7
O00520,C1652,V005,P0270,2025-10-20,2,942.23,4.3,0,0,4.3
O00521,C2323,V091,P0642,2025-06-23,1,625.59,4.4,0,0,3.6
O00522,C0349,V058,P0963,2025-07-27,2,830.48,2.7,0,0,4.4
O00523,C0405,V092,P0980,2025-06-12,4,2652.36,7.5,0,0,4.9
O00524,C1025,V073,P0959,2025-08-02,5,2163.78,5.5,0,0,3.7
O00525,C2039,V089,P0415,2025-04-23,4,3050.15,4.5,0,0,4.6
O00526,C0022,V034,P0981,2025-01-25,4,1715.48,3.8,0,0,3.8
O00527,C0125,V031,P0884,2025-12-13,2,938.63,1.0,0,0,4.7
O00528,C0549,V061,P0119,2025-02-06,3,1228.77,6.2,0,0,4.6
O00529,C0548,V083,P0528,2025-02-19,5,4354.48,4.5,0,0,3.1
O00530,C0822,V014,P0897,2025-11-29,1,999.29,1.6,0,0,4.5
O00531,C1235,V047,P0245,2025-05-09,3,1585.71,3.7,0,0,3.4
O00532,C1145,V059,P0622,2025-02-21,3,1252.08,3.1,0,0,4.0
O00533,C1308,V079,P0303,2025-12-18,1,466.73,2.3,0,0,4.8
O00534,C1470,V096,P0388,2025-08-02,1,685.99,5.9,0,0,4.2
O00535,C1369,V011,P0823,2025-09-23,3,1805.33,5.2,0,0,4.1
O00536,C0488,V069,P0711,2025-04-06,3,814.34,3.3,0,0,3.6
O00537,C1510,V078,P0218,2025-03-20,1,346.4,5.4,0,0,4.6
O00538,C1155,V044,P0379,2025-07-01,2,947.2,4.2,0,0,5.0
O00539,C0727,V081,P0912,2025-03-22,2,1167.49,4.1,0,0,4.1
O00540,C0271,V040,P0790,2025-02-20,2,776.37,2.6,0,0,4.2
O00541,C0742,V081,P0861,2025-10-21,4,1640.79,3.5,0,0,4.2
O00542,C0797,V044,P0279,2025-03-24,1,995.93,3.1,0,0,4.7
O00543,C2310,V082,P0426,2025-06-17,1,832.38,5.1,0,0,3.5
O00544,C1137,V030,P0013,2025-07-24,3,588.19,3.6,0,0,3.2
O00545,C2268,V039,P0455,2025-04-12,3,2610.88,5.0,0,0,3.9
O00546,C1579,V054,P0506,2025-07-25,3,2083.31,7.3,0,0,4.7
O00547,C1927,V069,P0990,2025-03-24,4,3074.78,4.0,0,0,4.1
O00548,C0662,V058,P0247,2025-11-16,3,1002.38,4.9,0,0,4.1
O00549,C0329,V030,P0246,2025-08-15,1,501.68,4.2,0,0,4.0
O00550,C0584,V027,P0870,2025-04-05,3,1345.03,3.8,0,0,4.2
O00551,C2485,V036,P0603,2025-09-14,3,1013.23,5.0,1,0,3.4
O00552,C1392,V014,P0725,2025-09-26,4,1790.81,1.3,0,0,4.8
O00553,C0778,V072,P0994,2025-09-08,2,1218.52,4.8,0,0,4.7
O00554,C2206,V081,P0912,2025-01-22,2,879.44,3.9,0,0,4.1
O00555,C1223,V022,P0145,2025-02-08,3,799.83,4.3,1,0,3.5
O00556,C1861,V082,P0426,2025-01-16,2,1602.23,4.7,0,0,4.2
O00557,C0157,V020,P0090,2025-10-01,2,1506.43,3.4,0,0,3.6
O00558,C2221,V054,P0383,2025-10-16,1,385.24,5.0,0,0,4.7
O00559,C1228,V016,P0344,2025-10-03,1,1673.96,6.1,0,1,4.7
O00560,C0591,V084,P0570,2025-04-11,2,1399.68,4.6,0,0,3.8
O00561,C0174,V040,P0913,2025-10-28,1,369.73,3.8,0,0,4.4
O00562,C1913,V077,P0067,2025-08-03,7,2178.42,5.4,0,0,4.6
O00563,C1273,V059,P0969,2025-05-07,4,1801.15,4.8,0,0,4.0
O00564,C0836,V037,P0249,2025-09-10,3,514.03,1.5,0,0,4.3
O00565,C0367,V063,P0992,2025-09-19,1,398.73,3.0,0,0,4.6
O00566,C1140,V011,P0924,2025-03-15,3,1647.54,3.7,0,0,4.4
O00567,C0420,V019,P0815,2025-05-21,5,1648.15,2.2,0,0,4.7
O00568,C1888,V031,P0277,2025-06-30,2,2320.53,2.9,0,0,3.9
O00569,C0334,V041,P0951,2025-02-26,2,1925.98,3.3,1,0,3.9
O00570,C0869,V099,P0070,2025-10-07,1,333.38,5.0,0,1,4.2
O00571,C0959,V061,P0078,2025-04-17,3,670.02,5.4,0,0,4.1
O00572,C1145,V044,P0030,2025-04-14,2,1171.07,5.4,0,0,4.1
O00573,C0068,V088,P0318,2025-11-06,2,1985.5,3.0,0,1,5.0
O00574,C0417,V095,P0120,2025-08-03,3,1353.1,6.3,0,1,4.4
O00575,C1009,V020,P0715,2025-06-23,3,2325.52,3.5,0,0,3.2
O00576,C0450,V099,P0986,2025-03-10,1,550.46,4.0,0,0,3.8
O00577,C0887,V076,P0104,2025-04-06,1,570.38,2.4,0,0,3.7
O00578,C1494,V026,P0408,2025-10-10,2,896.1,4.0,0,0,4.3
O00579,C0892,V038,P0080,2025-01-22,1,278.42,5.8,1,0,3.3
O00580,C1155,V087,P0008,2025-08-04,4,1932.22,4.9,0,0,4.2
O00581,C0233,V044,P0903,2025-11-13,1,901.72,4.9,0,0,4.2
O00582,C2042,V051,P0935,2025-01-09,6,5357.62,2.7,0,0,4.5
O00583,C1904,V095,P0118,2025-02-13,5,4995.36,5.3,0,0,4.2
O00584,C1157,V001,P0482,2025-12-10,2,627.43,5.5,1,0,4.0
O00585,C2343,V074,P0714,2025-07-16,1,1129.08,1.0,0,0,3.6
O00586,C2364,V091,P0642,2025-05-24,2,1550.51,3.5,0,0,4.0
O00587,C0772,V053,P0128,2025-11-11,3,1709.56,5.1,0,0,3.8
O00588,C1503,V044,P0796,2025-02-15,3,1904.83,3.8,0,0,4.8
O00589,C1133,V065,P0252,2025-07-18,1,664.36,1.9,0,1,2.9
O00590,C0128,V055,P0555,2025-02-27,3,1661.7,3.2,0,1,4.4
O00591,C0633,V066,P0172,2025-01-22,4,2576.32,4.0,0,0,4.4
O00592,C0129,V012,P0516,2025-04-11,2,1732.48,2.0,0,0,4.4
O00593,C0643,V086,P0269,2025-11-14,1,438.48,4.5,1,0,4.4
O00594,C1254,V083,P0640,2025-06-09,4,2626.36,4.0,1,0,4.0
O00595,C0112,V038,P0888,2025-09-28,2,1812.18,4.8,0,0,4.5
O00596,C0764,V061,P0078,2025-10-04,2,438.49,5.9,0,0,4.0
O00597,C0517,V083,P0893,2025-07-01,4,1596.77,6.7,0,0,3.6
O00598,C0020,V051,P0117,2025-02-25,2,601.19,4.2,0,1,3.4
O00599,C2267,V034,P0079,2025-04-20,2,925.4,4.8,0,1,2.8
O00600,C1177,V030,P0170,2025-12-27,4,5824.09,3.6,0,0,4.4
O00601,C2475,V024,P0699,2025-09-12,3,2696.77,3.6,0,0,3.5
O00602,C0092,V073,P0767,2025-03-10,1,568.81,4.0,0,0,3.5
O00603,C0707,V086,P0160,2025-09-21,2,3531.28,5.6,0,1,3.9
O00604,C2374,V008,P0398,2025-02-17,1,365.25,2.9,0,0,4.0
O00605,C0269,V041,P0585,2025-12-15,2,1637.56,2.3,0,0,4.1
O00606,C0216,V015,P0147,2025-05-24,1,1210.85,3.2,0,0,3.6
O00607,C1513,V096,P0539,2025-03-27,1,962.58,3.0,0,0,3.7
O00608,C2041,V041,P0306,2025-03-21,1,178.85,4.0,0,0,3.5
O00609,C1320,V056,P0646,2025-04-16,3,877.21,3.8,0,0,3.5
O00610,C0751,V073,P0617,2025-05-18,2,847.97,6.4,0,0,3.8
O00611,C1885,V058,P0808,2025-01-10,1,379.02,3.2,1,0,4.0
O00612,C1926,V058,P0824,2025-09-18,2,1454.86,3.8,0,0,4.4
O00613,C1307,V053,P0710,2025-11-19,3,5126.53,4.3,0,0,3.8
O00614,C1676,V037,P0654,2025-12-10,5,3397.71,4.0,0,0,4.4
O00615,C0625,V100,P0010,2025-11-21,1,1178.93,3.7,0,0,4.3
O00616,C0205,V080,P0866,2025-12-21,1,376.33,2.3,0,0,3.5
O00617,C2036,V070,P0709,2025-09-11,2,807.26,4.6,0,0,3.8
O00618,C0817,V063,P0838,2025-11-01,2,1500.69,1.0,0,1,4.2
O00619,C1446,V054,P0393,2025-10-25,4,3523.43,4.7,0,0,5.0
O00620,C0875,V081,P0912,2025-04-11,1,528.97,4.7,1,0,4.0
O00621,C0433,V095,P0656,2025-06-06,1,272.5,4.7,0,0,4.6
O00622,C1576,V047,P0548,2025-07-06,2,2303.13,4.1,0,0,3.7
O00623,C0958,V057,P0366,2025-09-15,2,544.71,3.9,0,0,4.6
O00624,C0639,V094,P0879,2025-05-30,1,501.33,2.3,0,0,3.5
O00625,C0808,V009,P0653,2025-07-10,1,413.98,3.6,0,0,4.7
O00626,C1350,V013,P0547,2025-12-11,3,1188.53,2.2,1,0,4.4
O00627,C0348,V050,P0743,2025-01-28,2,691.1,4.4,0,0,4.1
O00628,C2117,V020,P0154,2025-04-23,1,627.3,4.8,0,0,3.8
O00629,C0227,V002,P0716,2025-05-13,1,339.88,4.3,0,0,4.3
O00630,C2321,V025,P0196,2025-10-14,1,365.5,3.4,0,1,4.6
O00631,C0897,V005,P0270,2025-04-02,2,941.87,4.0,0,0,4.4
O00632,C2209,V019,P0187,2025-09-16,3,1395.61,3.3,0,0,3.8
O00633,C0663,V040,P0041,2025-06-02,1,595.5,4.3,0,0,3.6
O00634,C0050,V041,P0306,2025-06-12,3,526.94,3.2,0,1,3.8
O00635,C0030,V100,P0097,2025-10-11,1,794.82,3.2,0,0,3.4
O00636,C0197,V044,P0392,2025-10-29,4,3319.75,4.4,0,0,4.0
O00637,C1431,V091,P0644,2025-08-31,2,610.89,5.6,0,0,2.9
O00638,C0214,V005,P0511,2025-03-11,2,741.88,3.1,0,1,4.4
O00639,C0874,V093,P0599,2025-11-07,1,956.04,3.2,0,0,3.9
O00640,C1059,V010,P0050,2025-11-16,4,1389.63,5.8,0,0,4.0
O00641,C1233,V082,P0878,2025-02-22,2,1028.6,2.3,0,0,4.6
O00642,C0741,V051,P0935,2025-01-04,3,2595.44,2.9,0,0,4.5
O00643,C2481,V063,P0397,2025-03-25,1,447.22,1.2,0,0,3.7
O00644,C1801,V040,P0790,2025-12-27,1,428.73,4.1,0,0,3.8
O00645,C1921,V050,P0703,2025-04-26,1,781.47,6.2,0,0,4.1
O00646,C2422,V079,P0326,2025-11-25,3,931.69,4.0,0,0,4.1
O00647,C1777,V019,P0396,2025-04-19,1,327.21,5.7,0,0,3.9
O00648,C0101,V033,P0629,2025-11-30,2,1330.09,4.6,0,0,3.9
O00649,C1644,V038,P0738,2025-01-22,3,707.57,5.5,0,0,4.4
O00650,C0867,V080,P0866,2025-04-05,2,713.48,5.9,0,0,3.7
O00651,C0419,V087,P0565,2025-02-22,3,1156.59,4.4,0,0,3.6
O00652,C0321,V035,P0211,2025-01-27,3,1885.61,4.3,0,0,3.8
O00653,C0012,V097,P0456,2025-09-29,2,763.59,5.4,0,0,3.8
O00654,C0128,V073,P0976,2025-07-14,1,430.78,5.7,0,0,4.0
O00655,C2390,V095,P0215,2025-11-18,2,1448.13,5.2,0,0,5.0
O00656,C2452,V090,P0219,2025-11-08,1,375.77,5.0,0,0,3.5
O00657,C1696,V034,P0981,2025-07-24,1,447.38,1.0,0,0,4.5
O00658,C0229,V008,P0376,2025-11-24,5,4189.77,4.3,0,0,4.7
O00659,C0206,V027,P0309,2025-10-23,1,429.11,3.9,0,0,3.8
O00660,C1562,V012,P0593,2025-02-21,1,679.5,3.9,0,0,4.4
O00661,C2273,V019,P0275,2025-08-12,2,677.37,3.3,0,0,4.5
O00662,C0693,V013,P0763,2025-12-07,1,508.83,3.5,0,0,4.7
O00663,C0373,V086,P0551,2025-08-14,1,405.23,4.4,0,0,4.3
O00664,C0753,V079,P0773,2025-03-15,1,320.75,2.4,0,1,4.7
O00665,C0825,V076,P0031,2025-08-01,4,2483.97,3.9,0,1,4.2
O00666,C1677,V031,P0223,2025-02-24,4,2445.61,5.4,0,0,4.2
O00667,C0832,V031,P0613,2025-05-18,1,901.8,3.0,0,0,4.8
O00668,C1348,V046,P0292,2025-12-13,3,1708.45,2.5,1,0,3.6
O00669,C2429,V091,P0707,2025-03-16,1,880.96,3.5,1,0,3.2
O00670,C2165,V089,P0779,2025-12-02,1,593.22,2.4,0,0,4.6
O00671,C1230,V057,P0351,2025-05-09,2,1211.6,5.7,0,0,3.7
O00672,C2440,V042,P0268,2025-05-12,3,2305.19,5.3,0,1,4.7
O00673,C0355,V098,P0996,2025-12-12,5,3777.29,4.9,0,0,4.4
O00674,C0279,V065,P0507,2025-02-25,3,1658.68,3.3,0,0,3.5
O00675,C0598,V051,P0639,2025-12-26,4,1819.48,5.2,0,0,4.5
O00676,C1451,V051,P0935,2025-01-29,3,2456.04,5.6,0,0,4.8
O00677,C0368,V071,P0015,2025-11-19,1,498.08,2.0,0,0,3.8
O00678,C0734,V029,P0474,2025-08-06,4,3036.29,3.6,0,0,3.4
O00679,C2339,V064,P0812,2025-12-27,6,4699.96,5.2,0,0,4.1
O00680,C0468,V004,P0944,2025-12-19,1,224.76,1.0,0,0,4.1
O00681,C2257,V058,P0634,2025-03-03,4,2742.27,3.3,1,0,4.7
O00682,C1793,V069,P0711,2025-02-21,2,499.58,2.9,0,0,4.3
O00683,C1416,V011,P0851,2025-11-12,4,3755.71,4.1,0,0,4.3
O00684,C1185,V078,P0086,2025-05-29,2,1176.89,5.5,0,0,3.6
O00685,C1149,V016,P0294,2025-12-22,3,857.48,5.0,1,0,4.2
O00686,C0114,V069,P0673,2025-11-26,1,636.81,4.0,0,0,4.7
O00687,C1124,V009,P0653,2025-05-15,5,2589.73,5.4,0,0,4.3
O00688,C2241,V005,P0962,2025-05-02,1,821.53,4.3,0,1,4.1
O00689,C0363,V094,P0281,2025-01-31,2,2227.87,2.3,0,0,4.0
O00690,C0132,V087,P0633,2025-12-15,2,1326.58,4.3,0,0,4.0
O00691,C1068,V091,P0707,2025-11-24,1,935.64,2.7,0,0,3.6
O00692,C1462,V086,P0551,2025-07-31,5,2098.6,4.5,1,0,3.2
O00693,C1026,V025,P0712,2025-06-07,4,844.55,6.6,0,0,4.4
O00694,C1915,V024,P0699,2025-07-26,3,2227.5,4.6,0,0,4.4
O00695,C0338,V079,P0794,2025-05-14,3,1266.76,5.2,0,0,4.1
O00696,C0234,V070,P0941,2025-03-17,2,918.5,5.1,0,1,4.8
O00697,C0884,V020,P0154,2025-07-19,2,1230.68,3.6,1,0,3.6
O00698,C0074,V043,P0768,2025-04-27,1,676.02,4.2,0,0,4.4
O00699,C2495,V066,P0138,2025-05-03,1,979.18,4.6,0,0,4.3
O00700,C1674,V070,P0355,2025-10-03,2,1248.84,5.8,0,0,5.0
O00701,C0271,V071,P0457,2025-07-05,3,5511.21,3.4,0,0,4.1
O00702,C0963,V013,P0559,2025-01-15,3,2778.16,5.0,0,0,4.3
O00703,C2305,V087,P0565,2025-05-13,3,1254.55,4.0,0,0,3.5
O00704,C0960,V020,P0470,2025-06-21,4,3357.92,3.4,0,1,4.1
O00705,C0473,V002,P0843,2025-01-31,3,3316.31,4.7,0,0,4.1
O00706,C0950,V051,P0117,2025-10-15,2,695.74,5.4,0,0,4.0
O00707,C2274,V077,P0103,2025-11-01,5,2191.59,5.1,0,0,3.0
O00708,C1082,V069,P0917,2025-11-21,3,3155.67,2.6,0,0,4.1
O00709,C0393,V060,P0975,2025-11-20,1,487.73,3.9,0,0,4.5
O00710,C1755,V076,P0453,2025-08-30,6,3503.29,2.9,1,0,4.8
O00711,C1356,V032,P0927,2025-01-20,3,2024.96,6.3,0,0,4.6
O00712,C1328,V061,P0937,2025-03-02,2,1014.33,5.5,0,0,4.0
O00713,C1085,V060,P0043,2025-05-22,1,379.1,4.5,0,0,3.7
O00714,C1673,V058,P0247,2025-02-11,4,1536.07,3.8,0,0,4.2
O00715,C2449,V048,P0255,2025-04-18,1,942.21,3.9,1,0,3.8
O00716,C0831,V077,P0375,2025-01-05,1,646.2,3.7,0,0,3.5
O00717,C1383,V026,P0746,2025-06-02,1,790.95,2.9,0,0,4.6
O00718,C0365,V089,P0779,2025-04-03,1,599.68,1.5,0,0,4.7
O00719,C0081,V079,P0922,2025-12-22,3,1170.1,2.6,0,0,5.0
O00720,C0609,V089,P0205,2025-08-06,2,1729.5,2.7,0,0,4.2
O00721,C0224,V015,P0184,2025-11-25,5,4581.04,4.3,0,0,4.4
O00722,C1505,V056,P0894,2025-11-12,1,705.84,2.3,0,0,4.1
O00723,C1182,V057,P0588,2025-03-08,1,407.19,3.2,0,0,3.5
O00724,C1622,V093,P0491,2025-03-06,1,476.63,3.6,0,0,3.9
O00725,C1880,V020,P0385,2025-09-11,1,607.49,4.8,0,0,4.1
O00726,C1190,V021,P0315,2025-02-03,3,2968.36,4.5,0,0,4.4
O00727,C0902,V051,P0639,2025-09-14,1,547.98,4.5,0,0,4.6
O00728,C1442,V067,P0682,2025-12-03,1,563.74,6.3,1,0,3.9
O00729,C2209,V058,P0208,2025-10-23,1,971.56,3.5,0,0,4.0
O00730,C0955,V096,P0388,2025-12-26,4,2701.96,4.2,0,0,4.4
O00731,C0991,V059,P0969,2025-03-15,3,1377.17,2.0,0,0,3.4
O00732,C1939,V023,P0764,2025-01-04,1,534.65,3.4,0,0,4.4
O00733,C0271,V089,P0779,2025-04-03,3,1933.82,1.4,0,0,4.8
O00734,C0680,V009,P0445,2025-07-05,3,1884.04,4.5,0,0,4.2
O00735,C2422,V057,P0706,2025-07-07,1,764.28,4.5,0,0,4.1
O00736,C1782,V025,P0077,2025-07-19,1,485.42,4.5,0,0,4.3
O00737,C1629,V066,P0138,2025-12-28,2,2078.79,2.7,0,0,4.7
O00738,C1852,V030,P0013,2025-04-19,2,395.61,3.6,1,0,4.1
O00739,C0520,V051,P0117,2025-08-16,4,1104.05,6.4,0,0,3.6
O00740,C1503,V017,P0310,2025-10-18,1,480.93,3.2,0,0,4.2
O00741,C0289,V083,P0640,2025-04-27,1,563.69,4.4,1,0,4.2
O00742,C0965,V001,P0965,2025-12-08,4,1821.4,5.5,0,0,5.0
O00743,C1361,V014,P0421,2025-10-07,1,712.26,4.2,0,0,3.4
O00744,C1917,V035,P0833,2025-07-30,4,4406.19,4.4,0,0,4.2
O00745,C2006,V011,P0564,2025-12-01,4,3860.91,3.4,0,0,3.6
O00746,C1660,V024,P0177,2025-01-19,1,530.24,7.4,0,0,4.1
O00747,C0149,V017,P0811,2025-06-16,1,1172.4,2.1,0,1,4.2
O00748,C1261,V032,P0367,2025-12-26,1,459.09,4.4,0,0,4.4
O00749,C2265,V075,P0169,2025-06-05,1,821.41,2.7,0,0,4.3
O00750,C1203,V018,P0973,2025-03-25,1,1320.09,3.2,0,0,4.1
O00751,C2484,V057,P0531,2025-03-31,1,319.34,3.7,0,0,4.1
O00752,C1135,V017,P0028,2025-01-25,2,676.35,3.0,1,0,4.4
O00753,C2351,V085,P0731,2025-10-03,1,299.81,6.2,0,0,4.0
O00754,C1384,V031,P0201,2025-03-01,2,558.44,1.7,0,0,4.7
O00755,C2352,V032,P0927,2025-10-11,3,2242.92,5.8,0,0,3.9
O00756,C0182,V021,P0635,2025-06-08,2,1487.51,5.0,0,0,3.9
O00757,C0221,V013,P0007,2025-12-03,4,1069.13,1.4,1,0,4.9
O00758,C1163,V075,P0248,2025-03-02,2,1088.65,4.3,0,1,4.8
O00759,C1131,V061,P0484,2025-10-06,1,952.99,4.1,1,0,4.6
O00760,C1801,V088,P0036,2025-08-17,1,1291.64,4.1,1,0,4.9
O00761,C1300,V094,P0137,2025-06-07,3,1144.13,5.2,0,1,5.0
O00762,C1958,V020,P0470,2025-04-07,2,1881.46,4.7,1,0,3.2
O00763,C0210,V062,P0302,2025-09-28,3,868.47,2.6,0,0,4.0
O00764,C1063,V002,P0442,2025-01-31,1,597.96,3.9,0,0,4.6
O00765,C0929,V065,P0417,2025-08-28,1,536.76,4.0,0,1,3.9
O00766,C0486,V033,P0601,2025-04-27,1,667.51,5.8,0,0,4.3
O00767,C0619,V054,P0661,2025-07-06,1,178.0,2.9,0,0,4.5
O00768,C0957,V060,P0043,2025-12-04,1,421.11,4.7,0,0,4.3
O00769,C1180,V097,P0456,2025-12-23,1,368.68,6.0,0,0,4.0
O00770,C1050,V016,P0294,2025-05-17,4,1125.05,5.4,0,0,4.4
O00771,C2075,V072,P0377,2025-02-12,4,1645.86,5.6,0,0,4.8
O00772,C2006,V077,P0865,2025-03-15,1,1022.46,5.0,0,0,4.6
O00773,C1732,V012,P0516,2025-11-18,1,806.46,5.5,1,0,4.7
O00774,C1620,V092,P0980,2025-06-12,2,1182.75,3.8,0,0,4.2
O00775,C1528,V061,P0937,2025-02-09,1,556.91,2.7,0,0,4.0
O00776,C1414,V020,P0090,2025-07-08,1,659.68,5.2,0,0,3.5
O00777,C1932,V036,P0578,2025-03-05,1,641.66,4.6,0,0,4.0
O00778,C1074,V044,P0279,2025-09-05,6,5607.85,5.6,0,0,4.1
O00779,C1747,V084,P0570,2025-08-28,2,1359.72,5.0,0,0,3.3
O00780,C0276,V002,P0843,2025-08-28,1,1050.39,3.2,0,0,3.8
O00781,C2181,V023,P0273,2025-12-29,4,5264.43,5.1,0,0,3.8
O00782,C0486,V047,P0429,2025-01-01,2,793.38,4.3,0,0,4.0
O00783,C1188,V013,P0559,2025-03-08,1,937.52,2.8,0,1,4.2
O00784,C0467,V040,P0675,2025-08-12,1,1533.29,6.2,0,0,5.0
O00785,C0313,V093,P0920,2025-11-26,2,687.66,3.2,0,0,5.0
O00786,C0248,V044,P0379,2025-11-20,1,433.8,4.4,0,0,4.4
O00787,C2339,V090,P0219,2025-07-16,3,1321.26,3.1,0,0,4.0
O00788,C0622,V061,P0078,2025-11-28,2,497.4,5.1,0,0,3.6
O00789,C1037,V078,P0968,2025-08-30,4,1288.76,4.8,0,0,3.6
O00790,C1031,V090,P0689,2025-03-09,3,1970.49,3.5,0,0,3.8
O00791,C1449,V039,P0175,2025-01-29,1,538.03,5.8,0,0,4.0
O00792,C2339,V020,P0154,2025-03-21,4,3020.84,3.7,0,1,4.1
O00793,C1291,V057,P0706,2025-06-11,2,1799.47,4.3,0,0,4.7
O00794,C1128,V073,P0959,2025-06-01,2,933.78,4.8,0,0,4.0
O00795,C0601,V033,P0554,2025-05-19,3,1234.32,5.4,0,0,3.6
O00796,C0293,V074,P0222,2025-12-29,1,682.05,2.5,0,0,3.5
O00797,C0684,V088,P0793,2025-10-30,1,355.85,5.0,0,0,4.4
O00798,C0787,V047,P0069,2025-03-14,2,921.37,4.2,0,0,4.2
O00799,C0215,V077,P0067,2025-06-23,1,291.16,3.3,0,0,4.2
O00800,C1772,V069,P0917,2025-01-30,4,4351.19,4.5,0,0,4.6
O00801,C2144,V081,P0912,2025-09-23,3,1648.24,3.5,0,0,4.2
O00802,C1653,V068,P0797,2025-12-02,1,668.99,3.5,0,0,3.8
O00803,C1104,V012,P0238,2025-08-11,2,1061.3,5.5,0,1,4.3
O00804,C1958,V051,P0687,2025-07-14,4,1540.18,5.4,0,0,4.5
O00805,C1175,V097,P0276,2025-06-10,2,1411.2,4.7,0,0,4.5
O00806,C1374,V023,P0082,2025-02-17,7,5692.51,4.3,0,0,4.1
O00807,C1952,V008,P0724,2025-04-15,6,7771.03,4.2,0,0,4.7
O00808,C1015,V059,P0159,2025-12-15,2,1087.08,3.9,0,0,4.3
O00809,C1792,V051,P0935,2025-07-14,3,2628.68,4.9,0,0,3.9
O00810,C1899,V095,P0340,2025-01-06,1,1997.95,6.8,0,0,4.0
O00811,C1715,V042,P0268,2025-10-22,4,2863.38,4.0,0,1,4.6
O00812,C1299,V009,P0075,2025-04-21,5,2500.93,3.0,0,0,3.8
O00813,C1599,V034,P0214,2025-03-18,1,1072.76,3.4,1,0,4.0
O00814,C1661,V020,P0733,2025-08-24,7,2116.75,6.2,1,0,3.7
O00815,C1713,V085,P0092,2025-09-11,1,280.83,4.6,1,0,3.5
O00816,C1259,V020,P0470,2025-07-07,4,2669.6,4.3,0,0,3.5
O00817,C1458,V093,P0946,2025-06-21,1,683.96,4.4,0,0,4.1
O00818,C2355,V025,P0957,2025-01-29,2,1281.44,3.2,0,1,4.6
O00819,C1734,V004,P0713,2025-10-30,1,729.83,3.6,0,0,4.8
O00820,C1381,V026,P0476,2025-02-23,4,900.35,4.2,0,1,3.7
O00821,C0256,V070,P0251,2025-06-06,3,2683.04,5.8,0,0,4.3
O00822,C1223,V022,P0945,2025-11-20,1,898.04,5.5,0,0,4.1
O00823,C0385,V081,P0804,2025-03-02,1,425.53,3.5,0,0,3.9
O00824,C1255,V051,P0349,2025-02-27,1,747.32,4.1,0,0,4.0
O00825,C2363,V010,P0777,2025-11-25,1,1592.38,4.2,0,0,5.0
O00826,C1514,V042,P0262,2025-09-11,2,2180.63,4.4,0,0,4.3
O00827,C0915,V032,P0354,2025-08-20,2,1069.73,2.0,0,0,3.7
O00828,C1232,V006,P0044,2025-09-17,2,692.92,2.8,0,0,4.1
O00829,C0491,V006,P0676,2025-08-11,1,439.15,5.3,0,0,3.3
O00830,C0628,V032,P0933,2025-11-29,1,192.29,5.2,0,0,4.2
O00831,C0387,V038,P0888,2025-01-10,1,824.22,3.2,0,0,3.8
O00832,C2414,V060,P0240,2025-01-20,2,939.49,5.3,0,0,4.0
O00833,C1049,V017,P0018,2025-05-19,1,631.33,3.7,0,0,4.2
O00834,C1666,V088,P0112,2025-10-08,1,459.29,2.6,1,0,4.9
O00835,C0431,V003,P0587,2025-08-17,4,2857.64,4.6,0,0,4.2
O00836,C1160,V007,P0178,2025-03-23,1,603.05,3.2,0,1,4.7
O00837,C1163,V006,P0136,2025-02-15,2,750.71,6.7,0,0,4.6
O00838,C2025,V045,P0821,2025-11-15,2,1205.15,3.8,0,0,4.7
O00839,C1244,V003,P0288,2025-08-25,1,739.51,2.5,0,0,3.6
O00840,C1797,V082,P0488,2025-12-18,1,431.97,5.3,0,0,5.0
O00841,C0256,V071,P0280,2025-04-18,1,839.14,2.2,1,0,3.8
O00842,C0358,V080,P0866,2025-12-15,1,335.42,5.0,0,1,4.1
O00843,C1819,V051,P0607,2025-06-01,1,406.58,5.1,0,0,4.7
O00844,C2485,V087,P0648,2025-06-04,2,1288.33,5.0,0,0,4.1
O00845,C1934,V056,P0988,2025-09-13,3,2956.95,7.7,0,0,4.0
O00846,C0869,V051,P0016,2025-11-16,2,1127.32,2.6,0,0,4.7
O00847,C1886,V065,P0252,2025-12-18,1,666.79,2.4,0,0,3.7
O00848,C1436,V089,P0437,2025-06-11,1,595.68,2.4,0,1,4.0
O00849,C2449,V052,P0313,2025-05-22,3,2014.76,4.9,0,0,4.4
O00850,C0592,V094,P0281,2025-03-28,1,855.81,3.7,0,0,3.6
O00851,C1719,V046,P0664,2025-02-20,2,2472.17,1.6,0,0,3.9
O00852,C0410,V056,P1000,2025-02-22,2,1322.35,4.8,0,0,3.9
O00853,C1696,V026,P0408,2025-05-14,3,1369.55,4.0,0,1,4.2
O00854,C1830,V014,P0173,2025-05-06,3,1721.88,2.0,0,0,3.8
O00855,C1466,V024,P0817,2025-05-02,1,301.04,3.3,1,0,4.0
O00856,C0802,V023,P0273,2025-08-22,3,3894.58,4.4,0,0,4.4
O00857,C0923,V017,P0054,2025-09-25,3,1772.7,4.7,0,0,4.4
O00858,C0608,V036,P0598,2025-10-09,3,1355.5,4.6,0,0,3.4
O00859,C1862,V069,P0316,2025-02-03,2,2151.41,3.7,0,0,4.6
O00860,C0782,V053,P0753,2025-02-04,1,464.39,5.2,0,1,3.5
O00861,C2455,V031,P0620,2025-08-05,4,2811.51,1.0,0,0,4.8
O00862,C1258,V051,P0117,2025-01-05,1,377.19,4.1,0,0,3.6
O00863,C1507,V036,P0608,2025-08-23,3,1828.15,4.4,0,0,3.3
O00864,C2076,V052,P0399,2025-08-08,1,531.57,5.3,0,0,4.5
O00865,C0208,V062,P0983,2025-12-26,1,1377.0,4.4,0,0,3.7
O00866,C0439,V017,P0271,2025-10-14,2,1726.02,4.3,0,0,3.4
O00867,C1546,V069,P0259,2025-06-15,4,3800.69,4.0,0,0,4.3
O00868,C0454,V001,P0482,2025-02-01,3,876.76,6.1,0,0,4.0
O00869,C0093,V046,P0443,2025-05-13,2,832.63,1.0,0,0,3.7
O00870,C0588,V023,P0623,2025-01-23,2,709.69,6.5,0,0,4.2
O00871,C0759,V030,P0246,2025-03-15,5,2310.03,3.5,0,0,3.4
O00872,C0068,V001,P0482,2025-07-01,6,1821.9,4.2,0,0,3.9
O00873,C0931,V089,P0057,2025-12-29,2,952.9,3.9,0,0,3.6
O00874,C2200,V072,P0994,2025-12-01,1,578.68,5.9,0,0,4.0
O00875,C0078,V076,P0104,2025-03-27,1,536.51,3.6,0,0,5.0
O00876,C2181,V017,P0856,2025-10-22,3,2233.12,2.7,0,0,5.0
O00877,C2427,V008,P0376,2025-10-26,4,3174.2,4.7,0,0,4.5
O00878,C1993,V037,P0785,2025-08-28,2,719.57,5.6,1,0,4.3
O00879,C2497,V091,P0707,2025-05-16,1,1036.1,5.4,0,0,3.2
O00880,C0644,V092,P0436,2025-06-29,6,4860.54,5.4,0,0,3.8
O00881,C0937,V047,P0333,2025-08-05,4,2541.37,4.7,1,0,4.0
O00882,C0678,V071,P0280,2025-08-29,1,1012.75,3.8,0,0,4.3
O00883,C2485,V087,P0008,2025-09-14,2,854.12,5.6,0,0,4.3
O00884,C0312,V017,P0028,2025-01-08,2,769.28,4.8,0,0,4.0
O00885,C0758,V034,P0798,2025-07-21,2,1627.76,4.9,0,0,3.7
O00886,C1815,V032,P0571,2025-12-29,1,375.83,2.9,0,0,4.5
O00887,C0482,V024,P0723,2025-07-27,5,1382.65,4.0,0,0,4.7
O00888,C1629,V081,P0074,2025-08-18,2,802.62,2.3,0,0,3.8
O00889,C0186,V003,P0409,2025-06-24,1,778.66,3.0,0,0,4.9
O00890,C0668,V097,P0456,2025-08-10,3,1046.57,5.4,0,0,4.4
O00891,C1326,V018,P0973,2025-12-02,3,3753.76,5.9,0,0,3.8
O00892,C1486,V014,P0725,2025-06-01,2,1047.18,2.4,0,1,4.5
O00893,C2349,V043,P0630,2025-03-25,2,2039.14,5.1,0,0,4.4
O00894,C1539,V082,P0544,2025-08-13,3,890.12,3.9,0,0,4.6
O00895,C1012,V009,P0188,2025-01-16,4,2219.47,4.8,0,0,3.7
O00896,C2271,V081,P0861,2025-02-15,1,472.03,3.0,0,0,4.3
O00897,C0066,V089,P0415,2025-08-26,2,1708.22,6.3,0,0,4.8
O00898,C0193,V064,P0361,2025-10-24,3,1559.88,3.8,0,0,3.7
O00899,C1036,V020,P0696,2025-06-12,1,532.21,4.7,0,0,4.5
O00900,C1170,V018,P0993,2025-10-01,2,1655.52,4.1,0,0,3.1
O00901,C1273,V070,P0084,2025-11-14,4,2415.14,5.1,0,0,4.2
O00902,C0488,V041,P0306,2025-08-28,2,370.79,1.2,0,0,3.1
O00903,C2065,V079,P0794,2025-05-04,2,1036.21,5.3,0,0,4.2
O00904,C1007,V031,P0277,2025-09-29,3,3331.7,3.6,0,0,4.2
O00905,C1980,V050,P0743,2025-01-18,3,1146.49,3.8,0,0,4.3
O00906,C0042,V038,P0533,2025-05-21,1,689.49,3.3,0,0,4.5
O00907,C0942,V023,P0623,2025-05-01,2,785.39,5.3,0,0,3.8
O00908,C2188,V033,P0017,2025-10-23,3,3898.16,4.9,0,0,4.1
O00909,C0962,V100,P0400,2025-12-29,2,2564.9,2.6,0,0,4.5
O00910,C0324,V011,P0823,2025-04-15,1,680.7,4.8,0,0,3.9
O00911,C0399,V100,P0869,2025-02-06,1,231.11,3.2,0,0,3.8
O00912,C0214,V082,P0878,2025-06-13,4,1795.69,3.6,0,0,4.1
O00913,C2018,V095,P0311,2025-04-03,5,1391.43,6.8,0,1,5.0
O00914,C0350,V040,P0510,2025-10-30,3,1361.56,3.5,0,0,4.8
O00915,C1513,V046,P0444,2025-04-09,3,1499.54,3.7,0,0,4.0
O00916,C2343,V054,P0274,2025-09-16,3,1681.69,2.7,0,1,4.8
O00917,C0013,V087,P0499,2025-04-10,3,1299.28,7.0,0,0,4.0
O00918,C1117,V017,P0811,2025-07-04,2,2177.06,4.4,0,0,4.3
O00919,C2132,V044,P0560,2025-03-11,3,1650.72,5.4,0,0,3.9
O00920,C1292,V056,P0646,2025-05-30,1,294.19,3.7,0,0,3.7
O00921,C2215,V050,P0157,2025-02-12,5,3145.41,4.2,0,0,4.6
O00922,C2195,V058,P0208,2025-07-09,4,3245.41,4.5,0,0,4.4
O00923,C1974,V057,P0588,2025-03-15,1,371.19,3.3,0,0,3.8
O00924,C0201,V094,P0879,2025-10-03,5,2936.55,3.4,0,0,4.5
O00925,C2441,V057,P0021,2025-11-21,6,2126.54,6.1,1,0,3.9
O00926,C1470,V059,P0235,2025-06-15,1,756.57,3.7,0,0,3.2
O00927,C1462,V035,P0211,2025-05-13,1,713.37,4.6,0,0,4.3
O00928,C1401,V023,P0623,2025-02-10,3,1057.4,4.0,0,0,3.8
O00929,C1223,V027,P0925,2025-01-15,1,1424.94,4.7,0,0,3.8
O00930,C1534,V034,P0906,2025-02-07,2,1123.51,2.2,0,0,3.9
O00931,C1414,V095,P0120,2025-01-22,2,1014.03,8.0,0,0,4.4
O00932,C1528,V017,P0054,2025-06-24,3,1594.94,4.6,0,0,4.8
O00933,C0334,V007,P0485,2025-08-25,1,537.92,2.8,0,0,4.8
O00934,C0539,V023,P0446,2025-02-09,2,859.87,3.9,0,0,4.6
O00935,C2247,V080,P0660,2025-07-20,3,3178.92,1.9,0,1,3.6
O00936,C0905,V017,P0028,2025-10-15,1,362.69,4.3,0,0,4.3
O00937,C1625,V069,P0259,2025-07-30,5,4324.42,2.1,0,0,4.0
O00938,C1926,V017,P0310,2025-08-31,2,1000.63,4.5,0,0,3.9
O00939,C1661,V080,P0518,2025-02-26,1,1423.4,2.9,0,1,4.3
O00940,C0379,V100,P0820,2025-08-23,4,4983.77,3.3,0,0,4.4
O00941,C0928,V100,P0382,2025-12-18,4,964.35,3.0,0,0,4.1
O00942,C1026,V034,P0140,2025-02-19,1,831.61,3.8,1,0,4.1
O00943,C1787,V021,P0819,2025-02-02,3,982.97,3.6,0,0,4.9
O00944,C0653,V064,P0812,2025-08-28,2,1481.64,4.3,0,1,4.4
O00945,C1523,V068,P0155,2025-04-26,5,4283.11,2.1,0,0,4.1
O00946,C2318,V025,P0957,2025-08-24,1,583.26,4.2,0,0,4.2
O00947,C1183,V015,P0950,2025-01-24,2,667.23,2.8,0,0,4.8
O00948,C0259,V035,P0982,2025-07-09,3,1488.25,3.9,1,0,3.5
O00949,C0748,V045,P0198,2025-08-07,3,2445.16,3.2,0,1,5.0
O00950,C1779,V090,P0371,2025-05-13,1,484.24,6.2,0,0,3.6
O00951,C0696,V088,P0793,2025-10-13,1,303.17,4.6,0,0,4.3
O00952,C1928,V071,P0129,2025-12-19,2,1598.67,4.2,0,1,3.8
O00953,C1144,V005,P0511,2025-05-04,2,726.09,4.4,0,0,4.5
O00954,C0691,V051,P0065,2025-08-17,1,660.46,4.2,0,0,4.6
O00955,C0227,V095,P0839,2025-05-08,3,1409.6,4.5,0,0,4.3
O00956,C1677,V058,P0824,2025-11-06,3,2081.45,6.0,0,0,4.4
O00957,C2285,V030,P0170,2025-08-11,1,1954.45,4.3,0,0,4.7
O00958,C2019,V043,P0991,2025-01-23,3,2796.09,6.7,0,0,4.4
O00959,C1934,V074,P0890,2025-04-24,4,1046.1,3.4,0,0,4.3
O00960,C1449,V061,P0216,2025-06-24,1,461.69,5.9,0,0,3.2
O00961,C1721,V094,P0137,2025-08-29,1,323.15,4.2,0,0,4.3
O00962,C1007,V020,P0733,2025-07-16,3,946.78,4.0,0,0,3.8
O00963,C1799,V041,P0605,2025-05-18,4,1812.07,3.3,0,0,3.7
O00964,C0710,V019,P0396,2025-12-26,3,1023.4,3.9,0,0,4.1
O00965,C1019,V004,P0923,2025-03-23,4,3688.36,3.3,0,0,4.6
O00966,C0506,V075,P0616,2025-01-21,2,1178.6,1.5,0,0,4.7
O00967,C1744,V096,P0388,2025-05-11,5,3648.06,4.2,0,0,3.8
O00968,C0082,V054,P0393,2025-08-13,1,1166.21,3.5,1,0,4.4
O00969,C1858,V014,P0748,2025-09-26,1,355.73,1.9,0,0,4.2
O00970,C1555,V023,P0433,2025-06-27,5,1717.68,4.4,0,0,4.1
O00971,C0436,V042,P0802,2025-11-29,2,1075.78,7.1,0,0,4.0
O00972,C1187,V018,P0826,2025-03-18,2,1258.36,3.4,0,0,3.5
O00973,C2172,V075,P0131,2025-04-23,3,1966.63,4.2,0,0,4.0
O00974,C2287,V070,P0440,2025-03-25,4,3196.74,6.1,0,0,4.2
O00975,C0564,V021,P0909,2025-09-08,1,750.44,4.7,0,0,4.6
O00976,C0268,V060,P0353,2025-08-17,2,1100.09,3.3,0,0,4.4
O00977,C0824,V047,P0243,2025-07-19,1,339.16,4.4,0,0,3.9
O00978,C0997,V021,P0503,2025-10-10,4,1745.27,3.9,0,0,3.9
O00979,C0512,V082,P0683,2025-12-29,2,1660.15,5.1,0,0,4.2
O00980,C2475,V017,P0310,2025-10-26,4,1993.38,6.2,0,0,4.1
O00981,C0367,V051,P0639,2025-02-24,3,1555.88,2.9,0,0,4.5
O00982,C2143,V006,P0676,2025-04-28,1,463.21,5.0,0,0,3.5
O00983,C1183,V005,P0132,2025-11-30,5,3073.43,6.0,0,0,3.8
O00984,C1103,V033,P0017,2025-07-12,4,4434.95,4.1,0,0,4.4
O00985,C1363,V013,P0007,2025-07-06,1,255.12,5.3,0,0,5.0
O00986,C0689,V100,P0619,2025-04-11,3,1627.49,5.1,0,0,4.1
O00987,C0446,V021,P0909,2025-10-10,1,755.45,5.3,0,0,4.7
O00988,C0529,V014,P0725,2025-11-13,2,866.35,3.1,1,0,4.2
O00989,C2425,V085,P0780,2025-01-18,2,623.33,5.1,0,0,3.1
O00990,C2263,V024,P0606,2025-01-22,1,365.89,2.0,0,0,4.5
O00991,C0150,V082,P0683,2025-10-10,2,1678.22,5.8,0,0,4.4
O00992,C2337,V025,P0196,2025-05-11,1,497.13,2.1,0,0,4.2
O00993,C1318,V011,P0961,2025-02-17,1,482.9,6.9,0,0,5.0
O00994,C2199,V090,P0331,2025-02-04,1,1148.47,3.4,0,1,4.2
O00995,C1619,V026,P0106,2025-12-13,1,340.41,5.4,0,0,4.9
O00996,C1207,V031,P0458,2025-07-26,1,722.67,3.4,0,0,4.0
O00997,C1044,V016,P0666,2025-07-22,3,2739.84,5.1,0,0,4.5
O00998,C0274,V021,P0819,2025-03-02,2,584.35,5.1,0,0,4.8
O00999,C2114,V059,P0213,2025-03-24,5,1958.47,4.2,0,0,4.3
O01000,C2217,V059,P0622,2025-11-22,1,417.87,6.2,0,0,4.1
O01001,C1836,V005,P0132,2025-07-24,2,1216.99,4.9,0,0,3.6
O01002,C1143,V065,P0420,2025-11-09,4,2419.16,4.3,0,0,4.2
O01003,C1892,V044,P0796,2025-01-23,3,1902.45,7.1,0,0,4.1
O01004,C1888,V001,P0965,2025-06-27,2,866.59,6.4,1,0,4.7
O01005,C1638,V075,P0616,2025-07-24,2,1124.56,2.6,0,0,4.9
O01006,C0912,V082,P0265,2025-08-11,5,2329.0,6.0,0,1,3.9
O01007,C0961,V059,P0775,2025-11-19,2,843.77,2.5,0,0,4.4
O01008,C1288,V093,P0698,2025-04-11,1,525.55,4.3,0,0,4.3
O01009,C0010,V100,P0949,2025-05-21,3,540.66,3.0,0,0,4.1
O01010,C0216,V071,P0562,2025-03-27,1,459.16,3.8,0,0,3.9
O01011,C2391,V006,P0428,2025-01-29,4,1681.11,5.5,0,0,4.0
O01012,C1580,V077,P0067,2025-05-05,1,317.54,3.8,1,0,4.0
O01013,C2348,V047,P0333,2025-06-21,1,588.86,2.1,0,0,3.8
O01014,C2336,V078,P0841,2025-11-07,3,1274.65,2.9,0,1,3.9
O01015,C2085,V002,P0442,2025-02-04,4,2557.5,4.0,0,0,3.9
O01016,C2080,V017,P0028,2025-07-19,1,374.91,3.2,0,0,4.7
O01017,C0083,V053,P0128,2025-02-14,1,572.47,7.1,0,0,3.0
O01018,C1478,V065,P0417,2025-03-31,1,562.95,4.7,1,0,4.1
O01019,C0844,V013,P0287,2025-06-23,3,1027.01,3.0,0,0,5.0
O01020,C1647,V074,P0134,2025-06-30,5,4288.47,1.4,0,0,4.0
O01021,C0596,V063,P0930,2025-06-26,4,5304.38,1.8,0,0,3.7
O01022,C1327,V100,P0449,2025-02-24,1,341.96,4.8,0,0,3.7
O01023,C0321,V015,P0149,2025-12-06,3,1777.91,3.3,0,0,4.2
O01024,C0378,V082,P0974,2025-07-17,1,701.29,3.0,0,0,3.9
O01025,C1739,V023,P0828,2025-01-12,3,1058.02,3.7,0,0,5.0
O01026,C0506,V076,P0045,2025-03-28,2,732.73,3.5,0,0,4.5
O01027,C1757,V031,P0277,2025-02-07,1,1192.66,4.2,0,0,4.2
O01028,C0842,V097,P0697,2025-05-12,2,481.13,6.9,0,0,3.8
O01029,C0340,V085,P0052,2025-12-13,3,1741.12,6.1,0,0,3.7
O01030,C2160,V006,P0087,2025-08-02,3,1341.31,7.3,0,0,3.6
O01031,C0698,V051,P0117,2025-06-18,1,374.09,4.5,0,0,3.4
O01032,C2481,V096,P0266,2025-06-14,1,562.04,5.1,0,0,4.5
O01033,C0943,V059,P0235,2025-03-07,4,2893.63,2.3,0,0,4.1
O01034,C1682,V092,P0980,2025-10-05,1,555.26,6.2,0,0,4.4
O01035,C0311,V051,P0190,2025-07-08,1,614.56,4.8,1,0,4.5
O01036,C1353,V070,P0440,2025-04-06,2,1796.45,4.9,0,0,4.0
O01037,C0269,V100,P0609,2025-09-12,2,1020.8,5.6,0,0,3.3
O01038,C0926,V044,P0030,2025-09-21,5,2918.99,6.1,0,0,3.9
O01039,C2269,V046,P0505,2025-03-17,1,351.47,2.9,0,0,3.9
O01040,C2020,V074,P0222,2025-07-01,2,1417.68,2.7,0,0,3.8
O01041,C0555,V002,P0716,2025-07-23,6,2627.25,5.1,0,0,4.2
O01042,C1080,V084,P0220,2025-09-25,1,1081.34,4.5,0,0,2.3
O01043,C0113,V097,P0276,2025-10-23,2,1486.78,6.0,0,0,4.3
O01044,C1546,V053,P0128,2025-05-12,1,533.59,4.9,0,1,3.3
O01045,C1923,V012,P0905,2025-07-22,1,539.53,4.7,0,0,4.6
O01046,C0607,V053,P0307,2025-04-16,2,1029.0,5.0,0,0,4.2
O01047,C1464,V041,P0306,2025-05-07,3,473.37,2.3,0,0,3.5
O01048,C2418,V017,P0212,2025-08-05,1,409.77,2.3,0,0,4.3
O01049,C1630,V091,P0236,2025-04-04,2,1124.86,5.7,0,0,3.6
O01050,C1358,V040,P0754,2025-01-21,3,740.49,3.1,0,0,4.1
O01051,C1899,V045,P0821,2025-12-18,1,705.34,2.8,0,0,4.3
O01052,C0556,V023,P0623,2025-10-19,2,727.95,4.2,0,0,5.0
O01053,C0077,V056,P1000,2025-09-07,1,648.47,3.5,0,0,3.9
O01054,C1128,V022,P0145,2025-06-20,2,540.1,3.7,0,0,3.6
O01055,C0095,V042,P0081,2025-12-29,2,555.96,5.1,0,0,3.2
O01056,C1105,V027,P0309,2025-12-24,5,1787.98,4.2,1,0,3.9
O01057,C0097,V067,P0357,2025-08-28,2,698.78,2.3,1,0,3.6
O01058,C1799,V069,P0917,2025-01-27,2,2158.44,1.7,0,0,5.0
O01059,C0104,V025,P0712,2025-10-05,2,396.78,4.6,0,0,4.4
O01060,C0983,V089,P0108,2025-05-19,2,774.65,4.8,0,0,4.4
O01061,C0783,V036,P0578,2025-08-06,3,1684.48,3.4,0,0,3.6
O01062,C2431,V082,P0488,2025-08-11,3,1469.48,5.7,0,0,4.8
O01063,C1331,V057,P0591,2025-10-27,1,664.02,3.8,0,0,3.9
O01064,C1661,V070,P0141,2025-10-07,3,2057.7,5.9,1,0,3.5
O01065,C0635,V070,P0871,2025-03-25,3,1194.78,5.1,0,0,4.3
O01066,C0825,V071,P0129,2025-08-11,1,777.3,3.1,0,0,3.6
O01067,C1178,V063,P0321,2025-12-24,2,558.36,4.4,0,0,4.4
O01068,C0966,V020,P0385,2025-01-21,4,2744.94,4.2,0,0,3.6
O01069,C1687,V034,P0140,2025-03-15,1,785.6,4.9,1,0,4.1
O01070,C2159,V033,P0601,2025-07-30,3,1809.06,6.4,0,1,3.7
O01071,C0113,V020,P0090,2025-01-27,2,1381.11,4.6,0,0,4.3
O01072,C1320,V039,P0985,2025-11-29,4,2317.86,6.1,0,0,4.4
O01073,C0107,V029,P0541,2025-08-24,4,4728.84,4.4,0,0,3.7
O01074,C1284,V059,P0159,2025-07-21,3,1502.0,4.8,0,0,4.4
O01075,C2028,V068,P0042,2025-07-16,5,3500.87,4.1,0,0,3.5
O01076,C0287,V085,P0098,2025-03-01,3,1472.51,6.0,0,0,4.1
O01077,C1862,V067,P0954,2025-03-02,3,2930.87,3.3,0,0,3.4
O01078,C2176,V029,P0022,2025-09-18,8,3221.07,5.3,0,0,4.2
O01079,C1360,V013,P0093,2025-08-17,2,1379.21,3.6,1,0,4.4
O01080,C1050,V097,P0322,2025-09-07,4,1963.55,4.7,0,0,4.5
O01081,C1154,V073,P0767,2025-07-20,2,1050.48,3.2,0,0,3.8
O01082,C2114,V005,P0185,2025-05-26,3,552.73,4.5,0,0,4.6
O01083,C2030,V043,P0849,2025-07-28,2,2010.34,5.7,0,0,4.1
O01084,C2090,V031,P0742,2025-03-08,1,680.58,1.7,0,0,4.6
O01085,C2279,V019,P0396,2025-06-13,2,606.51,3.4,0,0,3.9
O01086,C1232,V004,P0923,2025-01-02,1,859.69,1.0,0,0,4.3
O01087,C0983,V063,P0072,2025-08-14,1,771.73,1.7,0,0,3.6
O01088,C1629,V074,P0638,2025-10-07,1,248.4,2.6,0,0,3.8
O01089,C1851,V034,P0300,2025-03-03,1,536.33,3.0,0,1,4.3
O01090,C0936,V085,P0166,2025-12-08,2,1963.29,6.2,0,0,3.6
O01091,C1217,V006,P0087,2025-02-16,3,1421.98,5.4,0,0,4.4
O01092,C2112,V002,P0237,2025-11-24,3,1601.44,4.9,0,0,3.8
O01093,C0556,V062,P0515,2025-08-14,1,632.6,2.7,0,0,4.5
O01094,C0300,V091,P0964,2025-08-07,4,3239.23,3.5,0,0,3.3
O01095,C1527,V052,P0083,2025-12-28,1,319.35,3.4,0,0,5.0
O01096,C0991,V035,P0833,2025-10-15,2,1894.37,2.6,0,0,4.2
O01097,C2343,V078,P0632,2025-09-27,2,1737.59,5.5,0,0,2.8
O01098,C1655,V041,P0091,2025-11-02,2,857.75,4.9,0,0,3.4
O01099,C0189,V019,P0815,2025-12-03,3,1062.01,3.8,0,1,5.0
O01100,C1819,V071,P0280,2025-10-15,1,1037.41,2.5,0,0,4.3
O01101,C1779,V089,P0589,2025-03-10,2,1275.69,4.6,0,0,4.7
O01102,C0125,V031,P0620,2025-10-11,5,4167.05,3.7,0,0,5.0
O01103,C2234,V076,P0104,2025-11-20,1,620.21,3.7,0,1,4.2
O01104,C1138,V007,P0189,2025-10-04,4,1764.61,5.0,0,0,3.6
O01105,C2263,V053,P0128,2025-09-15,3,1690.33,5.4,0,0,3.9
O01106,C0096,V077,P0867,2025-05-28,3,3001.33,4.9,0,0,4.6
O01107,C1642,V026,P0272,2025-09-23,1,634.14,4.9,0,0,4.5
O01108,C0844,V100,P0939,2025-04-04,1,354.12,4.2,0,0,3.6
O01109,C1289,V020,P0827,2025-06-25,3,1175.25,3.8,0,1,3.7
O01110,C2079,V041,P0693,2025-08-19,6,2459.47,3.4,1,0,3.8
O01111,C1006,V060,P0536,2025-05-20,5,3048.54,3.6,0,0,4.0
O01112,C2411,V065,P0507,2025-07-21,1,645.76,2.7,1,0,3.7
O01113,C2229,V015,P0289,2025-01-06,3,1769.64,2.5,0,0,4.0
O01114,C1186,V031,P0742,2025-02-03,3,1889.11,3.2,0,0,5.0
O01115,C1058,V095,P0656,2025-11-13,2,615.73,7.3,0,0,4.7
O01116,C1120,V095,P0839,2025-10-11,1,572.92,6.9,0,0,3.9
O01117,C1241,V058,P0208,2025-12-11,5,5063.53,4.0,0,0,4.4
O01118,C1339,V071,P0121,2025-08-02,2,700.34,5.3,0,0,4.3
O01119,C2113,V052,P0911,2025-11-28,1,912.1,3.8,0,0,4.6
O01120,C1732,V004,P0297,2025-01-11,4,1289.41,3.8,0,0,3.1
O01121,C2219,V054,P0405,2025-10-23,1,279.76,3.8,1,0,4.6
O01122,C1282,V051,P0122,2025-06-25,1,1083.41,4.7,0,0,4.0
O01123,C2270,V018,P0130,2025-11-02,8,5125.03,5.1,0,0,3.6
O01124,C2316,V007,P0189,2025-02-14,2,1000.82,2.4,0,0,3.7
O01125,C0992,V047,P0611,2025-03-04,1,804.93,3.6,0,0,4.0
O01126,C2054,V061,P0484,2025-07-16,3,2533.38,4.7,0,0,3.5
O01127,C0946,V024,P0817,2025-03-25,2,608.92,5.3,0,0,4.4
O01128,C0226,V013,P0412,2025-02-27,1,422.11,4.0,0,0,4.7
O01129,C0922,V069,P0259,2025-05-19,3,2337.08,2.6,0,0,4.5
O01130,C0744,V051,P0190,2025-04-23,2,1221.13,4.8,0,0,4.7
O01131,C0959,V066,P0172,2025-08-08,2,1520.3,2.6,0,0,3.9
O01132,C0182,V027,P0581,2025-03-14,3,1591.08,4.5,0,0,3.5
O01133,C0130,V019,P0396,2025-12-07,5,1428.97,2.2,0,0,4.2
O01134,C0697,V021,P0315,2025-07-10,5,5308.09,6.5,0,0,4.5
O01135,C0034,V092,P0980,2025-05-07,5,3226.96,5.0,0,0,4.4
O01136,C1498,V039,P0928,2025-10-28,3,2112.49,2.6,0,1,4.4
O01137,C2064,V004,P0940,2025-08-10,3,2322.94,2.3,1,0,4.7
O01138,C0213,V039,P0985,2025-08-01,2,1275.24,5.9,1,0,4.8
O01139,C0769,V079,P0326,2025-08-16,1,288.12,3.5,0,0,5.0
O01140,C1130,V099,P0567,2025-08-31,1,501.53,4.3,0,0,4.4
O01141,C0219,V054,P0736,2025-07-30,1,732.92,5.5,0,0,4.8
O01142,C1184,V100,P0097,2025-09-02,4,3109.41,3.0,0,0,3.7
O01143,C0857,V086,P0524,2025-04-01,3,2361.47,3.2,0,0,3.8
O01144,C1494,V086,P0055,2025-02-22,1,516.25,4.9,0,0,4.2
O01145,C0305,V017,P0089,2025-02-01,3,1834.56,1.0,0,0,3.6
O01146,C1724,V100,P0449,2025-04-16,2,691.97,5.1,0,0,4.0
O01147,C1266,V027,P0261,2025-04-08,1,446.34,3.9,0,0,3.8
O01148,C1617,V100,P0382,2025-09-03,3,869.74,5.7,0,0,4.7
O01149,C0324,V006,P0087,2025-07-02,1,577.48,5.7,0,0,4.0
O01150,C1748,V002,P0972,2025-03-29,1,402.32,3.2,0,0,3.7
O01151,C2308,V085,P0052,2025-02-12,1,511.68,4.3,0,0,3.3
O01152,C2138,V054,P0498,2025-08-06,2,1122.75,5.2,0,0,4.4
O01153,C1539,V073,P0936,2025-01-05,3,1321.24,5.2,0,0,4.1
O01154,C1670,V036,P0401,2025-10-28,2,1308.41,4.0,0,0,4.0
O01155,C1361,V026,P0746,2025-01-30,1,591.3,5.0,0,0,4.2
O01156,C0060,V038,P0478,2025-05-19,1,333.3,5.4,1,0,4.5
O01157,C0024,V037,P0195,2025-08-07,2,813.78,5.2,0,0,3.9
O01158,C2355,V039,P0179,2025-06-30,1,790.69,5.0,0,0,4.6
O01159,C2015,V013,P0493,2025-12-23,1,573.2,4.0,0,0,4.3
O01160,C0004,V080,P0660,2025-11-29,2,2483.68,4.1,0,1,4.0
O01161,C0156,V010,P0901,2025-06-15,1,557.62,5.8,0,0,4.5
O01162,C1223,V037,P0803,2025-10-14,1,943.94,2.9,0,0,3.6
O01163,C2302,V081,P0804,2025-06-01,3,1232.5,2.5,1,0,4.2
O01164,C1091,V080,P0518,2025-08-08,1,1523.4,5.3,0,0,4.0
O01165,C1863,V030,P0358,2025-01-19,1,468.21,2.9,0,0,3.9
O01166,C1603,V038,P0348,2025-03-27,1,236.83,3.6,0,0,3.8
O01167,C1940,V082,P0691,2025-12-01,2,2011.69,3.5,0,0,5.0
O01168,C0847,V046,P0443,2025-09-01,3,1395.41,3.6,0,0,4.2
O01169,C1995,V040,P0510,2025-08-03,2,880.08,3.1,0,1,4.9
O01170,C1008,V069,P0381,2025-03-27,4,1232.11,1.7,0,0,3.8
O01171,C2055,V095,P0118,2025-08-30,5,4554.98,5.6,1,0,3.7
O01172,C0397,V007,P0189,2025-07-13,5,2485.85,5.4,0,0,4.3
O01173,C0639,V020,P0470,2025-02-25,2,1249.54,5.6,1,0,3.9
O01174,C0750,V043,P0910,2025-12-06,3,1361.88,7.4,0,0,4.3
O01175,C0416,V050,P0703,2025-11-15,2,1766.04,5.6,0,0,4.5
O01176,C0775,V020,P0696,2025-03-23,3,1482.84,5.6,0,0,4.0
O01177,C0490,V059,P0665,2025-08-04,2,587.95,4.5,0,0,4.5
O01178,C0241,V037,P0681,2025-05-13,1,467.43,5.2,0,1,3.2
O01179,C1301,V076,P0453,2025-02-26,2,1053.13,4.1,0,0,4.8
O01180,C0496,V091,P0964,2025-03-07,1,819.18,4.4,0,0,2.9
O01181,C0112,V062,P0302,2025-02-16,3,1035.21,3.6,0,0,3.9
O01182,C0627,V012,P0238,2025-01-08,1,552.93,3.6,0,0,4.1
O01183,C1129,V042,P0374,2025-11-03,2,848.68,6.2,0,0,3.0
O01184,C0972,V031,P0223,2025-08-13,1,588.48,2.6,0,0,4.0
O01185,C2006,V062,P0834,2025-04-27,1,323.48,3.6,0,0,4.8
O01186,C2321,V034,P0300,2025-03-27,4,2340.61,6.3,0,0,3.6
O01187,C0267,V031,P0424,2025-01-11,4,1962.41,2.4,0,1,4.8
O01188,C2005,V064,P0918,2025-04-21,1,595.66,1.0,0,0,4.6
O01189,C0425,V086,P0679,2025-03-11,1,323.32,5.2,0,0,3.5
O01190,C1600,V025,P0807,2025-01-24,3,2246.79,2.0,0,0,4.7
O01191,C1832,V082,P0254,2025-01-11,4,4829.7,4.2,0,0,4.0
O01192,C0572,V015,P0150,2025-09-05,2,934.97,4.9,0,0,4.3
O01193,C0749,V040,P0913,2025-07-23,2,734.79,4.3,0,0,4.5
O01194,C1777,V039,P0179,2025-02-26,3,2067.87,5.6,0,0,4.7
O01195,C2083,V087,P0088,2025-11-28,5,959.07,5.4,0,0,3.9
O01196,C0973,V053,P0425,2025-12-12,6,1813.04,4.6,0,0,3.7
O01197,C2371,V091,P0323,2025-09-14,7,3455.19,4.4,0,0,3.7
O01198,C2433,V020,P0090,2025-12-26,3,1987.71,2.1,0,0,3.6
O01199,C1369,V070,P0391,2025-08-28,3,891.05,5.7,0,0,4.1
O01200,C2169,V034,P0140,2025-06-23,1,876.29,4.7,0,0,3.9
O01201,C1854,V016,P0840,2025-05-25,4,2063.3,3.7,0,0,3.8
O01202,C0291,V035,P0982,2025-02-20,4,2062.78,6.7,0,0,4.1
O01203,C0872,V017,P0054,2025-11-05,1,597.44,4.0,0,1,3.6
O01204,C0142,V091,P0964,2025-02-23,3,2449.44,2.3,0,0,4.2
O01205,C2316,V065,P0966,2025-02-22,4,4431.0,3.9,0,0,4.7
O01206,C1347,V063,P0636,2025-04-15,3,1050.4,1.6,0,0,4.5
O01207,C2333,V018,P0973,2025-06-22,4,5401.13,7.0,0,0,4.1
O01208,C2304,V021,P0610,2025-08-14,3,1831.06,4.9,0,0,4.3
O01209,C0702,V080,P0883,2025-12-15,1,544.86,4.5,1,0,3.7
O01210,C0858,V096,P0266,2025-10-17,1,558.79,5.2,0,0,4.3
O01211,C1711,V037,P0654,2025-12-09,2,1365.24,4.9,0,0,4.3
O01212,C2066,V036,P0578,2025-03-30,4,2238.68,2.7,0,0,4.4
O01213,C1314,V078,P0218,2025-03-12,2,739.08,2.3,0,0,3.1
O01214,C0009,V076,P0104,2025-11-09,3,1910.69,3.1,0,0,3.9
O01215,C1638,V073,P0284,2025-04-08,1,542.43,3.6,0,0,4.4
O01216,C0011,V022,P0692,2025-10-17,1,797.75,3.9,0,0,4.0
O01217,C1988,V083,P0221,2025-05-28,3,1565.59,5.5,0,0,4.1
O01218,C0333,V037,P0480,2025-10-09,1,313.88,5.4,0,0,4.0
O01219,C1079,V039,P0462,2025-12-24,2,1409.57,4.8,0,0,4.3
O01220,C2326,V093,P0698,2025-06-09,1,488.77,3.8,0,0,4.6
O01221,C0606,V096,P0556,2025-04-21,1,379.22,5.2,0,0,3.5
O01222,C1071,V026,P0253,2025-02-11,2,4584.37,3.8,0,0,4.1
O01223,C1904,V012,P0224,2025-11-02,1,360.0,5.1,0,0,4.6
O01224,C0710,V046,P0004,2025-07-10,1,577.83,1.2,0,0,3.7
O01225,C1788,V038,P0888,2025-07-18,5,5054.3,5.5,0,0,4.3
O01226,C0025,V003,P0023,2025-04-01,1,1336.8,4.5,0,0,4.4
O01227,C0846,V081,P0074,2025-03-24,4,1517.84,3.8,0,0,4.3
O01228,C0222,V086,P0160,2025-08-10,1,1785.23,4.5,0,0,3.6
O01229,C0819,V067,P0410,2025-03-09,1,614.77,1.6,0,0,3.7
O01230,C0495,V065,P0451,2025-02-14,1,1080.84,1.8,0,0,3.5
O01231,C1510,V075,P0684,2025-12-28,2,880.51,3.6,0,0,4.0
O01232,C0681,V091,P0475,2025-06-20,1,985.05,5.0,0,0,4.4
O01233,C2394,V016,P0501,2025-05-12,1,342.12,5.0,0,0,4.1
O01234,C2380,V074,P0907,2025-09-10,5,1344.62,2.1,0,0,4.4
O01235,C0241,V083,P0640,2025-05-06,2,1319.62,4.5,0,0,3.4
O01236,C1233,V038,P0295,2025-01-28,1,983.48,4.3,0,0,5.0
O01237,C1253,V066,P0931,2025-12-30,1,900.62,3.4,1,0,4.0
O01238,C0305,V092,P0436,2025-03-27,1,997.6,6.6,0,0,4.3
O01239,C1604,V065,P0966,2025-08-13,4,4091.26,1.9,0,0,4.2
O01240,C1390,V093,P0955,2025-03-09,2,1579.19,3.6,0,0,4.3
O01241,C1341,V062,P0469,2025-12-16,1,478.55,6.0,1,0,3.9
O01242,C1372,V065,P0590,2025-03-30,1,1311.29,2.3,1,0,3.5
O01243,C2151,V095,P0120,2025-04-13,2,937.54,4.8,0,0,4.2
O01244,C0116,V007,P0189,2025-03-14,3,1420.12,4.6,1,0,4.0
O01245,C0652,V052,P0667,2025-05-14,2,701.51,6.4,0,0,4.1
O01246,C1661,V015,P0970,2025-10-07,3,605.67,6.1,0,0,4.2
O01247,C2184,V004,P0297,2025-05-11,4,1443.55,3.2,0,0,4.1
O01248,C0651,V084,P0958,2025-06-23,2,1583.93,6.2,1,0,3.7
O01249,C0100,V017,P0271,2025-10-22,8,7381.98,4.2,0,0,4.2
O01250,C1085,V059,P0012,2025-08-25,4,3915.33,5.1,0,0,3.9
O01251,C0531,V034,P0798,2025-06-01,4,3337.37,3.6,1,0,4.0
O01252,C1900,V038,P0533,2025-07-10,2,1334.58,5.8,0,1,3.6
O01253,C1864,V021,P0431,2025-02-16,1,278.73,4.7,1,0,3.9
O01254,C0611,V065,P0649,2025-12-03,1,464.53,4.5,0,0,4.2
O01255,C0343,V094,P0046,2025-03-19,1,403.07,5.3,0,0,4.1
O01256,C0222,V015,P0876,2025-08-27,1,1051.04,3.8,1,0,4.0
O01257,C1661,V064,P0812,2025-01-25,2,1284.21,3.3,0,0,3.9
O01258,C0180,V036,P0401,2025-01-12,3,2012.23,2.9,0,0,4.0
O01259,C0548,V094,P0879,2025-12-21,1,472.9,3.7,0,0,5.0
O01260,C2371,V026,P0795,2025-07-06,1,397.92,4.4,0,0,4.2
O01261,C1203,V046,P0534,2025-02-26,2,988.43,4.8,0,1,4.3
O01262,C0347,V023,P0161,2025-05-11,4,1623.27,5.1,0,0,4.6
O01263,C1182,V034,P0641,2025-10-12,3,1680.05,3.2,1,0,4.6
O01264,C1991,V008,P0398,2025-06-02,1,336.48,5.2,0,0,4.3
O01265,C0120,V017,P0769,2025-11-16,4,2165.72,2.0,0,0,3.4
O01266,C2393,V082,P0488,2025-09-02,2,959.43,5.3,0,0,4.6
O01267,C0575,V090,P0371,2025-07-12,4,2289.85,5.2,1,0,3.2
O01268,C1949,V051,P0607,2025-05-29,3,1190.66,4.9,0,1,4.6
O01269,C2495,V094,P0744,2025-06-04,5,3683.34,3.7,0,0,4.2
O01270,C0811,V004,P0297,2025-09-30,2,653.52,3.2,0,0,4.1
O01271,C1937,V021,P0431,2025-01-17,1,241.7,4.7,0,0,4.1
O01272,C1139,V027,P0581,2025-03-27,3,1696.62,4.9,0,1,3.5
O01273,C0232,V080,P0686,2025-02-06,2,852.65,4.8,0,0,3.6
O01274,C0052,V059,P0622,2025-02-14,4,1811.31,4.5,0,0,4.1
O01275,C1428,V040,P0675,2025-08-19,2,2648.49,3.8,0,0,4.8
O01276,C0535,V054,P0274,2025-04-02,3,1719.96,4.6,0,0,4.7
O01277,C1116,V093,P0599,2025-03-19,3,2472.08,4.4,0,0,4.6
O01278,C2378,V041,P0091,2025-10-31,4,1492.47,4.2,1,0,4.0
O01279,C0255,V057,P0531,2025-08-19,2,715.28,2.9,1,0,4.4
O01280,C1715,V062,P0469,2025-08-14,1,507.05,5.2,0,0,3.7
O01281,C1541,V029,P0225,2025-05-25,6,3051.26,4.3,0,0,3.9
O01282,C1040,V073,P0617,2025-08-17,1,520.51,5.6,0,0,3.9
O01283,C0591,V017,P0403,2025-07-29,2,1446.08,4.0,0,0,3.6
O01284,C0004,V042,P0734,2025-09-29,3,1841.6,5.4,0,0,4.2
O01285,C1732,V090,P0053,2025-01-19,1,331.57,3.6,0,0,3.9
O01286,C1240,V037,P0674,2025-08-04,1,1548.2,4.8,0,0,4.3
O01287,C1416,V021,P0315,2025-11-23,1,1092.7,5.4,0,0,4.3
O01288,C0652,V053,P0517,2025-02-09,1,522.78,4.5,0,0,3.8
O01289,C0035,V010,P0497,2025-03-08,1,340.99,3.4,0,0,4.1
O01290,C0579,V043,P0657,2025-10-25,3,2179.75,6.4,0,0,4.1
O01291,C0695,V026,P0813,2025-03-03,1,741.51,4.4,0,0,3.7
O01292,C0496,V052,P0083,2025-11-25,1,366.21,7.3,0,0,4.1
O01293,C1979,V013,P0183,2025-02-16,1,311.46,2.6,0,0,4.6
O01294,C0532,V024,P0699,2025-04-04,3,2050.09,4.3,0,0,5.0
O01295,C2436,V031,P0201,2025-05-22,2,614.82,1.0,0,0,5.0
O01296,C1272,V077,P0881,2025-04-18,4,1260.04,6.3,0,0,4.1
O01297,C1936,V066,P0670,2025-10-02,1,583.77,5.5,0,0,4.2
O01298,C1004,V041,P0386,2025-07-03,4,2094.97,2.3,0,0,3.8
O01299,C0819,V025,P0370,2025-10-10,3,799.17,3.9,0,0,4.7
O01300,C0164,V057,P0706,2025-07-17,3,2747.99,3.6,1,0,3.8
O01301,C2393,V027,P0581,2025-05-08,4,2260.16,2.4,0,0,3.1
O01302,C1356,V025,P0563,2025-11-28,4,2090.23,3.5,0,0,4.5
O01303,C1464,V067,P0357,2025-10-11,4,1400.15,3.9,0,0,4.2
O01304,C1130,V050,P0743,2025-07-20,3,1098.81,6.0,0,0,4.1
O01305,C1397,V085,P0052,2025-05-01,2,981.41,5.5,0,0,3.6
O01306,C2096,V038,P0533,2025-10-04,6,4272.52,3.4,0,0,3.9
O01307,C1211,V068,P0155,2025-06-03,1,788.74,1.6,1,0,4.2
O01308,C0697,V012,P0283,2025-06-10,1,537.21,5.1,0,0,4.1
O01309,C2419,V038,P0295,2025-12-17,3,3124.66,4.1,0,0,4.0
O01310,C1275,V017,P0271,2025-04-08,3,2961.87,3.6,0,1,4.1
O01311,C0880,V081,P0074,2025-03-30,2,866.36,4.4,0,1,4.3
O01312,C1316,V081,P0074,2025-04-30,3,1290.25,3.9,0,0,4.7
O01313,C0104,V002,P0783,2025-12-22,3,1207.25,4.3,0,0,3.2
O01314,C1510,V003,P0495,2025-05-02,4,2653.55,3.8,0,0,4.4
O01315,C0166,V017,P0054,2025-10-14,3,1791.98,3.6,0,0,4.5
O01316,C0838,V094,P0046,2025-05-03,1,390.11,3.7,0,0,3.8
O01317,C1435,V047,P0243,2025-07-30,4,1194.14,4.0,0,0,4.6
O01318,C2086,V072,P0967,2025-05-30,3,2736.6,4.5,0,0,4.3
O01319,C1131,V019,P0209,2025-06-07,2,1057.63,5.4,0,0,4.2
O01320,C0236,V077,P0880,2025-01-16,2,1166.37,4.5,1,0,3.4
O01321,C0794,V043,P0849,2025-03-25,2,2029.0,5.2,1,0,4.0
O01322,C0923,V002,P0762,2025-01-14,3,707.97,5.1,0,0,3.8
O01323,C0738,V043,P0657,2025-11-12,2,1366.24,4.7,0,0,4.1
O01324,C0305,V078,P0086,2025-03-12,2,1185.07,3.9,0,0,2.7
O01325,C1835,V091,P0799,2025-08-19,3,1221.34,2.4,0,0,3.5
O01326,C1027,V053,P0257,2025-06-03,2,1712.92,6.4,0,1,3.8
O01327,C0229,V077,P0881,2025-10-31,3,930.97,3.8,1,0,4.2
O01328,C0175,V099,P0787,2025-06-25,2,2262.2,3.1,0,0,4.5
O01329,C1484,V095,P0264,2025-10-03,4,4069.31,5.3,0,0,4.6
O01330,C0140,V057,P0366,2025-11-01,2,531.85,6.7,0,0,4.1
O01331,C1408,V070,P0251,2025-12-11,1,754.09,4.6,0,1,3.9
O01332,C0849,V071,P0129,2025-02-08,2,1472.84,2.3,0,0,3.6
O01333,C1346,V043,P0910,2025-09-04,3,1332.85,7.9,0,0,4.2
O01334,C1078,V032,P0643,2025-06-09,1,875.11,6.3,1,0,4.2
O01335,C1062,V047,P0243,2025-08-10,5,1817.72,2.6,1,0,4.1
O01336,C0741,V060,P0659,2025-12-25,2,941.8,3.8,0,0,3.2
O01337,C0860,V044,P0427,2025-12-20,2,1504.72,7.2,0,0,4.9
O01338,C1906,V044,P0207,2025-09-12,3,1904.1,5.0,1,0,4.4
O01339,C1326,V036,P0598,2025-07-04,1,399.73,3.1,0,0,2.8
O01340,C1378,V029,P0225,2025-10-25,2,969.45,5.8,0,0,4.4
O01341,C1128,V038,P0317,2025-12-10,1,774.29,3.5,0,0,4.1
O01342,C0359,V054,P0241,2025-07-10,2,1619.05,4.5,0,0,4.7
O01343,C2448,V044,P0279,2025-09-27,5,3947.28,6.2,0,0,4.7
O01344,C1485,V066,P0102,2025-12-05,3,2145.75,3.3,0,0,3.9
O01345,C0792,V048,P0521,2025-08-25,3,900.22,5.0,0,0,4.9
O01346,C1493,V056,P0894,2025-04-27,2,1130.44,3.3,0,0,4.5
O01347,C0539,V082,P0076,2025-12-15,1,1245.22,5.5,0,1,4.2
O01348,C0932,V027,P0309,2025-01-02,1,349.79,1.1,0,0,3.8
O01349,C1300,V076,P0761,2025-06-18,2,1189.85,3.6,0,0,4.2
O01350,C0454,V067,P0162,2025-01-29,2,678.76,1.0,0,0,3.9
O01351,C2220,V100,P0400,2025-07-16,2,2237.08,4.6,0,0,4.2
O01352,C2351,V085,P0052,2025-08-17,3,1606.86,3.9,0,0,3.3
O01353,C1855,V095,P0999,2025-07-04,5,2282.48,5.9,0,0,3.9
O01354,C1253,V086,P0672,2025-12-08,2,1451.94,5.1,0,0,4.4
O01355,C0387,V053,P0257,2025-01-17,2,1467.62,5.3,0,0,4.2
O01356,C2324,V034,P0906,2025-01-16,2,1255.87,3.7,0,0,3.7
O01357,C0290,V051,P0065,2025-02-25,1,677.12,4.4,0,0,4.3
O01358,C2366,V078,P0086,2025-11-06,1,572.21,3.5,0,0,3.3
O01359,C1202,V047,P0548,2025-08-28,4,5349.76,3.4,0,0,4.7
O01360,C1745,V020,P0715,2025-03-25,1,770.72,3.7,0,0,4.0
O01361,C0680,V089,P0108,2025-08-27,2,688.94,3.0,0,0,3.5
O01362,C1149,V005,P0350,2025-07-21,2,1929.51,5.0,0,0,4.0
O01363,C0998,V054,P0232,2025-07-11,1,188.98,3.7,0,0,4.4
O01364,C1913,V033,P0554,2025-12-12,1,379.58,4.6,0,0,4.4
O01365,C2256,V091,P0323,2025-09-09,6,2831.91,4.3,0,0,3.9
O01366,C2473,V091,P0434,2025-08-25,4,1842.02,3.2,0,0,3.3
O01367,C0119,V012,P0238,2025-12-21,1,580.52,4.1,0,0,3.8
O01368,C0015,V068,P0342,2025-08-11,4,2896.86,2.8,0,0,3.9
O01369,C0081,V069,P0163,2025-07-05,1,203.92,3.4,0,0,4.8
O01370,C1782,V007,P0009,2025-06-15,5,2856.28,2.6,1,0,3.5
O01371,C1110,V003,P0288,2025-01-18,3,2163.33,4.5,0,0,4.9
O01372,C1055,V039,P0848,2025-05-05,4,1571.52,4.7,0,0,5.0
O01373,C0277,V017,P0769,2025-01-25,2,1106.93,4.1,0,0,3.8
O01374,C2305,V025,P0914,2025-07-31,2,1567.64,4.2,0,0,4.7
O01375,C1200,V065,P0509,2025-08-26,3,1015.39,3.5,0,0,4.6
O01376,C1206,V015,P0150,2025-08-01,3,1374.24,3.1,0,1,4.4
O01377,C0239,V099,P0567,2025-11-12,1,621.09,3.7,0,1,4.5
O01378,C1155,V079,P0773,2025-03-24,2,803.39,3.6,0,0,4.4
O01379,C2434,V066,P0102,2025-08-31,1,664.57,3.6,0,0,4.5
O01380,C1696,V072,P0479,2025-08-04,1,457.7,4.2,0,0,3.9
O01381,C1448,V035,P0805,2025-06-01,2,662.53,6.0,0,0,4.1
O01382,C0762,V052,P0083,2025-07-13,3,1061.55,4.4,1,0,5.0
O01383,C1191,V089,P0512,2025-01-18,1,498.55,2.7,0,0,4.2
O01384,C0657,V074,P0714,2025-07-20,2,1878.36,3.6,0,0,4.9
O01385,C0211,V081,P0346,2025-06-27,1,553.74,3.5,0,0,4.2
O01386,C1981,V054,P0241,2025-08-23,3,2285.7,5.0,0,1,4.4
O01387,C0488,V069,P0750,2025-04-21,1,910.73,5.9,0,0,4.7
O01388,C0014,V035,P0805,2025-12-02,4,1349.95,5.5,0,0,4.1
O01389,C1414,V043,P0657,2025-07-15,1,719.16,5.5,0,0,4.0
O01390,C0083,V023,P0446,2025-04-20,2,783.1,4.9,0,0,4.5
O01391,C2099,V067,P0749,2025-12-15,2,813.54,5.5,0,0,4.3
O01392,C0947,V029,P0058,2025-10-18,3,937.86,4.0,0,0,3.9
O01393,C2234,V093,P0491,2025-01-25,2,716.58,3.0,0,1,3.7
O01394,C1844,V044,P0796,2025-03-28,2,1334.71,3.4,0,0,3.9
O01395,C0347,V093,P0491,2025-08-12,3,1269.91,5.3,0,0,3.9
O01396,C2366,V013,P0183,2025-05-15,1,284.72,5.2,0,0,4.3
O01397,C2493,V097,P0697,2025-07-24,3,806.62,5.4,0,1,4.0
O01398,C0277,V059,P0159,2025-08-23,4,1857.22,3.6,0,0,4.5
O01399,C0826,V093,P0330,2025-02-01,4,2072.16,4.5,0,0,3.8
O01400,C1133,V023,P0446,2025-05-23,3,1213.91,5.5,0,0,5.0
O01401,C2472,V064,P0812,2025-10-17,3,2282.26,4.1,0,0,4.0
O01402,C1228,V057,P0645,2025-04-14,1,387.89,3.8,0,0,4.0
O01403,C1197,V081,P0114,2025-04-19,5,2258.63,3.8,0,0,4.4
O01404,C0487,V039,P0455,2025-12-01,1,995.14,6.7,0,0,4.0
O01405,C0367,V080,P0669,2025-01-23,1,292.13,4.2,0,0,3.4
O01406,C0036,V075,P0248,2025-06-05,3,1617.93,2.1,0,0,4.3
O01407,C0536,V056,P0988,2025-10-02,1,954.63,4.3,0,0,3.9
O01408,C2476,V026,P0408,2025-03-18,1,497.15,4.0,0,0,4.5
O01409,C1307,V031,P0387,2025-08-28,6,3188.27,2.5,0,0,4.0
O01410,C0303,V088,P0192,2025-11-10,3,2475.09,3.6,0,0,3.6
O01411,C1515,V057,P0531,2025-08-26,1,286.47,4.6,0,0,4.7
O01412,C0529,V099,P0787,2025-11-04,2,2272.23,3.5,0,0,4.9
O01413,C1220,V065,P0509,2025-06-23,1,335.25,4.5,0,0,4.5
O01414,C1722,V042,P0492,2025-10-18,1,489.15,6.4,0,0,4.3
O01415,C0246,V054,P0498,2025-08-23,1,489.97,4.1,0,0,4.3
O01416,C1165,V067,P0410,2025-10-17,4,2528.33,3.1,0,0,4.4
O01417,C0937,V021,P0610,2025-06-21,1,520.47,4.0,0,0,3.5
O01418,C1527,V057,P0418,2025-11-26,3,2043.82,2.8,0,0,4.9
O01419,C0213,V092,P0628,2025-06-07,1,489.94,5.4,0,0,5.0
O01420,C0818,V046,P0739,2025-05-25,2,620.22,4.5,0,0,4.3
O01421,C2246,V005,P0132,2025-01-03,2,1378.81,3.9,0,1,3.8
O01422,C1840,V095,P0118,2025-09-07,3,2563.16,5.6,0,0,4.4
O01423,C2122,V022,P0125,2025-08-04,3,2392.08,4.3,1,0,4.7
O01424,C1261,V012,P0905,2025-05-25,2,1004.07,4.8,0,0,5.0
O01425,C0250,V081,P0368,2025-01-01,1,434.38,4.4,0,0,3.6
O01426,C2381,V013,P0522,2025-10-10,1,911.91,4.7,0,0,4.0
O01427,C0324,V012,P0238,2025-06-05,3,1624.2,4.3,0,0,3.8
O01428,C2359,V058,P0741,2025-11-03,2,992.12,3.9,0,0,3.7
O01429,C2425,V037,P0695,2025-03-15,3,2883.98,3.8,0,0,4.4
O01430,C0388,V034,P0981,2025-12-18,3,1507.47,4.6,0,0,3.7
O01431,C0414,V051,P0687,2025-04-07,3,1174.99,3.8,0,0,4.1
O01432,C0615,V010,P0497,2025-11-17,1,360.85,6.8,0,0,4.3
O01433,C0761,V021,P0819,2025-03-05,2,552.06,4.1,0,0,4.7
O01434,C1525,V038,P0921,2025-02-27,7,2643.07,4.0,0,0,3.7
O01435,C0218,V079,P0794,2025-05-07,5,2497.31,2.5,0,0,4.3
O01436,C2031,V037,P0234,2025-07-31,1,579.37,2.8,0,1,4.4
O01437,C1246,V017,P0271,2025-02-23,2,1924.0,2.6,0,0,3.4
O01438,C1452,V045,P0745,2025-04-03,5,1840.33,3.4,0,0,4.3
O01439,C0857,V001,P0852,2025-03-14,4,1314.31,4.4,0,0,5.0
O01440,C0911,V058,P0741,2025-04-11,2,1073.62,4.8,0,0,3.8
O01441,C0998,V082,P0426,2025-08-18,1,864.21,3.3,0,0,4.7
O01442,C0966,V041,P0404,2025-04-26,2,1591.08,2.5,1,0,3.7
O01443,C1827,V053,P0753,2025-12-26,1,467.47,6.2,0,0,4.2
O01444,C0987,V083,P0460,2025-03-26,6,8013.99,3.2,0,0,3.7
O01445,C0451,V023,P0217,2025-12-21,5,3469.07,2.3,0,0,4.3
O01446,C1485,V090,P0919,2025-01-26,4,4119.49,6.2,0,0,3.7
O01447,C1408,V062,P0597,2025-06-23,5,1899.94,4.8,1,0,4.5
O01448,C2280,V055,P0552,2025-02-22,1,498.0,3.9,0,0,4.1
O01449,C0271,V091,P0475,2025-05-13,1,1117.0,3.0,0,0,3.4
O01450,C0191,V010,P0777,2025-08-22,2,3292.7,4.3,0,0,4.8
O01451,C1564,V051,P0349,2025-04-21,2,1284.54,4.1,0,0,4.1
O01452,C1455,V061,P0728,2025-02-21,3,1369.17,5.0,0,1,3.6
O01453,C1741,V038,P0100,2025-02-19,2,758.66,5.3,0,1,4.5
O01454,C0373,V085,P0052,2025-03-25,1,562.1,5.2,0,0,3.3
O01455,C2444,V040,P0210,2025-08-04,4,3171.67,4.4,0,0,3.0
O01456,C0452,V099,P0575,2025-08-14,3,3136.21,3.3,0,0,4.6
O01457,C1170,V002,P0049,2025-12-27,1,290.49,3.7,1,0,3.0
O01458,C1176,V099,P0575,2025-07-24,2,2119.15,4.3,0,0,4.7
O01459,C2037,V094,P0998,2025-12-18,2,985.68,5.0,1,0,4.5
O01460,C1116,V073,P0759,2025-05-31,1,1038.86,3.1,0,0,3.9
O01461,C1613,V088,P0318,2025-05-08,4,3537.18,2.6,0,0,4.2
O01462,C1425,V100,P0596,2025-03-18,2,836.14,4.2,0,0,3.7
O01463,C1310,V030,P0662,2025-05-28,1,482.61,4.7,0,0,3.5
O01464,C1345,V004,P0319,2025-04-27,2,616.74,3.6,0,0,3.7
O01465,C2442,V042,P0228,2025-11-10,4,2187.04,4.3,0,0,4.3
O01466,C0984,V067,P0682,2025-10-19,3,1818.99,3.3,0,0,3.2
O01467,C2008,V058,P0634,2025-06-30,5,4087.51,3.0,0,1,4.3
O01468,C0598,V039,P0462,2025-05-29,5,3011.23,5.3,0,0,4.3
O01469,C2061,V097,P0751,2025-01-16,1,332.33,5.1,0,0,3.5
O01470,C0770,V004,P0319,2025-01-11,4,1438.43,3.8,0,0,3.8
O01471,C1684,V073,P0936,2025-04-23,1,450.67,5.8,0,0,4.5
O01472,C0253,V068,P0155,2025-12-13,2,1420.1,6.0,0,0,3.9
O01473,C1394,V002,P0716,2025-10-07,3,1249.77,1.8,0,0,4.0
O01474,C1806,V075,P0024,2025-04-17,2,866.8,4.5,0,0,4.2
O01475,C0826,V041,P0091,2025-02-06,4,1748.48,3.5,0,0,4.7
O01476,C1000,V002,P0339,2025-07-08,3,1763.14,3.8,1,0,3.5
O01477,C2162,V039,P0455,2025-01-30,5,4281.08,6.4,1,0,4.3
O01478,C1075,V001,P0356,2025-09-27,1,221.95,5.0,0,0,4.2
O01479,C0291,V020,P0071,2025-04-13,1,377.93,3.4,0,0,3.9
O01480,C1329,V074,P0096,2025-04-20,3,1403.28,2.4,0,0,4.1
O01481,C0293,V038,P0348,2025-02-26,4,941.49,3.9,0,0,3.6
O01482,C2006,V078,P0858,2025-08-30,3,3593.97,6.2,0,0,4.2
O01483,C0741,V017,P0532,2025-10-21,1,538.3,5.2,0,0,4.2
O01484,C1177,V067,P0162,2025-05-04,3,914.89,4.6,0,1,3.7
O01485,C0768,V036,P0603,2025-11-30,5,1769.77,3.4,0,0,3.7
O01486,C2458,V068,P0978,2025-04-19,1,814.74,2.2,0,0,4.3
O01487,C1546,V054,P0383,2025-02-23,7,2626.47,3.8,0,0,4.3
O01488,C0519,V023,P0115,2025-01-25,1,253.89,4.9,0,0,3.6
O01489,C2115,V045,P0821,2025-04-02,1,748.91,3.0,0,0,4.3
O01490,C1747,V030,P0170,2025-01-11,4,7539.25,3.9,0,0,3.8
O01491,C1880,V020,P0090,2025-09-24,3,2242.63,6.1,0,0,3.7
O01492,C0829,V009,P0075,2025-03-27,2,1179.21,4.0,0,0,3.9
O01493,C2153,V015,P0147,2025-07-14,2,2470.79,6.1,0,1,4.8
O01494,C0081,V098,P0855,2025-08-19,2,663.41,4.2,1,0,3.3
O01495,C0855,V012,P0987,2025-01-15,2,1227.12,4.0,0,0,3.9
O01496,C1765,V087,P0003,2025-05-14,3,1007.86,5.4,0,0,4.1
O01497,C0130,V086,P0752,2025-08-28,2,1272.6,6.0,0,0,4.3
O01498,C1003,V051,P0384,2025-02-04,3,1358.0,4.4,1,0,4.0
O01499,C0625,V099,P0230,2025-04-13,3,1474.82,2.3,0,0,4.0
O01500,C2128,V037,P0785,2025-07-01,4,1454.46,3.4,1,0,4.0
O01501,C1922,V076,P0031,2025-06-08,1,614.0,2.3,0,0,4.2
O01502,C0998,V094,P0744,2025-06-06,1,661.45,3.3,0,0,4.8
O01503,C0075,V025,P0196,2025-05-11,4,1637.03,2.0,0,0,4.1
O01504,C2274,V088,P0312,2025-07-12,1,692.21,4.4,0,0,4.2
O01505,C1738,V018,P0826,2025-09-30,1,489.43,6.1,0,0,3.8
O01506,C0735,V041,P0943,2025-01-28,4,2179.48,4.5,1,0,2.5
O01507,C2129,V073,P0959,2025-04-08,1,399.15,5.4,0,0,4.1
O01508,C1682,V071,P0121,2025-07-18,5,1818.99,3.1,0,0,4.6
O01509,C1523,V086,P0809,2025-08-02,4,4100.79,3.9,0,0,4.6
O01510,C1178,V016,P0501,2025-07-02,1,333.93,5.7,0,0,4.0
O01511,C1376,V070,P0251,2025-09-19,2,1639.44,4.1,0,1,3.7
O01512,C0914,V024,P0859,2025-03-02,5,1829.52,3.6,1,0,4.8
O01513,C1104,V068,P0155,2025-01-20,1,811.22,3.6,0,0,4.4
O01514,C1072,V085,P0345,2025-02-18,3,624.68,4.8,1,0,3.9
O01515,C0927,V076,P0419,2025-09-06,1,548.76,3.8,0,0,4.6
O01516,C1705,V047,P0243,2025-09-29,1,361.88,4.4,1,0,3.9
O01517,C0499,V074,P0222,2025-06-10,1,673.85,2.4,0,0,3.9
O01518,C1578,V096,P0874,2025-02-25,4,3264.83,4.0,0,0,4.1
O01519,C2277,V014,P0694,2025-03-30,3,1711.59,3.8,0,0,5.0
O01520,C2053,V089,P0500,2025-12-23,3,1344.71,1.7,0,0,4.2
O01521,C2444,V025,P0563,2025-06-19,1,649.78,4.4,0,0,4.6
O01522,C2454,V077,P0881,2025-08-29,1,259.8,5.8,0,0,4.2
O01523,C1731,V070,P0440,2025-09-16,1,941.26,3.6,0,0,4.3
O01524,C0158,V066,P0931,2025-03-12,2,1710.34,4.0,0,0,4.4
O01525,C0216,V085,P0345,2025-10-08,3,688.13,5.9,0,1,4.1
O01526,C2068,V079,P0794,2025-06-14,3,1475.22,2.8,0,0,3.5
O01527,C0476,V073,P0959,2025-05-12,4,1653.19,2.6,0,0,4.0
O01528,C1935,V074,P0690,2025-07-21,3,3754.09,3.9,0,0,4.3
O01529,C0780,V003,P0023,2025-10-12,2,2270.03,1.7,0,0,4.2
O01530,C1313,V100,P0400,2025-05-02,1,1169.69,5.3,0,0,4.1
O01531,C0103,V053,P0257,2025-09-07,3,2458.04,6.4,0,1,4.3
O01532,C1768,V005,P0105,2025-12-19,3,1194.73,2.4,0,0,4.2
O01533,C2145,V069,P0673,2025-08-23,4,2268.07,2.0,0,0,4.3
O01534,C1723,V088,P0671,2025-05-01,1,540.35,4.5,0,0,4.0
O01535,C0801,V075,P0024,2025-07-18,1,440.25,3.8,1,0,4.0
O01536,C0133,V027,P0181,2025-04-12,1,545.79,3.3,0,0,3.6
O01537,C2361,V071,P0457,2025-07-07,2,3582.49,3.1,0,0,3.9
O01538,C2467,V005,P0423,2025-01-12,1,632.64,5.3,0,0,3.9
O01539,C1754,V068,P0822,2025-02-13,1,625.54,3.8,0,0,3.6
O01540,C1830,V082,P0544,2025-08-30,2,547.73,5.1,0,0,4.3
O01541,C1805,V042,P0374,2025-01-08,1,451.28,3.9,0,0,3.8
O01542,C0926,V092,P0152,2025-12-02,5,3540.59,5.8,0,0,3.6
O01543,C1562,V057,P0021,2025-07-08,4,1388.0,5.1,0,0,4.1
O01544,C1790,V086,P0450,2025-04-19,5,2676.63,5.1,0,0,3.9
O01545,C1702,V062,P0064,2025-02-18,8,3741.12,4.9,0,0,4.7
O01546,C0451,V027,P0581,2025-08-19,1,539.22,2.8,0,0,3.4
O01547,C0936,V063,P0663,2025-10-09,5,1715.78,2.1,0,0,4.5
O01548,C0413,V015,P0950,2025-09-03,1,343.15,3.7,0,1,4.9
O01549,C0271,V029,P0474,2025-04-24,2,1643.59,4.0,0,0,3.5
O01550,C2003,V087,P0648,2025-01-22,4,2847.98,5.1,0,0,4.4
O01551,C1558,V083,P0460,2025-10-08,2,3240.15,5.9,0,0,3.7
O01552,C2437,V074,P0282,2025-08-22,3,1961.26,1.0,0,0,4.6
O01553,C0852,V012,P0473,2025-07-14,1,394.29,3.9,1,0,4.1
O01554,C0295,V044,P0427,2025-08-06,1,905.68,2.6,0,0,3.8
O01555,C2310,V067,P0357,2025-12-25,3,991.32,4.8,0,0,4.5
O01556,C2395,V017,P0595,2025-09-12,4,4688.25,3.2,0,0,4.3
O01557,C0339,V083,P0640,2025-03-02,2,1234.69,3.7,1,0,3.5
O01558,C0706,V070,P0391,2025-01-11,3,897.74,5.4,0,0,4.3
O01559,C1312,V035,P0982,2025-09-01,1,436.9,5.1,0,0,4.7
O01560,C1930,V007,P0189,2025-12-23,2,825.04,3.8,0,0,4.0
O01561,C2194,V046,P0505,2025-06-01,3,1208.49,3.4,0,0,3.8
O01562,C0883,V059,P0123,2025-02-07,1,549.76,3.4,0,0,4.3
O01563,C1340,V039,P0985,2025-03-02,5,3274.44,4.5,0,0,4.3
O01564,C0504,V050,P0882,2025-12-24,5,3691.61,3.4,0,1,4.6
O01565,C1335,V074,P0638,2025-06-20,2,512.65,3.8,0,0,3.9
O01566,C0653,V023,P0446,2025-11-07,3,1023.9,5.4,0,0,5.0
O01567,C2398,V059,P0235,2025-10-30,3,2145.84,5.4,0,0,3.5
O01568,C1284,V067,P0357,2025-03-26,1,291.13,3.1,0,0,4.0
O01569,C0612,V006,P0180,2025-11-27,3,873.61,4.4,0,0,3.1
O01570,C1025,V014,P0694,2025-04-18,2,1062.56,3.2,0,0,4.7
O01571,C1125,V029,P0474,2025-10-22,1,858.37,4.4,0,0,3.0
O01572,C1934,V067,P0162,2025-01-03,2,618.47,4.6,0,0,3.7
O01573,C1884,V073,P0759,2025-10-29,1,917.18,5.3,0,0,4.2
O01574,C0357,V020,P0470,2025-04-29,2,1736.57,5.8,0,0,3.8
O01575,C1941,V072,P0377,2025-05-14,2,788.52,5.1,0,0,3.7
O01576,C0325,V034,P0798,2025-09-11,2,1561.15,4.3,0,0,4.0
O01577,C1098,V016,P0872,2025-05-21,3,2948.82,5.3,0,0,4.7
O01578,C0575,V043,P0700,2025-10-31,3,2406.09,5.1,0,0,5.0
O01579,C0220,V026,P0795,2025-06-01,7,2507.94,4.2,0,0,4.6
O01580,C1583,V082,P0974,2025-07-28,1,653.85,4.5,0,0,4.6
O01581,C2073,V087,P0499,2025-03-19,2,842.91,5.1,0,0,4.5
O01582,C0874,V078,P0025,2025-08-26,5,2477.28,4.3,0,0,3.5
O01583,C2166,V098,P0855,2025-10-29,4,1312.03,4.9,1,0,4.8
O01584,C2488,V085,P0098,2025-04-26,3,1399.42,5.1,0,0,4.1
O01585,C1137,V083,P0640,2025-12-30,3,1931.04,3.7,1,0,3.7
O01586,C0232,V038,P0317,2025-06-26,1,774.35,3.5,0,0,3.7
O01587,C0956,V086,P0672,2025-10-17,1,724.55,3.8,0,0,4.1
O01588,C0501,V005,P0185,2025-11-04,2,342.38,6.3,0,0,4.8
O01589,C1101,V044,P0560,2025-07-10,2,1037.74,2.5,0,0,4.6
O01590,C0653,V086,P0524,2025-10-25,4,2915.72,3.6,1,0,3.7
O01591,C1383,V043,P0073,2025-06-11,4,1101.2,5.6,0,0,3.7
O01592,C1291,V001,P0584,2025-11-22,3,1027.01,7.4,0,0,4.0
O01593,C1658,V065,P0420,2025-11-30,4,2498.32,4.4,0,0,4.3
O01594,C0838,V006,P0676,2025-05-31,4,2106.37,5.2,0,0,4.1
O01595,C1600,V055,P0677,2025-11-09,4,2699.73,1.2,0,0,4.9
O01596,C0719,V097,P0456,2025-06-27,1,365.8,4.5,0,0,4.2
O01597,C0853,V022,P0908,2025-02-09,1,1338.01,3.8,0,0,4.1
O01598,C0336,V099,P0070,2025-06-11,1,312.38,2.9,0,0,4.8
O01599,C2162,V013,P0537,2025-03-26,4,1515.3,2.6,0,0,4.3
O01600,C2407,V065,P0586,2025-02-24,1,429.56,3.8,0,0,3.7
O01601,C0018,V070,P0084,2025-10-23,1,609.97,5.6,0,1,4.8
O01602,C0668,V066,P0670,2025-05-29,2,1440.29,3.8,0,0,3.9
O01603,C2041,V059,P0235,2025-02-02,3,2220.11,4.9,0,0,4.0
O01604,C2165,V089,P0415,2025-03-18,1,794.83,2.2,0,0,3.8
O01605,C0690,V079,P0326,2025-04-14,3,1102.93,2.4,0,0,4.0
O01606,C1440,V003,P0895,2025-06-24,1,231.17,4.8,0,0,4.4
O01607,C1385,V100,P0869,2025-04-27,7,1778.78,3.6,0,0,4.0
O01608,C1445,V085,P0052,2025-08-30,3,1595.2,6.3,1,0,3.9
O01609,C1796,V047,P0468,2025-10-20,1,211.11,2.6,0,0,4.2
O01610,C0183,V074,P0638,2025-05-18,4,1086.79,5.6,0,1,4.1
O01611,C1587,V062,P0983,2025-09-13,2,2786.52,4.8,0,0,3.7
O01612,C2290,V002,P0722,2025-12-23,2,2466.22,3.3,0,0,4.0
O01613,C1376,V085,P0052,2025-10-06,1,510.71,7.5,1,0,4.2
O01614,C0484,V038,P0738,2025-09-30,1,272.83,2.5,0,0,4.5
O01615,C1563,V023,P0831,2025-11-26,2,1896.48,3.6,0,0,4.6
O01616,C1272,V019,P0461,2025-07-06,3,1061.32,4.6,0,0,4.0
O01617,C0040,V038,P0100,2025-05-01,2,666.84,3.4,0,0,4.3
O01618,C0470,V036,P0334,2025-12-08,1,322.43,3.9,0,0,3.6
O01619,C1687,V048,P0109,2025-11-28,1,616.96,4.2,0,0,4.7
O01620,C1673,V036,P0598,2025-11-09,1,453.61,4.9,0,0,3.2
O01621,C2309,V024,P0472,2025-09-19,4,2186.62,6.2,0,0,3.3
O01622,C2187,V072,P0199,2025-07-29,2,787.74,6.3,0,0,3.9
O01623,C0399,V075,P0248,2025-08-15,2,1012.3,3.5,0,0,3.9
O01624,C0144,V083,P0929,2025-01-03,3,1785.55,4.8,1,0,3.9
O01625,C0753,V061,P0078,2025-09-29,2,552.98,6.2,0,0,4.2
O01626,C0366,V026,P0979,2025-11-02,2,1539.87,3.1,0,0,4.1
O01627,C1274,V037,P0785,2025-05-31,1,347.73,4.6,1,0,4.2
O01628,C2428,V021,P0503,2025-08-20,1,467.25,7.4,0,0,4.3
O01629,C0197,V012,P0194,2025-04-03,2,1076.62,4.9,0,0,4.3
O01630,C2121,V096,P0737,2025-07-07,1,766.88,4.7,0,0,4.1
O01631,C0364,V041,P0091,2025-06-14,3,1168.36,4.6,0,1,3.2
O01632,C0313,V097,P0526,2025-12-17,1,609.27,5.9,0,1,4.4
O01633,C2230,V032,P0144,2025-07-27,1,432.14,6.7,0,0,4.1
O01634,C0757,V047,P0429,2025-05-23,2,580.6,4.8,0,0,3.4
O01635,C1094,V057,P0847,2025-12-20,1,828.03,3.7,1,0,3.4
O01636,C1632,V080,P0660,2025-10-22,4,4372.51,4.7,0,0,4.0
O01637,C0817,V038,P0203,2025-02-10,6,4866.35,7.6,0,0,4.4
O01638,C0470,V066,P0286,2025-11-08,3,2499.45,3.5,0,0,4.5
O01639,C1745,V021,P0431,2025-08-30,4,1015.49,1.9,0,0,4.2
O01640,C2042,V053,P0425,2025-06-20,1,351.0,6.6,0,0,4.3
O01641,C0790,V017,P0018,2025-06-05,3,1664.26,4.1,0,0,3.9
O01642,C0527,V009,P0653,2025-02-22,1,507.33,5.0,0,1,3.6
O01643,C0203,V012,P0593,2025-07-02,3,2299.1,5.5,1,0,4.2
O01644,C1090,V069,P0990,2025-03-27,3,2302.47,2.6,0,0,4.1
O01645,C0678,V045,P0466,2025-02-15,3,1875.96,3.6,0,1,3.9
O01646,C1270,V081,P0861,2025-03-29,3,1070.19,2.3,0,0,4.9
O01647,C2266,V016,P0872,2025-04-01,6,5284.51,8.2,0,0,4.2
O01648,C1880,V037,P0452,2025-09-18,1,445.01,3.5,0,0,4.3
O01649,C1408,V042,P0802,2025-04-29,2,963.88,4.1,0,0,4.6
O01650,C1036,V012,P0343,2025-10-31,6,2627.6,3.4,1,0,5.0
O01651,C0195,V011,P0961,2025-08-05,1,520.23,4.2,0,0,5.0
O01652,C2392,V071,P0129,2025-10-28,3,2055.31,4.1,0,0,3.8
O01653,C0084,V042,P0802,2025-09-28,4,2135.84,5.4,0,0,4.1
O01654,C1705,V061,P0728,2025-06-02,2,903.29,5.8,0,0,3.6
O01655,C1947,V052,P0399,2025-10-18,1,507.78,3.7,1,0,4.7
O01656,C1181,V072,P0967,2025-01-14,3,2500.53,5.2,0,0,4.4
O01657,C2495,V065,P0771,2025-02-20,1,653.58,3.7,0,0,5.0
O01658,C0233,V037,P0452,2025-01-15,2,841.82,5.8,0,0,3.4
O01659,C2222,V063,P0072,2025-03-24,3,2589.89,1.8,0,0,4.3
O01660,C2473,V089,P0500,2025-08-29,3,1292.24,3.0,0,0,4.2
O01661,C0525,V052,P0956,2025-03-18,5,3561.57,5.1,0,0,4.6
O01662,C1454,V046,P0594,2025-04-12,3,1412.29,1.9,0,0,4.0
O01663,C1886,V034,P0214,2025-08-19,1,1111.0,3.7,1,0,4.2
O01664,C0691,V070,P0084,2025-07-13,1,611.35,3.9,1,0,4.1
O01665,C0637,V041,P0306,2025-05-21,4,702.31,6.8,0,0,3.7
O01666,C2296,V050,P0989,2025-12-03,1,598.5,2.3,0,0,5.0
O01667,C1675,V028,P0373,2025-06-13,3,2054.67,2.1,0,0,3.8
O01668,C2134,V004,P0944,2025-03-31,3,757.25,1.4,0,0,4.3
O01669,C1548,V046,P0443,2025-03-15,1,422.7,1.0,0,0,3.7
O01670,C1962,V096,P0363,2025-01-04,4,4306.92,6.7,0,0,4.1
O01671,C1558,V085,P0166,2025-11-08,2,1986.15,4.7,0,0,3.9
O01672,C1740,V074,P0282,2025-06-29,1,775.32,4.6,0,1,5.0
O01673,C0407,V012,P0343,2025-01-22,3,1665.48,4.4,0,0,4.9
O01674,C0888,V051,P0122,2025-10-19,3,2869.0,4.9,0,0,4.1
O01675,C1494,V022,P0692,2025-05-28,4,2888.25,4.5,0,0,3.7
O01676,C1206,V027,P0181,2025-03-09,1,521.2,2.4,0,0,3.8
O01677,C1611,V089,P0512,2025-03-06,4,2035.05,2.9,0,0,4.2
O01678,C1057,V094,P0137,2025-10-12,2,783.46,5.4,0,0,4.5
O01679,C2469,V046,P0534,2025-08-13,1,473.2,2.5,0,0,3.7
O01680,C0750,V074,P0282,2025-06-15,1,680.86,5.0,0,0,4.7
O01681,C0744,V076,P0602,2025-01-17,4,5520.34,4.8,0,1,5.0
O01682,C1594,V059,P0569,2025-02-06,1,535.1,3.6,0,0,4.1
O01683,C0553,V072,P0377,2025-08-09,2,954.65,5.1,1,0,3.9
O01684,C0499,V014,P0173,2025-04-15,1,636.03,2.9,0,0,3.9
O01685,C0859,V096,P0363,2025-10-16,1,955.53,4.7,0,0,3.8
O01686,C0338,V023,P0273,2025-01-07,2,2691.32,4.0,0,0,3.8
O01687,C0514,V031,P0899,2025-12-06,3,1092.59,4.6,1,0,4.7
O01688,C2403,V086,P0680,2025-04-10,1,336.09,4.0,0,0,4.1
O01689,C2091,V015,P0970,2025-04-10,4,772.33,4.5,0,0,4.9
O01690,C1580,V074,P0690,2025-03-20,2,2488.65,5.0,0,0,4.4
O01691,C0849,V077,P0250,2025-03-09,1,732.95,5.4,0,0,4.1
O01692,C0182,V013,P0900,2025-06-06,4,2349.22,5.6,0,0,4.3
O01693,C2405,V047,P0468,2025-11-17,2,487.11,5.5,0,0,4.3
O01694,C2126,V088,P0312,2025-05-14,2,1201.34,2.6,0,0,4.5
O01695,C0211,V053,P0517,2025-09-17,6,3125.51,6.3,0,0,3.6
O01696,C0115,V070,P0355,2025-12-04,2,1074.08,5.1,0,0,4.7
O01697,C0662,V059,P0969,2025-11-19,1,352.75,3.9,0,0,4.2
O01698,C1527,V014,P0897,2025-12-28,2,2238.01,2.6,0,0,4.1
O01699,C0871,V074,P0282,2025-02-18,4,2937.46,2.7,0,0,4.6
O01700,C1287,V034,P0214,2025-05-31,1,1013.52,4.1,0,0,4.4
O01701,C0499,V017,P0772,2025-05-29,1,363.91,5.0,0,0,4.0
O01702,C1710,V009,P0188,2025-06-19,2,1212.48,4.3,0,0,3.8
O01703,C0748,V047,P0468,2025-02-03,1,209.35,4.8,0,0,3.8
O01704,C1738,V077,P0067,2025-04-18,4,1221.91,5.9,0,0,4.2
O01705,C1323,V083,P0221,2025-08-28,1,459.59,4.5,0,0,3.7
O01706,C0135,V077,P0579,2025-09-21,3,1244.93,4.8,0,0,4.3
O01707,C2392,V012,P0238,2025-06-24,2,1105.47,4.5,0,0,4.4
O01708,C1624,V054,P0274,2025-06-17,3,1753.7,2.7,0,0,4.3
O01709,C0030,V075,P0362,2025-11-14,4,3317.26,3.8,0,0,4.3
O01710,C0497,V023,P0623,2025-12-18,1,359.77,2.7,0,0,4.3
O01711,C1430,V086,P0055,2025-01-19,2,854.77,1.0,0,0,4.3
O01712,C2452,V020,P0827,2025-02-13,3,1149.86,3.9,0,0,3.4
O01713,C1711,V083,P0528,2025-05-31,2,1542.89,1.5,0,0,3.6
O01714,C0172,V070,P0251,2025-11-26,1,861.26,4.6,0,0,4.2
O01715,C0661,V032,P0927,2025-11-15,2,1459.9,4.0,0,0,4.4
O01716,C1956,V044,P0279,2025-02-20,3,2569.46,4.2,0,0,3.9
O01717,C0811,V065,P0649,2025-11-24,1,477.01,6.5,0,0,4.5
O01718,C1341,V062,P0727,2025-11-22,2,1055.32,5.3,0,0,3.3
O01719,C0173,V026,P0408,2025-10-03,4,1514.2,3.9,0,0,3.9
O01720,C0587,V012,P0343,2025-02-01,1,471.78,5.4,0,0,4.8
O01721,C0138,V023,P0273,2025-11-14,2,2775.72,1.5,0,0,3.9
O01722,C1537,V065,P0417,2025-08-27,5,2737.38,5.4,0,0,3.8
O01723,C0545,V062,P0302,2025-07-05,2,666.01,3.5,0,0,4.0
O01724,C2271,V081,P0368,2025-01-15,3,1530.38,5.3,1,0,4.2
O01725,C1533,V080,P0660,2025-03-28,3,2903.81,4.2,0,0,4.0
O01726,C0732,V087,P0633,2025-12-16,1,748.47,2.3,0,0,4.6
O01727,C0820,V048,P0051,2025-10-18,1,831.89,7.9,0,0,3.7
O01728,C0246,V069,P0711,2025-01-07,1,246.51,4.8,0,0,4.1
O01729,C1835,V031,P0223,2025-12-24,1,595.01,3.5,0,0,4.0
O01730,C1390,V076,P0104,2025-01-09,1,562.75,3.1,0,0,4.5
O01731,C0597,V058,P0651,2025-10-19,2,1242.97,2.4,1,0,3.8
O01732,C1923,V023,P0828,2025-08-12,1,373.7,4.2,0,0,4.4
O01733,C0317,V045,P0745,2025-07-17,1,347.0,4.0,0,0,4.8
O01734,C1420,V054,P0736,2025-01-21,3,2337.86,3.4,0,1,4.3
O01735,C1024,V085,P0052,2025-08-10,4,2113.89,4.0,0,0,4.0
O01736,C0422,V057,P0591,2025-09-17,3,1909.35,3.8,0,0,4.3
O01737,C1118,V032,P0144,2025-02-11,1,485.86,6.0,0,0,4.5
O01738,C2357,V041,P0605,2025-11-07,2,915.15,2.9,0,0,3.3
O01739,C0051,V010,P0658,2025-05-11,4,2532.88,4.5,0,0,4.3
O01740,C1008,V046,P0438,2025-08-30,3,2738.32,3.8,0,1,4.1
O01741,C2031,V011,P0631,2025-01-07,1,247.33,4.5,0,1,4.8
O01742,C1032,V025,P0957,2025-05-15,1,719.91,3.6,0,0,4.0
O01743,C0593,V066,P0286,2025-10-28,1,902.69,4.8,0,0,3.8
O01744,C0974,V052,P0626,2025-12-29,1,804.78,4.6,0,0,4.7
O01745,C1893,V006,P0019,2025-12-11,4,1893.31,3.6,0,1,2.5
O01746,C0656,V016,P0294,2025-04-29,2,562.84,5.1,0,0,4.6
O01747,C0751,V002,P0722,2025-09-13,2,2612.59,3.8,0,0,3.7
O01748,C1502,V026,P0272,2025-02-17,3,1743.61,4.1,0,0,4.4
O01749,C0688,V081,P0854,2025-10-14,4,1910.8,3.9,0,1,4.8
O01750,C0951,V027,P0394,2025-07-13,1,558.79,3.8,0,0,3.5
O01751,C0789,V004,P0713,2025-11-02,3,2487.39,2.4,0,0,4.6
O01752,C1041,V088,P0671,2025-03-08,1,533.84,4.0,0,1,4.0
O01753,C0584,V001,P0852,2025-07-21,3,938.8,5.7,0,0,4.6
O01754,C0265,V065,P0416,2025-11-30,1,975.93,3.8,0,0,4.1
O01755,C0650,V013,P0287,2025-12-20,1,302.79,3.2,0,0,4.8
O01756,C0324,V053,P0710,2025-12-23,1,1623.69,4.2,0,0,4.3
O01757,C0823,V065,P0735,2025-10-05,4,1218.85,4.8,0,0,4.4
O01758,C1013,V035,P0805,2025-08-02,1,301.91,3.5,1,0,4.4
O01759,C0109,V045,P0198,2025-11-11,8,6979.61,2.0,0,0,5.0
O01760,C0695,V078,P0086,2025-05-08,4,2446.8,3.9,0,0,3.5
O01761,C0329,V081,P0487,2025-07-05,2,633.83,4.2,0,0,3.8
O01762,C1173,V049,P0835,2025-04-19,1,461.82,2.5,0,0,3.9
O01763,C0551,V065,P0171,2025-04-08,4,3043.78,4.6,0,0,3.4
O01764,C2173,V089,P0415,2025-10-09,2,1742.27,3.0,0,0,4.4
O01765,C1553,V100,P0176,2025-12-17,5,3471.06,5.8,0,1,4.2
O01766,C0052,V026,P0746,2025-10-15,2,1179.19,1.7,0,0,4.4
O01767,C0155,V075,P0131,2025-09-14,3,2222.23,3.3,0,0,4.6
O01768,C0731,V068,P0860,2025-08-19,1,546.8,3.0,0,0,4.3
O01769,C0676,V036,P0401,2025-01-31,1,757.99,3.3,0,0,3.5
O01770,C0893,V002,P0049,2025-07-06,1,292.1,2.4,1,0,4.2
O01771,C1656,V063,P0321,2025-07-18,7,2129.74,1.3,0,0,4.2
O01772,C0751,V027,P0394,2025-07-06,1,595.13,1.2,0,0,4.7
O01773,C1124,V091,P0239,2025-08-26,3,1327.44,3.5,0,0,4.0
O01774,C2494,V050,P0703,2025-07-17,3,2842.28,5.0,1,0,4.7
O01775,C0282,V100,P0449,2025-05-28,2,639.0,6.6,0,0,4.5
O01776,C1345,V090,P0689,2025-03-03,1,634.1,4.4,0,1,3.3
O01777,C1223,V041,P0530,2025-11-15,3,1847.77,3.9,0,1,4.2
O01778,C0523,V045,P0821,2025-10-09,5,3785.46,4.0,0,0,4.5
O01779,C2052,V057,P0531,2025-01-27,2,558.49,3.6,0,0,3.9
O01780,C2423,V099,P0986,2025-09-04,1,573.48,5.0,0,1,4.3
O01781,C0205,V022,P0908,2025-01-16,6,6070.07,6.4,0,0,4.3
O01782,C0391,V021,P0784,2025-06-14,1,608.29,4.9,0,0,4.1
O01783,C0470,V063,P0502,2025-11-28,1,777.89,3.3,0,0,4.2
O01784,C1144,V075,P0362,2025-07-26,2,1573.54,4.8,1,0,4.2
O01785,C1207,V027,P0181,2025-12-06,3,1730.52,4.0,0,0,3.9
O01786,C0984,V025,P0563,2025-09-14,2,1290.14,3.1,0,0,4.7
O01787,C1070,V085,P0915,2025-05-30,2,418.13,7.0,0,1,3.5
O01788,C1697,V029,P0225,2025-02-24,2,1199.11,4.1,0,0,3.9
O01789,C2237,V006,P0136,2025-06-13,2,675.97,5.5,0,0,3.7
O01790,C0836,V029,P0058,2025-07-23,7,1987.87,5.8,0,0,3.2
O01791,C0189,V014,P0173,2025-04-22,2,1083.44,2.5,0,0,4.3
O01792,C1715,V056,P0947,2025-06-21,1,818.9,3.2,0,0,4.2
O01793,C1056,V048,P0558,2025-08-08,5,3230.18,5.7,0,0,4.8
O01794,C0553,V021,P0503,2025-03-02,1,418.28,4.9,0,0,3.8
O01795,C2106,V009,P0653,2025-12-17,4,2130.27,6.0,1,0,4.2
O01796,C0823,V100,P0889,2025-10-21,3,1470.3,5.1,0,0,4.0
O01797,C0388,V019,P0815,2025-01-08,2,559.3,2.7,0,1,4.2
O01798,C2392,V065,P0966,2025-06-10,2,2217.78,3.4,0,0,3.6
O01799,C2039,V040,P0347,2025-07-27,1,955.01,4.6,0,0,4.4
O01800,C0782,V080,P0518,2025-07-10,1,1469.17,4.5,0,0,3.8
O01801,C1363,V081,P0487,2025-01-16,1,310.09,3.5,0,1,4.5
O01802,C1183,V092,P0980,2025-06-09,1,570.77,6.2,1,0,5.0
O01803,C2425,V014,P0725,2025-02-07,1,458.34,3.6,0,0,4.9
O01804,C0744,V082,P0254,2025-12-10,1,1103.01,3.3,0,0,4.2
O01805,C1052,V089,P0415,2025-06-14,2,1742.24,1.5,0,0,4.7
O01806,C2258,V079,P0773,2025-09-26,3,991.75,3.9,1,0,4.4
O01807,C1332,V020,P0827,2025-05-25,3,1261.29,5.0,1,0,3.3
O01808,C0298,V046,P0664,2025-05-27,1,1055.29,2.3,0,0,3.4
O01809,C1412,V077,P0566,2025-03-13,1,425.95,2.5,0,1,4.5
O01810,C1319,V075,P0846,2025-12-13,1,797.4,3.2,0,0,4.6
O01811,C2122,V091,P0707,2025-09-11,3,3138.11,4.7,0,0,3.5
O01812,C1385,V068,P0155,2025-12-22,4,3103.02,2.4,0,0,4.5
O01813,C1445,V012,P0891,2025-04-25,2,1244.47,3.2,1,0,4.4
O01814,C0621,V011,P0961,2025-10-22,5,2864.17,4.8,0,0,5.0
O01815,C2197,V031,P0742,2025-05-29,3,1898.41,3.2,0,0,5.0
O01816,C0377,V042,P0268,2025-05-30,1,789.47,5.2,0,0,4.7
O01817,C1326,V016,P0193,2025-09-25,6,5297.2,5.0,0,1,4.1
O01818,C2331,V074,P0714,2025-07-20,2,2082.9,5.6,0,0,4.5
O01819,C1835,V047,P0245,2025-04-25,1,468.1,5.7,0,0,3.9
O01820,C1401,V032,P0144,2025-05-19,2,987.62,5.7,0,0,4.7
O01821,C0677,V100,P0382,2025-02-06,5,1365.65,4.6,1,0,3.5
O01822,C1887,V078,P0218,2025-11-11,3,1257.07,3.2,0,0,4.2
O01823,C2213,V043,P0402,2025-07-05,3,1556.71,7.6,0,0,4.1
O01824,C1780,V096,P0556,2025-04-24,3,1163.51,3.4,0,0,4.1
O01825,C0816,V054,P0506,2025-03-16,3,1955.77,4.6,0,0,4.5
O01826,C1691,V093,P0599,2025-07-13,2,2140.48,3.7,0,0,3.5
O01827,C1295,V058,P0267,2025-10-27,4,1755.98,1.5,0,0,4.6
O01828,C0657,V052,P0369,2025-12-02,4,3266.9,4.6,0,0,4.8
O01829,C1556,V058,P0651,2025-08-28,2,1228.0,3.9,0,0,4.2
O01830,C1492,V086,P0680,2025-03-15,2,763.45,3.7,0,0,3.3
O01831,C0393,V081,P0487,2025-04-23,1,286.36,3.0,1,0,3.9
O01832,C1923,V021,P0431,2025-12-13,2,553.4,4.6,0,0,3.6
O01833,C0766,V058,P0824,2025-02-20,2,1527.99,4.1,0,0,4.1
O01834,C1330,V017,P0290,2025-09-30,1,191.76,4.5,0,0,4.5
O01835,C0045,V082,P0336,2025-05-20,3,1569.95,4.2,0,0,3.9
O01836,C1330,V082,P0974,2025-10-15,3,2127.91,6.5,0,0,4.1
O01837,C2116,V099,P0986,2025-11-07,1,513.32,3.6,0,0,4.2
O01838,C0661,V040,P0754,2025-05-09,3,680.73,2.5,1,0,3.9
O01839,C0302,V011,P0823,2025-12-29,3,1835.27,4.6,0,0,4.5
O01840,C0979,V024,P0606,2025-12-08,1,395.37,4.1,0,0,4.2
O01841,C1975,V006,P0352,2025-01-05,2,1519.88,5.8,0,0,4.0
O01842,C0750,V008,P0398,2025-07-20,2,788.58,5.7,0,0,4.0
O01843,C1464,V054,P0393,2025-10-03,2,2013.6,2.4,0,0,3.8
O01844,C0425,V084,P0573,2025-10-20,3,1349.89,2.3,0,0,4.2
O01845,C0245,V100,P0390,2025-02-10,2,2714.03,5.7,0,0,4.1
O01846,C1431,V082,P0242,2025-03-17,4,2050.48,4.6,0,0,4.6
O01847,C0796,V042,P0492,2025-09-05,1,512.41,4.6,0,0,4.0
O01848,C0657,V087,P0335,2025-04-27,1,648.0,6.1,0,0,3.6
O01849,C1832,V013,P0143,2025-03-18,1,653.38,2.9,0,0,5.0
O01850,C1178,V009,P0816,2025-07-18,2,932.0,3.0,0,0,3.8
O01851,C1898,V093,P0330,2025-05-12,2,1235.68,3.0,0,0,4.7
O01852,C1957,V047,P0548,2025-11-15,2,2446.45,3.2,0,0,3.9
O01853,C0704,V068,P0406,2025-10-02,1,353.92,2.6,1,0,4.0
O01854,C1343,V090,P0371,2025-06-25,2,854.13,5.3,0,0,3.9
O01855,C1101,V067,P0162,2025-07-09,1,368.83,1.6,0,0,4.0
O01856,C1848,V056,P0894,2025-10-21,2,1313.64,5.8,0,0,3.7
O01857,C0356,V074,P0638,2025-05-13,3,690.12,6.4,0,0,4.1
O01858,C0174,V017,P0089,2025-02-01,3,2204.57,1.9,0,0,3.8
O01859,C2072,V047,P0435,2025-05-21,2,1087.37,5.0,0,1,4.7
O01860,C0663,V025,P0914,2025-11-10,1,752.12,5.2,0,0,4.8
O01861,C1116,V029,P0225,2025-01-23,1,512.77,2.4,0,0,4.1
O01862,C2198,V051,P0190,2025-06-09,2,1009.52,4.0,0,0,4.1
O01863,C1328,V038,P0845,2025-07-25,4,2201.92,5.0,0,0,3.8
O01864,C0305,V049,P0293,2025-10-06,4,1800.65,4.3,0,0,4.0
O01865,C0097,V041,P0943,2025-03-03,3,1618.5,3.6,0,0,3.3
O01866,C1925,V022,P0125,2025-10-29,4,3083.27,5.5,0,0,4.8
O01867,C1618,V066,P0538,2025-06-05,2,2580.2,4.6,0,0,5.0
O01868,C0710,V017,P0028,2025-08-14,4,1303.94,4.6,0,1,4.7
O01869,C0693,V087,P0003,2025-10-12,3,1000.96,5.7,0,0,3.7
O01870,C1022,V055,P0552,2025-06-26,2,938.77,1.6,0,0,5.0
O01871,C0753,V086,P0411,2025-01-20,2,1581.09,4.4,0,0,4.0
O01872,C2452,V020,P0825,2025-05-02,2,1909.43,3.9,0,0,4.2
O01873,C1663,V072,P0005,2025-01-18,1,467.45,6.8,0,0,5.0
O01874,C0665,V023,P0757,2025-02-17,1,414.58,1.8,0,1,4.2
O01875,C1872,V025,P0370,2025-10-30,1,259.12,3.1,0,0,4.9
O01876,C1627,V084,P0156,2025-01-14,1,358.69,5.5,0,0,3.6
O01877,C0973,V044,P0514,2025-03-16,1,476.22,5.7,0,0,4.4
O01878,C0314,V040,P0913,2025-01-13,1,342.81,2.8,0,0,4.0
O01879,C2074,V017,P0028,2025-09-10,3,987.02,3.8,0,0,4.4
O01880,C0741,V065,P0171,2025-06-13,2,1776.42,3.8,0,0,4.0
O01881,C0435,V091,P0475,2025-02-26,6,6346.66,3.1,0,0,3.4
O01882,C1884,V051,P0349,2025-02-19,4,2453.34,4.6,0,0,4.3
O01883,C2452,V025,P0370,2025-06-02,3,909.62,4.3,0,0,3.8
O01884,C0571,V097,P0276,2025-04-19,3,2143.58,6.0,0,0,4.7
O01885,C1397,V055,P0552,2025-06-27,2,997.37,3.4,0,0,4.9
O01886,C2021,V017,P0018,2025-04-21,1,671.68,4.4,0,0,4.6
O01887,C1909,V080,P0660,2025-05-15,2,2425.99,5.3,0,0,4.4
O01888,C0543,V016,P0501,2025-10-19,1,378.45,4.1,1,0,4.9
O01889,C2060,V047,P0435,2025-06-07,2,1003.09,4.0,1,0,4.4
O01890,C0322,V017,P0028,2025-10-17,1,353.41,2.9,0,0,4.6
O01891,C0619,V014,P0173,2025-08-04,2,1147.49,1.1,0,0,4.1
O01892,C1655,V020,P0696,2025-10-23,3,1546.5,4.3,1,0,3.2
O01893,C0071,V005,P0270,2025-12-06,2,829.67,5.6,0,0,4.0
O01894,C0483,V043,P0630,2025-06-22,1,1142.75,5.7,0,0,5.0
O01895,C0244,V088,P0036,2025-09-11,3,3801.15,3.1,0,0,4.2
O01896,C2321,V081,P0804,2025-02-19,2,878.18,4.4,0,0,4.1
O01897,C0489,V062,P0064,2025-09-03,3,1648.87,4.4,0,0,4.2
O01898,C0824,V072,P0199,2025-06-27,2,1061.27,4.3,0,0,4.4
O01899,C2339,V078,P0632,2025-03-13,1,846.24,3.7,0,0,3.3
O01900,C1079,V036,P0603,2025-10-02,2,713.6,2.9,0,0,3.5
O01901,C1295,V017,P0769,2025-07-10,4,2266.25,3.4,0,0,4.0
O01902,C1344,V077,P0375,2025-06-13,3,1846.88,4.9,0,1,4.1
O01903,C2306,V048,P0038,2025-12-09,3,1870.34,3.8,0,0,4.5
O01904,C1436,V031,P0277,2025-12-17,1,1194.65,2.9,0,0,4.1
O01905,C1702,V009,P0816,2025-12-30,1,522.58,3.7,1,0,4.7
O01906,C2241,V095,P0885,2025-07-05,1,644.82,6.5,0,0,4.5
O01907,C2376,V091,P0642,2025-01-23,1,687.51,3.7,0,0,3.5
O01908,C1169,V025,P0712,2025-11-23,2,398.44,3.9,0,0,4.8
O01909,C0889,V027,P0758,2025-09-11,4,7182.81,2.1,0,0,3.3
O01910,C1984,V006,P0352,2025-04-29,3,2320.39,3.9,0,0,3.6
O01911,C0851,V026,P0253,2025-09-16,6,14766.52,4.8,0,0,4.6
O01912,C0878,V051,P0935,2025-01-13,4,3154.37,6.2,0,0,4.6
O01913,C1041,V057,P0418,2025-06-16,2,1363.04,5.9,0,0,4.4
O01914,C2296,V088,P0112,2025-06-18,4,1990.97,4.7,0,0,4.7
O01915,C1561,V052,P0313,2025-07-15,2,1307.67,5.2,0,0,4.1
O01916,C0988,V089,P0108,2025-09-21,2,727.47,4.4,1,0,4.3
O01917,C1736,V004,P0923,2025-12-07,4,3550.36,3.8,0,0,4.0
O01918,C2165,V045,P0529,2025-01-01,7,1428.11,2.5,0,0,4.4
O01919,C0238,V079,P0647,2025-11-08,4,2314.52,3.2,0,0,3.9
O01920,C0571,V081,P0755,2025-01-06,5,5465.4,4.6,0,0,3.7
O01921,C1853,V012,P0987,2025-10-11,2,1440.42,3.5,0,0,3.8
O01922,C0535,V026,P0857,2025-04-07,2,3356.62,4.5,0,0,4.4
O01923,C0934,V100,P0939,2025-02-17,4,1347.93,3.7,0,0,3.6
O01924,C0279,V005,P0655,2025-11-13,3,2961.89,4.1,0,0,4.3
O01925,C1845,V070,P0084,2025-12-19,1,810.82,4.6,0,0,3.9
O01926,C1855,V004,P0944,2025-07-06,1,223.49,2.3,0,0,3.5
O01927,C1169,V017,P0403,2025-03-09,3,2081.46,5.3,0,0,3.2
O01928,C0300,V020,P0765,2025-09-03,2,511.39,5.4,1,0,3.7
O01929,C1989,V017,P0625,2025-04-23,3,2118.21,4.0,0,0,4.5
O01930,C2214,V044,P0279,2025-10-04,3,2471.13,3.9,0,0,4.3
O01931,C1601,V015,P0876,2025-11-23,1,1221.43,3.3,0,0,4.4
O01932,C1944,V065,P0507,2025-11-06,6,2608.12,1.6,0,0,3.4
O01933,C0021,V032,P0643,2025-11-19,7,5016.56,4.4,0,0,4.2
O01934,C1627,V073,P0759,2025-11-06,1,1067.11,5.8,0,0,4.0
O01935,C2451,V093,P0330,2025-10-07,2,1262.78,2.7,0,0,5.0
O01936,C0564,V017,P0310,2025-07-13,3,1708.72,3.3,1,0,3.7
O01937,C0134,V012,P0593,2025-07-10,5,3850.09,3.1,0,0,4.6
O01938,C0693,V076,P0602,2025-09-12,2,2899.02,2.2,0,0,5.0
O01939,C0288,V001,P0441,2025-01-21,2,725.23,5.1,0,0,4.3
O01940,C0788,V016,P0085,2025-07-12,1,940.06,4.3,0,0,3.4
O01941,C1956,V086,P0680,2025-02-01,1,354.53,3.6,0,0,3.2
O01942,C0854,V012,P0343,2025-07-02,3,1430.62,3.0,0,0,4.9
O01943,C1046,V074,P0139,2025-01-03,1,657.35,3.1,0,1,4.1
O01944,C1086,V091,P0642,2025-04-06,6,4161.27,4.7,0,0,3.3
O01945,C0930,V082,P0863,2025-09-09,3,1555.69,4.9,0,0,4.3
O01946,C1898,V017,P0028,2025-09-21,2,704.83,3.6,0,0,4.4
O01947,C1076,V079,P0303,2025-03-31,1,480.71,4.8,0,0,4.0
O01948,C1257,V025,P0370,2025-08-01,2,529.76,3.8,0,0,3.4
O01949,C1435,V087,P0565,2025-04-30,1,468.86,5.0,0,1,3.7
O01950,C2105,V043,P0910,2025-09-01,1,446.83,6.5,1,0,4.6
O01951,C0380,V045,P0198,2025-08-04,1,953.26,3.8,0,0,5.0
O01952,C2329,V061,P0484,2025-08-11,4,3966.04,5.2,0,0,4.7
O01953,C0581,V076,P0774,2025-01-22,4,3929.18,4.3,1,0,4.6
O01954,C2329,V051,P0687,2025-03-03,1,419.31,3.8,0,0,4.3
O01955,C2448,V020,P0696,2025-06-15,8,3387.16,4.4,0,0,4.0
O01956,C1468,V072,P0994,2025-07-18,4,2680.04,4.3,0,0,4.0
O01957,C0897,V024,P0606,2025-01-19,4,1536.16,3.6,0,0,4.4
O01958,C0507,V052,P0667,2025-09-24,3,1046.46,1.6,0,0,3.7
O01959,C1837,V093,P0491,2025-06-02,4,1780.14,4.7,0,1,4.1
O01960,C2105,V046,P0292,2025-02-28,1,468.19,1.7,0,0,3.1
O01961,C0243,V022,P0543,2025-04-20,1,636.03,3.8,0,0,4.8
O01962,C1931,V081,P0854,2025-02-26,1,480.53,5.5,0,0,4.1
O01963,C2474,V086,P0680,2025-01-24,3,1100.14,2.8,0,0,4.0
O01964,C0310,V013,P0559,2025-01-02,3,2486.71,2.4,0,0,4.4
O01965,C0484,V006,P0056,2025-04-07,2,520.54,4.4,0,0,3.7
O01966,C0395,V031,P0424,2025-05-04,2,1252.08,2.5,0,0,4.3
O01967,C1181,V061,P0216,2025-10-11,4,1642.37,4.3,0,0,3.6
O01968,C0608,V081,P0755,2025-03-08,1,998.34,4.3,0,0,3.8
O01969,C0708,V004,P0944,2025-10-19,2,453.8,3.5,1,0,4.4
O01970,C1458,V057,P0351,2025-08-16,1,607.16,3.5,0,0,4.1
O01971,C1377,V040,P0347,2025-03-05,3,2234.68,4.9,0,0,3.4
O01972,C0483,V046,P0200,2025-09-21,1,319.33,3.4,0,0,3.3
O01973,C1471,V055,P0862,2025-01-27,6,3580.44,3.2,0,0,4.1
O01974,C1195,V062,P0037,2025-12-03,1,139.63,6.6,0,0,4.2
O01975,C1100,V081,P0227,2025-08-23,3,2826.97,3.9,0,0,4.2
O01976,C1031,V074,P0782,2025-12-17,2,1252.07,3.6,0,0,3.8
O01977,C2194,V057,P0366,2025-02-06,2,537.04,5.3,0,0,3.9
O01978,C1650,V029,P0111,2025-11-06,1,1234.36,3.4,0,0,4.4
O01979,C0659,V054,P0405,2025-03-15,2,564.42,4.5,0,0,3.8
O01980,C1609,V069,P0720,2025-10-27,1,303.58,1.5,0,0,3.8
O01981,C0613,V043,P0402,2025-09-24,4,2380.41,7.3,0,0,3.8
O01982,C2125,V079,P0773,2025-08-22,2,814.56,3.4,0,0,4.5
O01983,C0879,V044,P0514,2025-04-07,1,465.82,6.6,0,0,4.2
O01984,C0519,V023,P0757,2025-05-31,3,1164.97,4.1,0,0,4.6
O01985,C1017,V091,P0642,2025-03-10,2,1242.93,2.9,0,0,3.2
O01986,C2396,V079,P0326,2025-04-16,6,2033.75,1.1,0,0,5.0
O01987,C2479,V095,P0340,2025-10-06,3,5772.66,4.9,0,0,3.7
O01988,C2217,V089,P0512,2025-06-02,3,1443.23,4.3,0,0,4.6
O01989,C0377,V019,P0396,2025-06-08,2,499.74,4.3,0,0,3.8
O01990,C1613,V045,P0061,2025-01-03,2,613.75,3.6,0,1,4.8
O01991,C1916,V050,P0743,2025-03-14,1,391.63,2.2,0,0,4.7
O01992,C1909,V013,P0763,2025-02-03,2,1079.71,3.7,0,0,4.5
O01993,C1248,V056,P0988,2025-09-16,1,872.98,4.0,0,0,4.4
O01994,C1088,V040,P0210,2025-05-11,2,1552.51,2.9,0,0,4.2
O01995,C0868,V012,P0905,2025-01-12,2,1150.51,4.5,0,0,4.4
O01996,C0393,V018,P0130,2025-09-11,3,2028.86,5.3,0,0,3.9
O01997,C2149,V090,P0219,2025-10-08,2,901.49,3.2,0,0,3.4
O01998,C0799,V074,P0907,2025-04-07,2,619.73,1.2,0,0,4.5
O01999,C0564,V086,P0752,2025-04-08,3,1514.33,2.4,0,0,4.4
O02000,C0376,V083,P0460,2025-11-24,3,4234.33,4.2,1,0,4.7
O02001,C0815,V032,P0494,2025-11-23,1,675.63,4.2,0,0,4.6
O02002,C2209,V032,P0367,2025-10-08,1,401.25,6.2,0,0,3.4
O02003,C2264,V087,P0003,2025-04-20,1,373.33,4.5,0,0,3.9
O02004,C0745,V020,P0071,2025-02-04,3,1142.94,4.1,0,0,2.9
O02005,C0287,V059,P0213,2025-02-13,1,395.74,6.1,0,0,3.3
O02006,C1962,V017,P0811,2025-08-30,1,1145.53,2.9,0,0,5.0
O02007,C0460,V036,P0401,2025-05-24,4,2389.38,5.5,0,0,3.9
O02008,C0731,V058,P0651,2025-02-01,1,633.84,1.5,0,0,4.3
O02009,C2088,V034,P0641,2025-02-17,1,605.83,2.6,0,0,3.3
O02010,C0479,V046,P0505,2025-12-01,2,745.28,3.0,0,0,4.3
O02011,C0620,V044,P0379,2025-12-06,2,944.54,3.2,0,0,4.3
O02012,C0195,V042,P0081,2025-10-12,2,633.15,7.1,0,1,3.0
O02013,C1244,V073,P0284,2025-03-22,2,915.97,4.9,0,0,4.9
O02014,C1814,V038,P0478,2025-01-13,1,371.44,4.8,0,0,4.2
O02015,C0298,V097,P0751,2025-10-31,2,625.71,5.1,0,0,3.7
O02016,C0936,V011,P0439,2025-08-21,6,4920.74,2.8,0,0,4.6
O02017,C1455,V017,P0089,2025-05-12,5,3838.76,3.0,0,0,3.6
O02018,C1170,V074,P0638,2025-04-30,1,293.18,1.6,0,0,4.5
O02019,C2074,V027,P0877,2025-02-20,2,446.34,5.2,0,0,3.8
O02020,C1458,V065,P0171,2025-12-08,3,2751.54,4.3,0,0,3.6
O02021,C0322,V013,P0763,2025-04-03,3,1917.08,3.4,0,1,4.7
O02022,C0236,V069,P0673,2025-01-20,2,1101.88,3.2,0,0,4.0
O02023,C0461,V022,P0766,2025-02-02,2,2767.74,5.1,0,0,4.3
O02024,C0614,V079,P0303,2025-05-19,1,453.78,4.2,0,0,3.9
O02025,C0227,V047,P0726,2025-04-13,2,894.02,3.5,0,0,3.2
O02026,C0310,V046,P0200,2025-12-10,5,1745.5,2.4,0,0,3.8
O02027,C2204,V014,P0748,2025-04-09,3,978.62,3.3,0,0,3.5
O02028,C1270,V035,P0574,2025-03-07,3,955.16,7.6,0,1,4.1
O02029,C1672,V075,P0024,2025-07-19,5,2488.42,3.0,0,0,4.6
O02030,C0815,V065,P0451,2025-11-25,3,4025.6,3.8,0,0,3.6
O02031,C1960,V082,P0863,2025-01-15,3,1918.39,3.6,0,0,4.5
O02032,C0221,V084,P0191,2025-09-01,2,1230.81,4.8,0,0,3.7
O02033,C2006,V050,P0099,2025-01-29,4,737.03,3.9,1,0,4.3
O02034,C2462,V034,P0641,2025-01-11,1,529.51,1.0,0,0,4.0
O02035,C1038,V066,P0729,2025-11-01,1,514.64,2.9,0,0,4.7
O02036,C1844,V047,P0650,2025-01-05,3,1743.1,4.7,0,0,3.5
O02037,C1132,V076,P0104,2025-07-07,2,1270.89,3.4,0,0,4.7
O02038,C1956,V088,P0312,2025-02-16,7,4178.46,3.3,0,0,4.1
O02039,C1125,V023,P0446,2025-09-11,5,1677.07,2.8,0,0,4.6
O02040,C1124,V023,P0701,2025-01-09,4,2050.56,5.2,0,1,4.4
O02041,C2378,V077,P0062,2025-09-25,3,1007.32,4.3,0,1,5.0
O02042,C2372,V038,P0888,2025-01-30,2,1855.11,3.2,0,0,4.0
O02043,C1261,V094,P0998,2025-06-24,2,804.97,2.5,0,0,3.9
O02044,C0828,V080,P0026,2025-02-18,3,1486.76,3.0,0,0,3.1
O02045,C2323,V086,P0679,2025-04-12,1,313.88,3.0,0,0,4.2
O02046,C0940,V092,P0152,2025-11-03,6,4193.97,3.0,0,0,5.0
O02047,C1960,V045,P0466,2025-03-12,1,545.89,3.0,0,0,4.3
O02048,C0990,V057,P0366,2025-02-18,4,1091.27,5.6,0,0,4.0
O02049,C1474,V013,P0493,2025-12-30,1,604.17,3.7,0,0,4.8
O02050,C1986,V025,P0807,2025-01-02,1,653.83,5.0,1,0,4.8
O02051,C0170,V100,P0549,2025-05-06,2,897.49,6.2,0,1,4.3
O02052,C0559,V007,P0329,2025-10-10,4,2691.14,3.1,0,0,3.6
O02053,C0064,V063,P0930,2025-11-01,4,5025.44,3.2,0,1,4.4
O02054,C0976,V005,P0270,2025-08-27,2,835.96,5.1,0,0,4.1
O02055,C1853,V043,P0910,2025-06-01,1,422.4,4.3,0,0,3.9
O02056,C0464,V002,P0972,2025-10-12,1,420.6,6.6,0,0,3.6
O02057,C0291,V071,P0129,2025-07-01,2,1380.19,4.2,0,0,3.6
O02058,C2010,V003,P0587,2025-07-25,3,2200.2,3.1,0,0,3.8
O02059,C1321,V075,P0684,2025-07-22,3,1182.19,1.8,0,0,3.9
O02060,C2184,V028,P0489,2025-03-08,3,3010.85,3.3,1,0,3.9
O02061,C1516,V017,P0772,2025-03-01,5,2062.9,1.8,0,0,4.4
O02062,C0109,V070,P0709,2025-08-20,2,806.42,5.7,0,1,3.6
O02063,C0792,V083,P0873,2025-02-06,2,596.18,4.5,0,0,3.3
O02064,C0950,V017,P0018,2025-07-24,1,693.37,2.3,0,0,3.8
O02065,C1348,V038,P0295,2025-04-12,1,1320.69,5.9,0,0,4.4
O02066,C2368,V082,P0544,2025-07-03,2,621.78,5.2,0,0,4.1
O02067,C1705,V081,P0487,2025-12-30,2,591.66,5.1,0,0,3.4
O02068,C0643,V055,P0677,2025-07-22,2,1441.63,5.1,0,0,4.9
O02069,C0574,V026,P0746,2025-04-30,2,1437.73,3.4,0,0,4.8
O02070,C2199,V065,P0735,2025-02-19,1,287.77,3.6,1,0,3.2
O02071,C0954,V016,P0666,2025-10-10,4,3421.76,4.4,0,0,4.1
O02072,C1716,V046,P0444,2025-07-17,4,1952.05,4.1,0,1,4.2
O02073,C2471,V049,P0835,2025-09-07,5,2196.43,2.5,0,0,4.0
O02074,C0820,V046,P0438,2025-11-04,1,830.86,2.8,0,0,3.2
O02075,C1696,V084,P0191,2025-07-19,2,1160.77,7.3,0,1,4.0
O02076,C0272,V074,P0638,2025-10-09,2,450.73,3.7,0,0,3.7
O02077,C1752,V039,P0179,2025-01-04,2,1605.25,5.3,0,0,4.2
O02078,C0915,V039,P0229,2025-12-15,6,1664.13,6.4,0,0,4.1
O02079,C1201,V042,P0081,2025-07-04,1,312.18,5.0,0,0,3.0
O02080,C2314,V069,P0673,2025-11-01,1,656.11,2.8,0,0,4.0
O02081,C1038,V074,P0782,2025-07-21,1,577.52,4.5,0,0,3.7
O02082,C1427,V034,P0214,2025-06-12,1,1033.01,4.0,0,0,4.0
O02083,C0126,V080,P0518,2025-12-19,2,3374.33,4.6,0,0,4.6
O02084,C1265,V031,P0413,2025-04-02,2,691.95,2.8,0,0,4.8
O02085,C2441,V094,P0281,2025-01-28,2,2218.52,4.6,0,0,4.0
O02086,C1791,V023,P0433,2025-09-29,4,1256.58,3.9,0,1,5.0
O02087,C1921,V057,P0847,2025-12-15,1,776.56,4.6,1,0,3.7
O02088,C0163,V051,P0818,2025-03-29,2,1336.11,4.7,0,0,4.8
O02089,C1558,V073,P0617,2025-08-02,3,1414.84,4.6,0,0,4.2
O02090,C0435,V077,P0305,2025-03-01,2,1368.29,7.6,1,0,3.5
O02091,C0577,V097,P0276,2025-07-22,1,675.89,4.9,0,0,4.7
O02092,C0479,V007,P0329,2025-04-11,3,1854.07,2.9,0,0,3.7
O02093,C0131,V081,P0074,2025-03-11,3,1163.86,2.5,0,0,3.9
O02094,C0518,V084,P0573,2025-07-30,3,1229.39,6.6,0,0,4.1
O02095,C2072,V027,P0758,2025-10-29,1,1780.46,2.7,0,0,3.5
O02096,C0888,V052,P0956,2025-07-09,3,2263.55,4.8,0,0,4.3
O02097,C0093,V032,P0571,2025-08-08,3,1171.41,3.7,1,0,4.1
O02098,C2137,V003,P0032,2025-08-27,5,2917.31,4.4,0,0,3.7
O02099,C1128,V077,P0067,2025-05-23,1,299.3,4.3,0,0,4.7
O02100,C2023,V046,P0505,2025-03-22,2,792.33,2.4,0,0,3.7
O02101,C0306,V020,P0090,2025-05-30,1,727.28,4.8,0,0,4.1
O02102,C0984,V051,P0190,2025-12-27,2,1111.97,4.5,0,1,4.2
O02103,C0926,V024,P0952,2025-09-09,5,3034.6,3.1,0,0,3.5
O02104,C1229,V005,P0789,2025-03-23,2,1029.3,3.7,0,1,3.1
O02105,C1241,V018,P0973,2025-03-05,1,1211.94,5.2,0,0,3.7
O02106,C0010,V043,P0991,2025-12-08,2,1763.04,8.3,0,1,4.7
O02107,C0632,V054,P0232,2025-09-27,1,198.25,5.1,0,0,4.1
O02108,C0588,V048,P0430,2025-07-23,4,1898.78,7.0,0,0,4.1
O02109,C0204,V007,P0178,2025-09-09,2,1088.76,4.2,0,0,4.7
O02110,C2036,V001,P0829,2025-06-03,1,349.43,6.4,0,1,5.0
O02111,C1986,V077,P0305,2025-03-02,1,653.12,5.0,0,0,4.5
O02112,C0350,V057,P0351,2025-04-13,1,654.36,6.1,0,0,4.3
O02113,C1675,V056,P0504,2025-03-16,1,215.19,1.3,0,0,4.8
O02114,C0356,V015,P0289,2025-08-24,1,552.6,2.8,0,0,3.8
O02115,C2299,V013,P0143,2025-12-04,3,2171.87,3.6,0,0,4.5
O02116,C0940,V011,P0439,2025-04-08,3,2209.0,3.9,1,0,4.5
O02117,C0353,V051,P0496,2025-03-17,4,2517.3,5.7,0,0,4.3
O02118,C1650,V021,P0819,2025-03-19,2,664.99,4.6,0,0,3.9
O02119,C0181,V015,P0147,2025-11-07,1,1150.88,3.9,1,0,4.7
O02120,C1156,V040,P0041,2025-08-14,3,1632.54,4.2,0,0,4.2
O02121,C2330,V037,P0249,2025-03-15,2,358.93,3.0,0,0,4.2
O02122,C2337,V035,P0805,2025-08-14,3,924.21,4.7,0,0,4.2
O02123,C1558,V039,P0462,2025-06-04,3,2007.63,4.9,0,0,4.8
O02124,C1747,V065,P0771,2025-04-02,1,628.3,3.7,0,0,3.6
O02125,C1391,V050,P0989,2025-01-31,2,1030.15,4.8,0,0,5.0
O02126,C1329,V051,P0384,2025-05-12,3,1261.53,5.4,0,0,4.3
O02127,C1378,V016,P0872,2025-03-22,6,5158.8,4.0,0,0,3.8
O02128,C0900,V069,P0163,2025-01-28,1,231.12,2.6,0,0,5.0
O02129,C0423,V021,P0431,2025-08-11,1,230.57,3.7,0,0,3.9
O02130,C0106,V068,P0984,2025-03-10,1,366.11,4.2,0,0,3.6
O02131,C0814,V075,P0024,2025-07-16,1,459.68,2.8,0,0,4.7
O02132,C0233,V082,P0878,2025-12-04,1,534.0,2.8,0,0,4.4
O02133,C0947,V077,P0153,2025-12-30,1,520.65,6.4,0,0,3.5
O02134,C1222,V041,P0943,2025-08-22,3,1826.33,2.4,0,0,3.4
O02135,C2253,V003,P0587,2025-01-23,5,4322.43,2.2,0,0,3.8
O02136,C2290,V044,P0379,2025-06-20,2,831.13,4.2,0,0,3.8
O02137,C1958,V062,P0727,2025-11-08,1,646.6,3.1,0,0,4.8
O02138,C1657,V026,P0476,2025-06-19,2,391.79,5.6,0,0,3.8
O02139,C0903,V091,P0627,2025-12-17,1,739.61,2.8,0,0,3.9
O02140,C1687,V054,P0274,2025-09-29,3,1732.8,4.0,0,0,3.9
O02141,C1145,V069,P0258,2025-09-05,3,563.63,4.0,0,0,4.2
O02142,C1477,V033,P0832,2025-10-21,3,1943.23,4.1,0,0,4.0
O02143,C1583,V061,P0728,2025-11-23,1,470.6,4.4,0,0,4.1
O02144,C0304,V093,P0572,2025-07-01,2,1913.63,4.7,0,0,3.9
O02145,C1982,V033,P0017,2025-05-07,3,3070.78,5.3,0,0,4.6
O02146,C2393,V035,P0805,2025-01-09,4,1470.55,5.5,0,0,4.6
O02147,C0964,V035,P0805,2025-01-10,2,734.33,5.8,0,0,4.4
O02148,C0448,V056,P1000,2025-08-23,4,2547.11,6.0,0,0,4.5
O02149,C0322,V041,P0404,2025-05-04,1,664.66,3.4,0,0,3.4
O02150,C1756,V029,P0474,2025-04-17,3,2444.01,4.3,0,1,3.2
O02151,C0480,V019,P0508,2025-01-20,1,268.67,4.8,0,0,4.3
O02152,C1919,V073,P0936,2025-05-26,5,2308.47,4.9,0,0,4.3
O02153,C0963,V014,P0694,2025-07-25,1,530.31,3.0,0,0,4.1
O02154,C2354,V054,P0405,2025-03-28,5,1516.84,4.8,0,0,3.8
O02155,C1057,V026,P0106,2025-11-28,2,749.69,3.0,0,0,4.3
O02156,C2046,V051,P0810,2025-07-05,2,742.57,4.7,0,0,3.8
O02157,C0913,V064,P0918,2025-06-10,2,1164.0,2.1,0,0,4.5
O02158,C1029,V021,P0158,2025-03-17,1,542.35,3.2,0,0,4.0
O02159,C1988,V065,P0649,2025-11-05,1,404.28,2.1,0,0,4.7
O02160,C1730,V059,P0012,2025-01-10,2,1673.63,2.7,0,0,3.4
O02161,C1801,V095,P0999,2025-10-24,2,968.34,5.4,0,0,4.5
O02162,C1291,V024,P0952,2025-01-07,1,476.23,4.5,0,0,3.9
O02163,C0338,V051,P0786,2025-05-25,1,602.88,5.1,0,0,3.3
O02164,C2317,V082,P0076,2025-03-10,4,5383.7,5.1,0,0,3.8
O02165,C0039,V079,P0303,2025-12-21,2,987.85,3.9,0,0,4.4
O02166,C2324,V064,P0717,2025-01-23,3,1618.06,3.7,0,0,3.7
O02167,C2116,V025,P0196,2025-02-04,4,1818.64,4.1,0,0,4.6
O02168,C2100,V060,P0659,2025-04-26,4,1893.95,2.3,0,0,3.4
O02169,C1104,V046,P0948,2025-12-10,3,849.78,2.2,0,1,4.0
O02170,C1655,V030,P0523,2025-12-27,3,1323.56,4.0,0,0,3.8
O02171,C1569,V006,P0136,2025-08-13,2,758.61,5.2,0,0,3.5
O02172,C1850,V033,P0629,2025-09-02,2,1409.39,4.3,0,0,3.6
O02173,C1239,V037,P0803,2025-04-02,1,932.12,3.3,0,1,3.6
O02174,C1081,V016,P0666,2025-01-05,3,2295.98,4.6,0,0,4.2
O02175,C0841,V046,P0739,2025-02-10,2,667.62,2.9,0,0,3.8
O02176,C0599,V043,P0630,2025-09-28,5,5379.35,6.8,0,0,4.3
O02177,C2324,V038,P0080,2025-09-03,2,563.83,4.1,1,0,3.7
O02178,C1438,V044,P0279,2025-08-03,2,1584.35,4.8,0,0,4.1
O02179,C2433,V050,P0806,2025-10-14,1,562.44,6.8,0,0,4.2
O02180,C2334,V091,P0642,2025-06-26,1,625.92,3.9,0,1,3.2
O02181,C0023,V058,P0247,2025-07-14,2,896.76,4.0,0,0,4.0
O02182,C2404,V080,P0518,2025-07-23,3,4871.99,4.9,0,0,4.1
O02183,C1360,V043,P0849,2025-11-18,1,960.31,5.2,0,0,4.0
O02184,C1892,V032,P0933,2025-05-21,1,166.81,4.7,0,0,4.9
O02185,C2461,V034,P0068,2025-03-01,2,750.07,3.9,0,0,3.5
O02186,C0687,V094,P0046,2025-01-12,1,378.49,4.0,0,0,4.1
O02187,C2463,V012,P0238,2025-06-06,2,1132.31,3.9,0,0,4.0
O02188,C0574,V026,P0837,2025-06-04,3,1532.75,4.0,0,0,3.3
O02189,C0841,V004,P0319,2025-06-30,3,1106.4,1.7,0,0,4.0
O02190,C1539,V057,P0645,2025-12-31,4,1221.14,5.1,0,0,4.0
O02191,C1229,V055,P0801,2025-06-12,2,1457.97,4.4,0,0,4.9
O02192,C2490,V073,P0759,2025-05-06,4,4244.08,6.4,1,0,5.0
O02193,C1499,V087,P0008,2025-06-24,2,906.12,6.0,0,0,4.3
O02194,C0724,V039,P0985,2025-01-12,3,1662.94,5.3,0,0,4.5
O02195,C0639,V023,P0115,2025-01-19,1,261.16,2.4,0,0,4.6
O02196,C1250,V051,P0687,2025-02-11,2,887.48,5.2,0,0,4.6
O02197,C1989,V086,P0524,2025-04-04,1,751.91,3.9,0,0,4.3
O02198,C0115,V051,P0607,2025-08-01,1,465.89,4.1,0,0,4.2
O02199,C0254,V082,P0336,2025-05-16,2,1142.23,7.2,0,0,4.2
O02200,C0280,V068,P0155,2025-08-01,5,4240.54,3.4,0,0,4.1
O02201,C0918,V084,P0332,2025-11-08,2,547.44,6.2,0,0,4.1
O02202,C0012,V041,P0693,2025-03-09,1,379.84,2.0,0,0,4.4
O02203,C1122,V020,P0454,2025-02-03,4,2233.43,5.4,0,0,3.8
O02204,C0925,V089,P0437,2025-12-25,3,1966.9,3.6,0,0,4.3
O02205,C1592,V031,P0201,2025-12-14,3,797.92,4.1,0,0,5.0
O02206,C1924,V025,P0370,2025-01-04,3,955.04,3.9,0,0,4.2
O02207,C2309,V087,P0499,2025-11-17,2,785.63,3.0,0,0,4.4
O02208,C0710,V043,P0583,2025-01-31,2,2109.61,7.5,0,0,4.0
O02209,C2092,V081,P0227,2025-07-25,4,4343.78,4.6,0,0,4.3
O02210,C2435,V047,P0548,2025-12-29,1,1381.13,4.3,0,0,4.1
O02211,C1221,V040,P0347,2025-07-07,3,3105.69,6.2,0,0,4.3
O02212,C0482,V066,P0035,2025-02-22,2,1689.0,2.3,1,0,4.4
O02213,C1867,V009,P0568,2025-07-24,1,739.15,5.3,0,0,4.3
O02214,C0719,V002,P0972,2025-01-19,3,1171.91,3.9,0,0,3.4
O02215,C1251,V089,P0206,2025-03-12,1,820.16,4.0,0,0,4.4
O02216,C1412,V010,P0050,2025-09-17,1,276.14,7.3,0,0,5.0
O02217,C0514,V077,P0153,2025-01-16,4,2047.85,5.5,0,0,3.5
O02218,C1452,V017,P0532,2025-07-27,1,507.72,2.5,0,0,3.7
O02219,C1331,V035,P0982,2025-10-10,2,775.49,4.5,0,0,4.3
O02220,C0098,V038,P0317,2025-10-15,2,1493.24,4.1,0,0,4.5
O02221,C2409,V097,P0276,2025-11-21,4,2532.44,5.2,0,0,4.7
O02222,C0823,V011,P0961,2025-01-17,7,3559.29,3.6,0,1,4.7
O02223,C2228,V070,P0084,2025-02-23,3,1790.31,6.1,0,0,4.4
O02224,C1182,V071,P0562,2025-01-13,2,1260.82,3.3,0,1,4.0
O02225,C0777,V044,P0560,2025-12-27,3,1693.48,3.3,0,0,4.5
O02226,C0974,V052,P0231,2025-01-03,1,668.51,4.6,0,0,4.9
O02227,C1760,V025,P0077,2025-02-14,5,2690.1,5.0,0,0,4.1
O02228,C0840,V042,P0802,2025-09-15,3,1860.22,4.5,1,0,4.3
O02229,C1714,V006,P0428,2025-03-12,1,451.29,6.0,0,0,3.6
O02230,C1233,V002,P0202,2025-03-21,4,2006.79,5.4,0,0,3.9
O02231,C0190,V084,P0156,2025-09-22,1,335.11,3.3,0,0,3.7
O02232,C2454,V023,P0828,2025-01-15,2,771.93,2.1,0,0,3.8
O02233,C2394,V037,P0674,2025-10-10,4,6254.71,2.8,0,0,4.2
O02234,C0384,V037,P0695,2025-03-14,1,1249.31,5.1,0,0,3.8
O02235,C1095,V091,P0707,2025-07-05,3,3095.62,4.5,0,0,3.3
O02236,C0083,V071,P0129,2025-12-15,3,2242.84,2.3,0,0,3.9
O02237,C0398,V059,P0159,2025-01-07,3,1780.67,3.0,1,0,4.5
O02238,C0133,V022,P0543,2025-03-01,3,1764.83,4.2,0,0,3.9
O02239,C2424,V066,P0729,2025-01-01,2,1003.95,3.9,0,0,4.4
O02240,C0168,V049,P0836,2025-05-16,2,1163.48,4.9,0,0,3.3
O02241,C1478,V041,P0463,2025-04-27,2,967.7,1.2,0,0,4.0
O02242,C1013,V034,P0641,2025-07-18,3,1883.81,2.8,0,0,3.7
O02243,C1518,V025,P0712,2025-05-10,2,513.01,1.9,0,0,4.3
O02244,C2244,V077,P0566,2025-10-12,4,1834.03,4.2,0,0,3.6
O02245,C1611,V026,P0813,2025-01-21,1,750.69,5.6,0,0,4.7
O02246,C1362,V059,P0123,2025-04-14,2,1054.25,3.0,0,0,3.8
O02247,C2098,V042,P0081,2025-06-03,3,931.43,5.9,0,0,3.7
O02248,C0073,V042,P0621,2025-04-15,2,1420.46,4.0,1,0,4.4
O02249,C1733,V074,P0890,2025-02-06,1,284.86,3.1,0,0,4.3
O02250,C1126,V015,P0327,2025-06-20,1,631.63,2.7,0,0,4.2
O02251,C1847,V057,P0531,2025-12-09,2,650.5,5.0,0,0,3.9
O02252,C0880,V028,P0116,2025-07-27,2,1852.56,6.6,0,0,4.0
O02253,C2280,V096,P0997,2025-05-28,2,1847.71,3.6,0,1,3.7
O02254,C1652,V017,P0769,2025-01-12,4,2559.39,1.8,0,1,3.3
O02255,C0018,V032,P0494,2025-04-14,1,718.29,3.8,0,0,4.3
O02256,C0280,V084,P0156,2025-08-21,5,1613.9,5.5,1,0,3.0
O02257,C2209,V059,P0159,2025-09-28,4,2307.54,5.3,0,0,4.6
O02258,C1751,V036,P0401,2025-09-14,2,1295.26,1.1,1,0,4.5
O02259,C1984,V045,P0821,2025-12-16,3,1828.43,4.3,0,0,3.7
O02260,C0459,V088,P0312,2025-03-12,2,1309.6,2.6,0,0,5.0
O02261,C2169,V036,P0334,2025-11-25,2,703.95,5.3,0,0,4.4
O02262,C1054,V068,P0822,2025-09-30,2,1221.56,6.2,0,0,3.8
O02263,C0360,V077,P0867,2025-12-10,2,2053.22,5.2,0,0,5.0
O02264,C1852,V017,P0811,2025-03-18,5,5872.48,2.8,0,0,4.2
O02265,C0289,V034,P0906,2025-09-08,2,1193.76,3.6,0,0,3.8
O02266,C0865,V099,P0575,2025-03-15,1,962.63,6.1,0,0,5.0
O02267,C0055,V073,P0959,2025-03-11,2,817.36,5.4,0,0,4.1
O02268,C1752,V071,P0280,2025-06-08,1,911.52,3.6,0,0,4.0
O02269,C2144,V004,P0319,2025-05-08,1,332.35,3.6,0,0,3.7
O02270,C1560,V035,P0211,2025-12-28,2,1172.82,5.0,0,0,4.3
O02271,C2322,V099,P0070,2025-09-27,3,1123.84,4.2,0,0,4.5
O02272,C0694,V097,P0256,2025-11-11,2,1215.66,5.5,0,0,4.1
O02273,C0653,V027,P0792,2025-10-07,3,1750.09,3.8,0,0,3.2
O02274,C1560,V048,P0558,2025-12-02,3,1527.25,4.8,0,0,5.0
O02275,C0094,V024,P0472,2025-10-25,1,433.18,2.8,0,0,4.5
O02276,C0391,V046,P0444,2025-09-23,5,2428.61,3.8,0,0,3.8
O02277,C0543,V041,P0386,2025-02-08,1,489.34,3.1,0,0,3.4
O02278,C1778,V054,P0393,2025-01-02,4,3804.52,4.4,0,0,4.3
O02279,C1433,V002,P0237,2025-01-21,3,1429.21,6.7,0,0,4.2
O02280,C1984,V051,P0190,2025-06-11,4,2224.38,3.7,0,0,4.7
O02281,C1574,V017,P0772,2025-03-10,1,332.16,4.9,1,0,4.4
O02282,C1070,V038,P0845,2025-07-19,2,1242.67,5.0,0,0,4.6
O02283,C0247,V051,P0122,2025-01-29,1,997.09,6.0,0,0,3.9
O02284,C2286,V086,P0524,2025-10-12,2,1441.8,2.8,0,0,3.4
O02285,C0809,V004,P0459,2025-06-27,3,2497.3,2.7,0,0,3.7
O02286,C0061,V060,P0353,2025-03-20,1,493.08,4.8,0,0,4.1
O02287,C2316,V044,P0030,2025-10-25,4,2139.83,5.3,0,0,4.0
O02288,C1798,V059,P0159,2025-01-01,1,536.51,4.3,1,0,4.2
O02289,C1359,V077,P0103,2025-03-08,3,1374.94,6.6,0,0,4.4
O02290,C2149,V087,P0395,2025-10-27,4,1315.6,4.4,1,0,4.6
O02291,C1637,V084,P0220,2025-03-22,1,907.49,4.4,0,0,3.3
O02292,C0662,V025,P0034,2025-07-19,1,330.87,2.9,0,0,4.0
O02293,C0560,V012,P0033,2025-06-14,3,3313.32,4.1,0,0,4.9
O02294,C1584,V044,P0903,2025-05-27,5,4452.33,3.0,0,0,3.6
O02295,C1034,V063,P0930,2025-02-21,1,1391.27,2.8,0,1,4.1
O02296,C1170,V070,P0084,2025-06-07,3,2020.69,6.4,0,0,3.8
O02297,C2493,V016,P0666,2025-11-23,5,4701.94,5.9,0,0,4.4
O02298,C0321,V037,P0452,2025-01-22,2,817.37,1.7,0,0,3.8
O02299,C1198,V023,P0902,2025-03-11,1,868.18,3.5,0,0,4.3
O02300,C2454,V040,P0675,2025-05-02,2,2783.18,4.5,0,0,4.1
O02301,C0511,V042,P0621,2025-12-29,3,1908.38,5.4,0,0,3.7
O02302,C1757,V077,P0867,2025-12-16,1,946.15,5.9,0,0,5.0
O02303,C0621,V069,P0917,2025-03-01,1,1003.46,4.4,0,1,5.0
O02304,C0370,V039,P0175,2025-10-25,3,1694.67,4.8,1,0,4.7
O02305,C1246,V030,P0523,2025-02-24,3,1430.48,4.7,0,0,3.0
O02306,C2184,V055,P0555,2025-07-26,1,547.76,3.9,0,0,3.7
O02307,C1537,V077,P0942,2025-04-29,2,951.24,5.4,0,0,3.9
O02308,C1533,V080,P0660,2025-09-24,1,1109.14,5.3,0,1,4.1
O02309,C0412,V021,P0503,2025-03-04,1,412.26,5.1,0,0,4.5
O02310,C0476,V095,P0999,2025-08-07,4,1791.71,6.8,1,0,3.5
O02311,C0786,V063,P0397,2025-06-16,1,457.57,2.7,0,0,4.3
O02312,C0607,V025,P0788,2025-01-12,4,2565.98,3.0,0,0,3.8
O02313,C0547,V097,P0751,2025-02-13,3,1006.46,5.4,0,0,3.3
O02314,C2450,V055,P0555,2025-05-14,2,936.94,4.8,0,0,4.5
O02315,C2167,V045,P0198,2025-10-25,5,4805.26,3.1,0,0,5.0
O02316,C1793,V073,P0959,2025-04-16,3,1312.91,5.7,0,0,4.0
O02317,C1616,V039,P0175,2025-05-01,2,1267.72,6.4,1,0,4.4
O02318,C1061,V054,P0506,2025-06-03,2,1265.73,5.0,0,0,3.8
O02319,C1375,V056,P0504,2025-09-24,1,227.61,4.1,0,0,5.0
O02320,C1797,V086,P0680,2025-12-19,2,734.38,5.4,0,1,3.7
O02321,C2366,V027,P0181,2025-11-12,2,1203.6,7.5,0,0,4.5
O02322,C1168,V010,P0777,2025-10-29,1,1543.64,4.6,0,0,4.4
O02323,C2169,V036,P0608,2025-01-16,3,1692.26,5.2,0,0,3.9
O02324,C0418,V089,P0779,2025-08-25,1,560.06,3.1,0,0,4.6
O02325,C1807,V077,P0153,2025-01-14,2,856.79,2.6,0,0,4.3
O02326,C1488,V077,P0067,2025-04-16,1,291.52,4.6,0,0,4.2
O02327,C1863,V022,P0477,2025-11-29,1,455.6,3.1,0,0,4.5
O02328,C0179,V020,P0696,2025-11-11,2,1117.79,2.1,0,0,4.2
O02329,C0969,V037,P0249,2025-07-06,4,766.35,3.2,0,0,4.0
O02330,C2349,V041,P0091,2025-12-28,4,1689.69,3.9,0,0,3.5
O02331,C0901,V093,P0491,2025-02-06,5,2371.48,6.4,0,0,4.0
O02332,C1222,V051,P0639,2025-11-23,2,765.91,3.8,0,0,4.2
O02333,C2095,V068,P0822,2025-08-17,2,1277.88,3.1,0,0,4.0
O02334,C1793,V082,P0242,2025-02-16,5,2699.34,4.1,0,0,4.5
O02335,C0300,V007,P0009,2025-10-27,1,685.38,4.3,0,0,3.9
O02336,C0005,V065,P0252,2025-11-17,3,2009.32,4.3,0,1,3.6
O02337,C1455,V081,P0487,2025-12-21,2,638.1,2.8,0,0,4.5
O02338,C1421,V024,P0606,2025-01-16,3,1147.06,5.5,0,0,3.9
O02339,C0314,V034,P0542,2025-07-11,3,1773.32,3.1,0,0,3.3
O02340,C2419,V065,P0509,2025-03-23,1,323.59,2.7,0,1,4.4
O02341,C0827,V038,P0080,2025-09-09,2,555.76,2.6,0,0,3.9
O02342,C0233,V032,P0643,2025-07-03,2,1653.51,6.1,0,0,4.2
O02343,C0843,V037,P0654,2025-01-14,3,2120.76,3.6,0,0,4.0
O02344,C0887,V054,P0708,2025-06-19,1,642.56,6.2,0,0,4.8
O02345,C2111,V073,P0976,2025-12-20,1,498.82,4.8,0,0,3.8
O02346,C1323,V012,P0516,2025-04-15,4,3112.04,4.3,0,0,3.6
O02347,C1093,V016,P0085,2025-05-14,1,918.68,5.3,0,0,3.8
O02348,C1933,V044,P0427,2025-03-24,1,730.07,4.8,0,0,4.4
O02349,C1267,V003,P0587,2025-06-25,1,660.19,2.7,0,0,4.2
O02350,C0383,V012,P0194,2025-02-03,3,1481.23,4.6,0,0,4.2
O02351,C1805,V068,P0822,2025-09-09,1,533.16,3.2,0,0,4.0
O02352,C0275,V014,P0263,2025-07-02,2,655.8,2.8,0,0,4.0
O02353,C1675,V054,P0506,2025-04-30,1,667.66,5.6,0,0,3.8
O02354,C2480,V078,P0858,2025-12-17,2,2726.76,3.7,0,0,4.1
O02355,C0306,V084,P0332,2025-04-04,1,259.53,5.0,0,0,4.1
O02356,C1727,V040,P0754,2025-08-26,3,705.45,3.6,0,0,4.2
O02357,C0997,V009,P0188,2025-06-09,2,1032.25,4.1,0,0,4.1
O02358,C0717,V069,P0258,2025-09-11,6,1301.81,4.2,0,0,4.2
O02359,C1850,V046,P0444,2025-09-08,3,1473.13,4.2,0,0,3.7
O02360,C1171,V094,P0879,2025-04-20,1,585.95,5.1,0,0,4.0
O02361,C1502,V043,P0768,2025-06-08,3,1803.29,7.8,0,0,4.1
O02362,C1019,V052,P0313,2025-07-15,1,747.49,6.0,1,0,4.7
O02363,C1920,V097,P0322,2025-01-12,1,497.03,7.3,0,1,4.2
O02364,C2165,V003,P0895,2025-01-25,2,414.76,2.4,0,0,4.2
O02365,C0550,V091,P0799,2025-05-25,1,342.51,5.2,0,0,2.9
O02366,C1547,V004,P0944,2025-12-28,2,515.15,3.7,0,0,4.2
O02367,C1938,V057,P0531,2025-09-30,3,1022.11,4.9,0,0,4.1
O02368,C1031,V022,P0692,2025-10-13,6,4359.24,6.0,0,0,4.3
O02369,C0994,V019,P0508,2025-08-01,1,287.0,2.8,0,1,5.0
O02370,C1310,V060,P0995,2025-10-31,1,373.45,3.5,0,0,4.4
O02371,C0437,V007,P0189,2025-01-29,1,401.54,3.9,0,0,3.3
O02372,C2348,V068,P0197,2025-05-10,4,3949.09,2.1,0,0,4.0
O02373,C1819,V015,P0327,2025-12-04,4,2864.37,5.3,0,0,5.0
O02374,C1733,V090,P0219,2025-11-18,1,433.55,4.6,0,0,3.5
O02375,C2342,V017,P0625,2025-01-26,1,717.59,3.1,1,0,4.9
O02376,C1760,V044,P0337,2025-03-22,2,1735.18,5.5,1,0,4.0
O02377,C0653,V020,P0825,2025-08-31,4,3561.38,5.5,0,0,4.0
O02378,C1248,V051,P0384,2025-07-28,2,867.07,4.7,0,0,3.6
O02379,C0623,V039,P0060,2025-07-11,1,759.95,5.6,0,0,4.7
O02380,C0259,V074,P0907,2025-03-31,3,796.73,2.8,0,0,4.0
O02381,C2373,V081,P0854,2025-12-23,3,1278.67,4.2,0,0,4.3
O02382,C1404,V025,P0034,2025-10-11,3,837.93,4.0,0,0,4.0
O02383,C1692,V044,P0903,2025-04-13,1,872.88,1.1,0,0,3.6
O02384,C0521,V082,P0254,2025-12-19,2,2043.05,4.8,0,0,3.6
O02385,C1065,V062,P0469,2025-08-21,3,1498.3,4.2,0,0,4.4
O02386,C0168,V051,P0190,2025-11-17,1,575.05,3.0,0,0,4.3
O02387,C1060,V021,P0887,2025-07-24,4,1183.84,3.5,0,0,3.7
O02388,C2138,V016,P0085,2025-03-13,2,1595.81,6.0,0,0,4.3
O02389,C0099,V054,P0661,2025-06-22,1,180.32,5.4,0,0,4.9
O02390,C0330,V026,P0408,2025-01-15,1,416.25,5.2,0,0,5.0
O02391,C0770,V043,P0910,2025-12-08,1,476.49,7.0,0,0,4.3
O02392,C1680,V032,P0367,2025-09-30,1,466.32,3.3,0,0,4.3
O02393,C0563,V100,P0619,2025-03-23,1,602.67,2.1,0,0,4.5
O02394,C2309,V043,P0768,2025-07-12,3,1990.99,6.1,0,0,3.6
O02395,C1115,V050,P0099,2025-10-09,1,182.96,4.3,0,0,4.1
O02396,C1635,V008,P0338,2025-11-22,3,1403.63,4.8,0,1,4.2
O02397,C0619,V015,P0970,2025-03-09,2,356.82,4.3,0,0,4.5
O02398,C1643,V029,P0704,2025-03-08,2,1542.34,4.9,0,0,4.1
O02399,C2036,V082,P0113,2025-10-17,1,486.72,4.9,0,0,5.0
O02400,C2468,V003,P0587,2025-09-08,3,2156.61,2.6,0,0,3.9
O02401,C1010,V068,P0342,2025-04-21,3,2009.88,2.7,0,0,3.7
O02402,C2321,V038,P0100,2025-12-12,2,733.34,5.5,0,0,4.2
O02403,C0156,V014,P0173,2025-12-19,1,648.46,3.3,0,0,4.3
O02404,C0171,V044,P0796,2025-12-20,3,1693.97,4.5,0,0,4.9
O02405,C0275,V029,P0778,2025-05-15,1,551.22,4.9,0,0,3.7
O02406,C1140,V093,P0946,2025-05-09,2,1315.25,6.1,0,0,4.2
O02407,C1714,V064,P0717,2025-11-24,1,555.09,2.5,0,0,3.3
O02408,C1813,V014,P0748,2025-09-27,5,1604.47,2.6,0,0,3.7
O02409,C0876,V037,P0785,2025-09-24,2,697.49,6.0,0,0,4.5
O02410,C0484,V042,P0374,2025-11-10,4,1700.1,4.6,0,0,3.9
O02411,C1543,V021,P0431,2025-01-15,2,501.4,4.3,0,0,3.4
O02412,C0251,V074,P0907,2025-10-20,1,298.59,4.4,0,0,3.9
O02413,C0746,V044,P0427,2025-09-27,5,3812.49,6.7,0,0,4.7
O02414,C1496,V085,P0092,2025-12-23,2,649.26,4.1,0,0,4.2
O02415,C0201,V016,P0085,2025-12-20,8,7327.43,4.0,0,0,4.3
O02416,C0873,V072,P0994,2025-08-24,5,2808.4,5.1,1,0,4.5
O02417,C1125,V067,P0162,2025-03-04,2,573.8,4.1,0,0,3.9
O02418,C2109,V015,P0950,2025-11-19,3,1041.63,4.6,0,0,4.4
O02419,C1834,V005,P0423,2025-10-31,1,524.91,3.6,0,0,4.6
O02420,C0585,V016,P0872,2025-12-24,1,1062.36,7.1,1,0,3.6
O02421,C0922,V100,P0400,2025-06-08,2,2172.08,4.8,0,0,4.5
O02422,C0538,V021,P0887,2025-12-07,1,329.5,4.0,0,0,3.2
O02423,C0390,V100,P0939,2025-11-09,2,742.54,3.7,0,0,3.3
O02424,C0158,V051,P0190,2025-10-11,1,622.58,4.4,0,0,4.1
O02425,C0674,V078,P0632,2025-06-25,3,2708.03,3.5,1,0,3.5
O02426,C1301,V082,P0544,2025-02-18,3,893.08,5.9,0,0,4.2
O02427,C1135,V075,P0362,2025-02-06,1,810.83,4.9,0,0,4.3
O02428,C0385,V015,P0876,2025-09-09,1,1172.06,2.7,0,0,4.6
O02429,C2374,V054,P0308,2025-07-22,2,544.59,4.0,1,0,4.5
O02430,C2016,V093,P0920,2025-03-22,3,1154.49,4.6,0,1,4.6
O02431,C2235,V091,P0095,2025-08-25,3,1032.54,3.6,0,0,3.3
O02432,C2423,V022,P0945,2025-12-17,1,912.65,6.7,1,0,4.4
O02433,C2236,V004,P0713,2025-04-30,3,2168.58,3.1,0,0,4.1
O02434,C1740,V065,P0509,2025-03-09,1,331.02,3.5,0,0,4.7
O02435,C1760,V069,P0258,2025-08-21,4,817.03,2.1,0,0,4.7
O02436,C0345,V075,P0142,2025-02-28,1,286.73,3.4,0,0,4.2
O02437,C2418,V034,P0798,2025-01-02,1,817.65,1.6,1,0,4.5
O02438,C0363,V073,P0617,2025-12-13,1,512.22,8.0,0,0,3.9
O02439,C1593,V093,P0946,2025-06-08,2,1249.99,5.1,0,0,4.2
O02440,C1854,V068,P0860,2025-12-27,2,936.09,3.6,0,0,4.3
O02441,C0559,V011,P0631,2025-06-07,2,436.65,5.2,1,0,4.8
O02442,C0059,V024,P0606,2025-03-01,1,347.06,4.3,0,0,3.8
O02443,C2361,V004,P0047,2025-02-06,1,595.51,1.9,0,0,4.5
O02444,C1943,V041,P0404,2025-07-14,1,689.84,4.3,0,0,3.8
O02445,C0958,V044,P0903,2025-12-18,1,850.94,3.3,0,0,4.1
O02446,C1888,V069,P0258,2025-10-10,1,204.17,2.3,0,0,4.1
O02447,C0120,V019,P0187,2025-11-12,2,887.71,4.0,0,1,4.2
O02448,C1889,V065,P0590,2025-01-05,3,4280.04,4.4,0,0,3.5
O02449,C1038,V022,P0145,2025-04-04,5,1454.63,4.4,0,1,3.5
O02450,C2452,V066,P0729,2025-09-11,1,451.55,4.0,0,0,3.9
O02451,C1775,V052,P0231,2025-10-25,1,607.68,5.0,0,0,4.7
O02452,C0001,V039,P0226,2025-03-20,1,324.63,5.1,0,0,4.2
O02453,C0553,V086,P0535,2025-04-18,1,819.42,4.6,0,0,4.2
O02454,C0004,V032,P0354,2025-04-07,3,1809.36,4.7,0,0,4.5
O02455,C0992,V036,P0401,2025-06-18,5,2767.36,3.3,1,0,3.9
O02456,C0835,V038,P0668,2025-08-08,4,1129.26,3.8,0,0,3.5
O02457,C0739,V071,P0015,2025-09-07,4,2379.13,1.9,1,0,4.1
O02458,C2353,V084,P0958,2025-01-26,3,2728.62,5.6,0,0,4.1
O02459,C2199,V027,P0870,2025-01-24,1,442.43,2.7,0,0,3.3
O02460,C1704,V040,P0510,2025-11-11,3,1355.36,3.1,0,0,4.1
O02461,C0197,V005,P0789,2025-11-09,1,527.19,3.1,0,1,4.6
O02462,C1642,V058,P0247,2025-07-30,2,794.69,1.6,0,0,4.5
O02463,C1345,V021,P0503,2025-01-02,3,1553.72,2.7,0,0,4.2
O02464,C1083,V074,P0638,2025-01-14,4,1173.0,3.6,0,0,3.5
O02465,C1561,V100,P0382,2025-12-31,3,891.87,2.4,0,0,3.9
O02466,C1926,V068,P0822,2025-07-14,8,4793.28,3.4,1,0,3.4
O02467,C0004,V086,P0809,2025-04-03,1,907.57,2.9,0,0,4.2
O02468,C0517,V083,P0640,2025-01-08,2,1321.01,4.9,0,0,3.9
O02469,C1651,V057,P0582,2025-11-29,3,1473.9,2.4,0,0,4.1
O02470,C1928,V074,P0714,2025-10-04,1,940.37,3.1,0,1,4.0
O02471,C0656,V003,P0204,2025-07-25,3,1748.97,2.9,0,0,4.7
O02472,C2054,V025,P0914,2025-12-17,3,2224.97,2.4,0,0,4.6
O02473,C0146,V069,P0917,2025-07-04,4,4025.25,4.2,0,0,4.4
O02474,C1918,V032,P0643,2025-06-15,1,864.23,4.5,0,0,4.7
O02475,C0951,V055,P0029,2025-01-21,1,673.15,4.3,0,0,4.3
O02476,C0650,V027,P0309,2025-01-05,1,268.29,4.5,0,0,3.3
O02477,C1953,V090,P0053,2025-08-17,1,332.05,1.5,0,0,3.3
O02478,C1082,V063,P0838,2025-08-26,2,1443.07,2.9,0,0,4.0
O02479,C1533,V053,P0710,2025-11-20,1,1401.76,4.3,0,0,3.9
O02480,C0897,V100,P0549,2025-08-22,5,2476.85,4.8,0,0,4.1
O02481,C1605,V077,P0375,2025-01-20,3,1666.76,4.8,0,0,3.6
O02482,C0371,V060,P0995,2025-04-26,6,2309.64,3.8,0,0,4.3
O02483,C0932,V016,P0167,2025-03-22,1,397.29,5.6,1,0,4.3
O02484,C1602,V019,P0187,2025-07-20,4,1845.66,4.5,0,0,4.1
O02485,C2096,V039,P0462,2025-08-12,1,704.82,2.9,0,0,4.6
O02486,C1154,V095,P0120,2025-06-19,4,1909.61,4.4,0,0,4.5
O02487,C0913,V061,P0652,2025-02-02,1,887.5,5.9,0,0,4.9
O02488,C1543,V046,P0438,2025-05-26,8,7205.7,3.1,0,0,2.5
O02489,C1085,V023,P0828,2025-06-11,2,779.31,2.9,0,0,4.2
O02490,C0340,V041,P0530,2025-05-28,4,2647.66,2.7,0,0,4.1
O02491,C1134,V065,P0586,2025-08-10,1,457.76,2.8,0,0,3.9
O02492,C1182,V073,P0284,2025-04-02,3,1332.11,6.6,0,0,4.7
O02493,C1226,V046,P0438,2025-06-08,1,832.55,1.0,0,1,2.9
O02494,C1914,V073,P0617,2025-02-08,1,509.34,5.9,0,0,3.7
O02495,C0364,V024,P0177,2025-01-27,2,1146.17,3.5,0,0,4.7
O02496,C0266,V080,P0518,2025-10-20,5,7713.53,3.6,0,1,4.0
O02497,C0001,V054,P0241,2025-01-22,1,687.83,4.7,0,0,4.3
O02498,C0748,V047,P0243,2025-02-07,5,1463.32,4.2,1,0,4.2
O02499,C1267,V017,P0769,2025-03-24,1,611.8,2.5,0,0,4.1
O02500,C1255,V005,P0789,2025-10-27,1,554.22,6.0,0,0,3.6
O02501,C0518,V058,P0247,2025-03-15,2,848.54,5.2,1,0,4.2
O02502,C2293,V085,P0731,2025-11-29,2,614.76,2.4,0,0,4.5
O02503,C0731,V077,P0566,2025-02-08,1,412.62,4.7,0,0,4.0
O02504,C2039,V051,P0786,2025-02-27,1,569.13,3.1,0,0,3.9
O02505,C1138,V016,P0085,2025-12-01,2,1724.06,4.7,0,0,4.4
O02506,C2004,V058,P0963,2025-12-22,3,1350.1,4.3,0,0,4.0
O02507,C1304,V077,P0375,2025-09-25,3,1487.9,6.3,0,0,3.6
O02508,C1232,V022,P0692,2025-06-12,3,2219.21,2.6,0,1,4.5
O02509,C1672,V007,P0329,2025-03-14,1,782.74,6.4,0,0,2.9
O02510,C1082,V090,P0053,2025-10-05,2,627.43,4.0,0,0,3.5
O02511,C1944,V084,P0278,2025-04-28,1,455.85,6.5,0,0,3.9
O02512,C2443,V084,P0958,2025-11-18,2,1767.1,6.7,0,0,3.5
O02513,C2008,V075,P0362,2025-02-14,1,746.84,2.3,0,0,4.3
O02514,C0140,V005,P0132,2025-12-10,1,728.0,2.9,0,0,4.0
O02515,C2113,V074,P0546,2025-01-06,5,3098.16,4.9,0,0,4.3
O02516,C1210,V027,P0925,2025-09-29,5,7223.51,4.0,0,0,4.2
O02517,C2367,V025,P0034,2025-02-13,2,647.86,5.0,0,0,4.5
O02518,C1734,V076,P0776,2025-03-16,5,4270.01,2.6,0,0,4.3
O02519,C1890,V035,P0211,2025-03-26,1,663.51,5.1,1,0,3.7
O02520,C2052,V057,P0588,2025-05-16,4,1520.36,3.5,0,0,4.6
O02521,C1676,V065,P0252,2025-10-14,1,636.77,5.1,0,0,3.3
O02522,C2329,V078,P0968,2025-11-09,2,636.81,4.4,0,0,4.0
O02523,C1500,V044,P0560,2025-03-08,1,461.58,3.2,0,0,4.3
O02524,C0133,V041,P0014,2025-09-29,3,1704.68,3.4,0,0,3.5
O02525,C2032,V063,P0636,2025-12-09,3,1021.02,1.7,0,0,3.3
O02526,C0667,V081,P0618,2025-11-16,2,1384.77,3.4,0,0,3.5
O02527,C0255,V035,P0982,2025-10-28,1,523.07,1.2,0,0,4.2
O02528,C1263,V047,P0245,2025-10-10,2,863.51,4.6,0,0,3.5
O02529,C2469,V045,P0198,2025-02-02,3,2679.07,4.2,0,0,5.0
O02530,C1072,V065,P0649,2025-05-12,1,410.31,2.4,0,0,4.2
O02531,C2274,V035,P0574,2025-05-24,1,333.12,5.7,1,0,3.9
O02532,C1252,V085,P0166,2025-06-15,3,2532.56,7.1,0,0,3.8
O02533,C0933,V036,P0540,2025-01-15,3,1624.57,4.3,0,0,4.0
O02534,C1990,V050,P0157,2025-07-31,1,679.02,4.4,0,0,4.8
O02535,C1480,V083,P0460,2025-01-04,2,2788.71,5.1,0,0,3.9
O02536,C0470,V017,P0625,2025-06-26,2,1354.59,4.2,0,0,4.1
O02537,C1227,V004,P0940,2025-04-14,2,1593.56,3.8,0,1,3.5
O02538,C1619,V059,P0665,2025-06-18,2,534.36,4.7,0,0,4.2
O02539,C1874,V030,P0358,2025-04-01,1,520.12,3.4,0,0,4.3
O02540,C1093,V036,P0372,2025-07-05,2,1801.16,1.9,0,0,4.5
O02541,C1729,V096,P0539,2025-10-08,2,2337.75,6.8,0,0,4.4
O02542,C0909,V036,P0372,2025-09-24,2,2066.68,4.3,0,0,4.1
O02543,C1410,V089,P0437,2025-04-04,3,1869.09,3.8,0,0,4.5
O02544,C0262,V079,P0773,2025-08-06,1,357.9,3.1,0,0,4.8
O02545,C0526,V076,P0104,2025-04-22,1,504.94,3.6,0,0,4.9
O02546,C2284,V088,P0312,2025-11-28,1,620.5,5.2,0,0,4.6
O02547,C0094,V028,P0116,2025-05-21,2,1982.23,4.1,0,0,4.2
O02548,C1433,V074,P0546,2025-01-10,1,633.91,5.6,0,0,4.0
O02549,C0512,V038,P0295,2025-07-12,1,1254.23,4.1,0,0,4.8
O02550,C1675,V057,P0582,2025-02-01,3,1459.78,4.8,0,0,4.1
O02551,C1410,V060,P0536,2025-07-17,1,594.19,4.0,0,0,4.2
O02552,C0718,V044,P0796,2025-08-13,4,2507.97,4.6,0,0,4.9
O02553,C1834,V004,P0713,2025-06-23,1,669.03,3.2,0,0,4.1
O02554,C0434,V097,P0705,2025-02-23,1,573.87,5.9,0,0,5.0
O02555,C0230,V013,P0522,2025-01-22,2,1704.67,4.8,1,0,3.7
O02556,C0096,V069,P0550,2025-07-11,5,2426.7,4.6,0,0,4.1
O02557,C0437,V062,P0834,2025-10-19,6,2018.3,4.2,0,0,4.2
O02558,C0775,V065,P0509,2025-07-16,4,1398.9,3.3,0,0,4.1
O02559,C0491,V044,P0875,2025-10-01,2,1177.23,2.7,0,0,4.1
O02560,C1363,V036,P0598,2025-05-11,3,1180.61,3.2,0,0,3.4
O02561,C0366,V080,P0660,2025-09-12,4,4512.69,4.0,0,0,4.0
O02562,C0688,V028,P0489,2025-04-19,3,2503.99,3.4,0,1,3.2
O02563,C2281,V055,P0862,2025-11-24,1,655.67,3.1,0,1,4.1
O02564,C0324,V050,P0099,2025-05-06,1,190.5,4.3,0,0,4.1
O02565,C2215,V055,P0862,2025-06-27,2,1429.36,3.0,0,0,4.1
O02566,C0286,V089,P0437,2025-07-13,1,598.09,5.8,0,0,4.0
O02567,C1681,V075,P0846,2025-09-22,3,2535.18,2.4,0,0,4.3
O02568,C2220,V021,P0158,2025-10-20,1,561.83,5.7,0,0,4.4
O02569,C0467,V037,P0654,2025-02-23,2,1114.78,3.5,0,0,4.0
O02570,C2019,V082,P0265,2025-10-09,5,2661.45,2.8,0,0,4.4
O02571,C0623,V002,P0843,2025-12-12,2,2004.23,3.6,0,0,3.0
O02572,C0332,V063,P0992,2025-07-21,2,884.5,1.3,0,0,4.9
O02573,C1837,V092,P0628,2025-09-03,3,1387.61,5.4,0,0,4.2
O02574,C2089,V079,P0647,2025-05-26,2,1252.62,2.7,0,0,4.6
O02575,C0337,V082,P0544,2025-03-29,2,540.24,3.8,0,0,4.7
O02576,C0218,V031,P0458,2025-02-09,2,1388.98,3.6,1,0,4.4
O02577,C2030,V011,P0961,2025-12-14,5,2718.67,3.2,0,0,4.9
O02578,C2084,V092,P0980,2025-04-22,3,1708.47,6.5,0,0,4.2
O02579,C0352,V096,P0266,2025-04-09,1,596.85,4.6,0,0,3.5
O02580,C2006,V071,P0121,2025-02-14,2,718.7,3.2,0,0,3.8
O02581,C1170,V091,P0475,2025-04-06,2,2097.94,4.4,1,0,3.8
O02582,C1359,V048,P0521,2025-05-19,3,901.16,4.9,0,0,4.7
O02583,C1327,V016,P0294,2025-09-08,1,241.33,6.3,0,0,4.6
O02584,C1017,V068,P0197,2025-03-05,1,901.24,1.9,0,0,4.0
O02585,C1970,V052,P0313,2025-01-14,3,2027.21,2.5,0,0,4.8
O02586,C0220,V076,P0602,2025-02-11,3,4606.74,3.3,0,0,4.2
O02587,C2335,V095,P0839,2025-09-23,4,1714.87,5.6,0,1,4.7
O02588,C0143,V069,P0381,2025-10-04,2,552.92,4.3,1,0,3.8
O02589,C0432,V020,P0470,2025-07-19,3,2375.86,4.8,1,0,3.9
O02590,C0236,V077,P0579,2025-01-24,3,1256.85,5.0,0,0,4.1
O02591,C2086,V097,P0276,2025-10-26,3,2068.26,4.1,0,0,4.1
O02592,C2440,V077,P0250,2025-07-19,2,1235.89,3.0,1,0,3.6
O02593,C1101,V026,P0837,2025-04-27,4,2363.65,3.0,0,1,3.6
O02594,C1196,V027,P0261,2025-06-05,3,1197.59,3.3,0,0,4.4
O02595,C1733,V057,P0418,2025-04-15,3,2157.07,4.9,0,0,4.3
O02596,C0960,V027,P0233,2025-07-29,4,2530.64,1.7,0,0,4.5
O02597,C0745,V044,P0279,2025-07-05,3,2746.85,4.5,0,0,4.5
O02598,C0795,V081,P0719,2025-10-14,2,1079.52,4.3,0,0,4.4
O02599,C0339,V086,P0672,2025-04-16,2,1572.68,4.5,0,0,3.7
O02600,C2127,V077,P0067,2025-10-17,3,902.63,4.1,0,0,4.1
O02601,C2161,V040,P0347,2025-11-10,3,2857.28,2.5,0,0,3.9
O02602,C2049,V073,P0767,2025-08-27,4,2040.55,4.4,0,0,4.0
O02603,C2251,V023,P0217,2025-11-14,1,569.89,2.9,0,0,4.2
O02604,C1445,V017,P0089,2025-09-06,1,730.32,2.7,0,0,3.6
O02605,C1070,V048,P0038,2025-05-19,2,1083.81,5.1,0,0,4.3
O02606,C0782,V083,P0929,2025-02-28,4,2194.79,3.6,0,0,4.8
O02607,C2268,V008,P0398,2025-01-25,2,799.79,5.8,0,0,4.6
O02608,C1948,V050,P0989,2025-10-28,1,535.07,4.1,0,0,5.0
O02609,C1526,V095,P0656,2025-06-09,1,259.73,6.3,0,0,4.4
O02610,C0323,V090,P0331,2025-12-12,2,2054.4,3.0,0,0,4.1
O02611,C0716,V090,P0844,2025-01-05,1,282.91,3.9,0,0,4.2
O02612,C0123,V028,P0116,2025-08-15,1,853.92,4.9,0,0,4.2
O02613,C1959,V093,P0491,2025-02-18,1,413.12,4.9,0,0,4.0
O02614,C1865,V027,P0394,2025-05-08,3,1668.87,2.8,0,0,4.1
O02615,C2226,V091,P0964,2025-09-24,5,3624.57,5.5,0,0,3.9
O02616,C0078,V064,P0918,2025-03-24,1,569.43,2.7,0,0,3.9
O02617,C1918,V090,P0053,2025-09-15,3,1044.81,3.3,0,0,4.0
O02618,C1067,V059,P0969,2025-03-03,3,1187.92,3.0,0,0,4.6
O02619,C0127,V028,P0489,2025-07-05,1,833.56,3.1,1,0,4.0
O02620,C2318,V086,P0752,2025-06-21,5,3130.31,4.4,0,0,4.2
O02621,C2454,V073,P0759,2025-09-08,1,1099.22,2.8,0,0,4.7
O02622,C2323,V016,P0840,2025-03-12,2,1064.4,3.1,0,0,3.6
O02623,C2099,V002,P0762,2025-02-13,5,1359.56,4.9,0,0,3.6
O02624,C0228,V096,P0266,2025-02-07,3,1818.36,5.1,0,0,4.2
O02625,C2000,V017,P0772,2025-02-04,2,746.35,2.1,0,0,4.0
O02626,C0812,V078,P0218,2025-05-13,2,716.19,1.7,0,0,3.9
O02627,C0736,V034,P0981,2025-02-19,2,946.25,1.7,0,0,4.6
O02628,C2202,V041,P0463,2025-10-26,3,1188.1,4.4,0,0,3.0
O02629,C0501,V066,P0286,2025-01-26,3,2551.75,5.2,0,0,4.4
O02630,C2078,V066,P0538,2025-10-01,4,4490.45,3.9,0,0,4.4
O02631,C1294,V051,P0607,2025-08-04,4,1786.66,4.7,0,0,4.3
O02632,C2230,V023,P0446,2025-11-02,2,689.2,2.5,0,0,4.7
O02633,C2435,V068,P0406,2025-08-29,2,785.33,3.4,0,0,3.5
O02634,C0610,V044,P0903,2025-10-27,1,974.87,4.9,0,0,4.0
O02635,C1198,V035,P0211,2025-09-27,3,1921.32,5.0,0,0,3.9
O02636,C1409,V083,P0893,2025-12-03,2,860.97,4.9,0,0,3.8
O02637,C0722,V004,P0940,2025-10-16,2,1563.3,1.4,1,0,3.9
O02638,C0905,V054,P0661,2025-04-08,4,896.91,2.9,0,0,4.4
O02639,C0834,V087,P0088,2025-07-13,1,217.08,4.7,0,0,4.3
O02640,C1475,V086,P0407,2025-11-07,2,1420.39,4.1,0,0,4.2
O02641,C1316,V002,P0972,2025-12-31,1,416.6,3.4,0,0,3.8
O02642,C1357,V044,P0392,2025-11-07,2,1462.79,5.2,0,0,4.0
O02643,C2322,V022,P0692,2025-05-14,2,1533.39,4.5,0,0,3.6
O02644,C1117,V034,P0214,2025-12-24,3,3617.24,3.0,0,0,4.3
O02645,C2053,V023,P0082,2025-07-28,1,710.53,3.6,0,0,3.6
O02646,C0364,V037,P0299,2025-02-05,1,428.94,5.7,0,0,3.6
O02647,C0079,V069,P0720,2025-11-02,2,687.4,4.8,0,0,4.9
O02648,C0590,V009,P0188,2025-07-11,2,1135.84,4.8,0,0,4.4
O02649,C2421,V002,P0972,2025-08-17,2,775.98,3.2,0,0,3.8
O02650,C0288,V019,P0275,2025-08-03,9,2920.42,6.4,0,0,4.5
O02651,C0037,V024,P0859,2025-05-06,2,801.01,4.6,0,0,4.3
O02652,C0144,V003,P0204,2025-12-01,4,1938.86,2.9,0,0,5.0
O02653,C0383,V084,P0278,2025-11-22,3,1358.3,3.5,0,0,3.4
O02654,C1413,V012,P0224,2025-09-28,2,697.94,4.3,0,0,4.6
O02655,C1182,V093,P0330,2025-08-10,5,3083.49,2.7,0,1,4.3
O02656,C2364,V077,P0062,2025-10-14,2,822.13,6.0,0,1,4.0
O02657,C0352,V100,P0390,2025-12-20,5,6265.44,5.2,0,0,4.1
O02658,C0332,V035,P0805,2025-11-20,6,2145.2,7.1,0,0,4.5
O02659,C1909,V015,P0970,2025-05-23,2,367.14,4.1,0,0,4.3
O02660,C2323,V038,P0478,2025-07-23,3,976.2,4.6,0,0,4.1
O02661,C0816,V023,P0831,2025-01-13,1,918.92,2.7,0,0,5.0
O02662,C2065,V066,P0490,2025-03-13,1,606.33,4.9,0,0,4.7
O02663,C0860,V085,P0892,2025-08-19,2,1092.58,7.4,0,0,3.2
O02664,C0313,V062,P0515,2025-06-02,3,1956.83,4.3,0,0,4.8
O02665,C0182,V084,P0220,2025-04-24,3,2837.57,4.8,0,0,3.4
O02666,C0360,V036,P0598,2025-01-03,1,382.88,2.6,0,0,3.5
O02667,C0012,V006,P0428,2025-12-11,4,1681.0,6.1,0,0,4.3
O02668,C0867,V091,P0707,2025-11-15,2,2042.75,3.8,0,0,3.2
O02669,C2268,V046,P0948,2025-12-12,2,647.34,2.7,0,0,4.1
O02670,C0269,V096,P0874,2025-07-13,2,1568.59,4.7,0,0,4.0
O02671,C1451,V053,P0307,2025-04-23,1,461.46,4.8,0,0,4.1
O02672,C1026,V006,P0577,2025-03-31,2,1209.64,5.0,0,0,4.3
O02673,C1485,V019,P0275,2025-09-10,5,1400.09,5.1,0,0,4.3
O02674,C0012,V022,P0692,2025-08-14,1,773.14,4.4,0,0,3.3
O02675,C0348,V016,P0666,2025-09-24,1,738.87,5.5,0,0,4.1
O02676,C1188,V094,P0137,2025-09-23,1,328.53,2.8,0,0,4.0
O02677,C1636,V030,P0523,2025-03-26,1,416.54,1.9,0,0,4.2
O02678,C2198,V095,P0118,2025-01-18,3,2482.69,5.1,0,0,4.3
O02679,C2431,V089,P0512,2025-02-09,1,510.14,1.0,0,0,4.2
O02680,C0755,V074,P0907,2025-04-03,1,246.79,2.8,0,1,4.3
O02681,C1526,V044,P0560,2025-12-19,2,1077.39,3.8,0,0,3.8
O02682,C2493,V060,P0536,2025-01-06,2,1509.76,3.1,1,0,3.9
O02683,C1544,V074,P0638,2025-11-28,2,471.02,4.4,0,0,4.3
O02684,C0808,V042,P0621,2025-11-16,1,646.96,3.8,0,0,4.3
O02685,C1113,V079,P0938,2025-11-18,1,485.42,3.9,0,0,5.0
O02686,C2316,V057,P0418,2025-12-16,3,1934.06,3.0,0,0,3.7
O02687,C0042,V027,P0181,2025-01-20,2,1043.48,2.9,0,0,4.1
O02688,C1390,V037,P0785,2025-05-17,1,336.42,4.2,0,0,3.9
O02689,C2445,V081,P0346,2025-12-23,1,591.24,3.6,0,1,4.7
O02690,C0677,V096,P0363,2025-04-08,3,2852.84,4.6,0,0,4.2
O02691,C0641,V087,P0008,2025-05-28,5,2474.12,5.4,1,0,4.4
O02692,C1238,V076,P0774,2025-06-18,2,1994.8,2.7,0,1,4.0
O02693,C2277,V084,P0570,2025-05-20,2,1047.09,5.5,0,0,3.4
O02694,C0608,V033,P0006,2025-10-16,1,836.52,5.0,0,0,3.6
O02695,C0345,V019,P0001,2025-09-08,2,933.06,4.7,0,0,4.4
O02696,C0872,V041,P0605,2025-08-02,2,954.52,1.4,0,0,4.5
O02697,C0849,V068,P0978,2025-09-13,4,3627.07,2.1,0,0,3.7
O02698,C2150,V046,P0200,2025-05-28,1,375.53,2.4,1,0,3.5
O02699,C2214,V047,P0435,2025-12-11,1,516.44,5.6,0,0,3.5
O02700,C2192,V096,P0997,2025-02-15,1,890.34,4.9,0,0,3.9
O02701,C0176,V035,P0211,2025-01-30,3,1891.89,2.8,0,0,4.3
O02702,C2260,V077,P0865,2025-06-06,3,4022.95,4.1,0,0,3.7
O02703,C0382,V082,P0974,2025-04-29,2,1318.57,4.2,0,0,4.5
O02704,C2130,V041,P0404,2025-10-09,2,1449.53,2.5,0,0,3.6
O02705,C0499,V002,P0716,2025-08-26,4,1439.51,5.7,1,0,3.9
O02706,C1596,V100,P0949,2025-02-07,3,540.19,3.5,0,0,4.6
O02707,C0042,V048,P0038,2025-07-25,1,500.86,6.5,0,1,3.9
O02708,C1490,V084,P0278,2025-08-03,3,1290.56,4.6,0,0,4.2
O02709,C1637,V077,P0881,2025-08-10,2,665.63,3.6,1,0,4.3
O02710,C0630,V027,P0877,2025-12-13,1,250.97,6.5,0,0,3.8
O02711,C0118,V024,P0723,2025-03-21,4,1203.69,4.3,0,0,4.3
O02712,C1522,V082,P0683,2025-08-26,1,924.71,4.4,0,0,4.4
O02713,C0609,V034,P0542,2025-03-18,4,2306.24,4.8,0,0,3.1
O02714,C1520,V085,P0915,2025-10-23,3,601.06,6.2,0,0,3.2
O02715,C1525,V051,P0810,2025-12-28,2,795.37,3.4,0,0,4.7
O02716,C1616,V047,P0429,2025-04-05,1,359.17,2.0,1,0,4.0
O02717,C1675,V047,P0435,2025-03-10,1,544.05,4.6,0,0,3.9
O02718,C0377,V014,P0748,2025-02-24,6,2100.85,2.1,0,0,3.9
O02719,C1659,V029,P0101,2025-09-28,2,751.41,2.7,0,0,3.5
O02720,C1894,V044,P0030,2025-08-20,1,557.05,3.9,1,0,3.8
O02721,C0270,V014,P0725,2025-01-21,1,463.51,1.9,0,0,4.4
O02722,C0608,V036,P0598,2025-07-14,4,1672.72,3.5,0,0,3.4
O02723,C1076,V013,P0412,2025-07-12,2,1090.76,4.9,0,0,4.9
O02724,C1095,V027,P0877,2025-11-23,1,233.2,5.3,0,0,3.8
O02725,C2348,V021,P0503,2025-09-04,3,1425.66,5.2,0,0,4.3
O02726,C1031,V019,P0275,2025-09-14,7,2234.3,2.4,0,1,4.8
O02727,C1415,V024,P0177,2025-04-06,1,619.14,5.7,1,0,5.0
O02728,C0235,V083,P0932,2025-05-19,4,1620.82,6.3,0,0,3.9
O02729,C1814,V028,P0489,2025-07-04,3,2365.7,4.8,0,0,3.5
O02730,C0028,V024,P0723,2025-10-01,2,571.83,5.3,0,0,4.3
O02731,C0791,V097,P0322,2025-09-10,2,922.5,5.0,0,0,4.7
O02732,C0816,V037,P0674,2025-12-14,1,1611.16,2.8,1,0,3.9
O02733,C1151,V082,P0691,2025-10-31,3,2774.93,4.8,0,0,4.1
O02734,C1189,V065,P0600,2025-02-27,1,606.8,3.3,0,0,3.6
O02735,C1290,V034,P0079,2025-09-12,1,505.04,3.0,0,0,3.4
O02736,C2459,V008,P0464,2025-06-14,1,522.54,4.6,0,0,5.0
O02737,C0958,V096,P0874,2025-07-23,1,679.74,3.5,0,0,4.0
O02738,C2082,V090,P0219,2025-01-16,3,1363.63,3.7,0,0,4.2
O02739,C2253,V059,P0775,2025-01-17,1,433.51,2.3,0,0,4.2
O02740,C2026,V051,P0384,2025-07-14,1,530.44,4.4,0,0,3.8
O02741,C0927,V012,P0483,2025-12-22,6,1750.2,2.7,0,0,4.7
O02742,C0456,V016,P0344,2025-11-21,3,4854.86,8.0,0,0,3.6
O02743,C0576,V079,P0647,2025-04-25,1,588.25,3.4,0,0,4.3
O02744,C1167,V025,P0957,2025-10-23,4,2727.62,3.7,1,0,4.2
O02745,C1302,V059,P0775,2025-12-29,2,856.73,2.3,1,0,3.4
O02746,C2218,V035,P0868,2025-01-24,1,510.75,4.6,0,0,4.0
O02747,C0959,V087,P0395,2025-09-23,2,574.04,6.6,0,0,4.0
O02748,C2049,V043,P0020,2025-07-22,1,929.93,8.1,0,0,3.6
O02749,C0455,V054,P0506,2025-10-25,2,1370.66,5.6,0,0,4.7
O02750,C2275,V002,P0972,2025-01-11,1,409.63,3.6,0,1,4.3
O02751,C1260,V018,P0973,2025-09-15,3,3719.32,5.6,0,0,4.0
O02752,C1890,V034,P0542,2025-01-29,4,2389.71,4.5,0,0,3.9
O02753,C0497,V100,P0820,2025-11-28,1,1266.05,4.5,0,0,4.3
O02754,C0142,V030,P0358,2025-08-29,2,1002.89,4.3,0,0,4.6
O02755,C1131,V042,P0621,2025-08-31,1,680.84,5.1,0,0,3.9
O02756,C1808,V066,P0172,2025-12-03,3,2136.47,5.3,0,0,4.0
O02757,C0752,V031,P0884,2025-03-16,3,1371.77,1.8,0,0,4.0
O02758,C0436,V077,P0678,2025-12-17,1,348.32,3.7,0,0,4.6
O02759,C1236,V024,P0177,2025-02-07,2,1280.58,1.6,0,0,4.6
O02760,C0934,V074,P0139,2025-10-28,2,1169.22,5.1,0,1,4.8
O02761,C0012,V044,P0796,2025-11-19,8,5043.59,4.3,0,0,4.8
O02762,C2313,V057,P0418,2025-10-25,2,1075.74,3.5,1,0,3.9
O02763,C2315,V094,P0281,2025-05-01,3,3021.32,3.4,0,0,3.4
O02764,C2479,V046,P0444,2025-12-11,3,1693.75,4.5,0,0,3.0
O02765,C2364,V063,P0397,2025-11-06,1,419.95,2.8,1,0,4.6
O02766,C0131,V046,P0594,2025-10-13,1,494.15,2.3,0,0,3.5
O02767,C0386,V011,P0851,2025-11-20,1,978.96,4.9,0,0,4.6
O02768,C0311,V032,P0354,2025-06-26,2,880.03,2.6,0,0,4.0
O02769,C1637,V078,P0632,2025-12-18,2,1874.18,4.8,0,0,3.2
O02770,C2042,V035,P0574,2025-10-20,3,940.39,4.4,1,0,4.7
O02771,C0097,V036,P0372,2025-07-25,1,954.8,3.4,0,1,4.3
O02772,C1620,V099,P0230,2025-03-24,3,1636.43,5.1,0,0,4.2
O02773,C0135,V013,P0493,2025-08-26,3,1959.3,4.4,0,0,4.1
O02774,C1018,V061,P0624,2025-09-07,1,550.7,4.1,0,0,4.1
O02775,C2086,V096,P0926,2025-03-22,1,612.47,5.6,0,0,4.3
O02776,C2062,V012,P0033,2025-07-31,2,2013.01,3.8,0,0,4.9
O02777,C1993,V054,P0661,2025-10-01,1,217.98,4.1,1,0,4.1
O02778,C2130,V050,P0806,2025-08-06,3,1883.08,6.4,0,0,4.5
O02779,C0226,V037,P0195,2025-07-14,1,365.65,3.7,0,0,4.9
O02780,C1417,V065,P0966,2025-08-30,2,2266.09,2.7,0,0,4.4
O02781,C0541,V046,P0292,2025-05-08,1,545.24,3.4,0,0,3.9
O02782,C2043,V032,P0494,2025-08-15,4,2541.92,4.7,0,0,4.7
O02783,C1909,V083,P0932,2025-05-11,2,964.04,4.4,1,0,4.4
O02784,C0980,V050,P0882,2025-11-10,2,1685.27,4.9,0,0,4.9
O02785,C1282,V024,P0723,2025-06-17,1,223.22,2.7,0,0,4.1
O02786,C0516,V027,P0758,2025-07-12,3,4833.42,2.3,0,0,3.6
O02787,C2237,V093,P0698,2025-09-29,2,1077.9,4.3,0,0,4.6
O02788,C0198,V051,P0810,2025-01-22,2,695.15,5.8,0,0,4.2
O02789,C1016,V086,P0411,2025-03-15,1,818.27,6.9,0,0,3.1
O02790,C0788,V074,P0638,2025-10-06,2,571.0,4.9,0,0,3.7
O02791,C2046,V042,P0734,2025-05-22,1,503.05,3.4,0,1,4.1
O02792,C0547,V085,P0892,2025-10-11,1,536.83,6.2,0,0,3.1
O02793,C1396,V097,P0526,2025-09-09,1,509.79,6.7,0,0,3.6
O02794,C0775,V047,P0243,2025-06-29,1,279.23,3.6,0,0,4.2
O02795,C2278,V026,P0857,2025-05-28,3,5198.11,5.1,1,0,4.4
O02796,C0944,V013,P0612,2025-03-20,2,1221.63,4.1,0,1,4.7
O02797,C2254,V090,P0844,2025-03-22,1,292.08,3.5,0,0,3.9
O02798,C2457,V009,P0568,2025-09-09,1,708.01,3.7,0,0,4.3
O02799,C0980,V013,P0007,2025-01-11,1,214.81,4.4,0,0,5.0
O02800,C0859,V025,P0563,2025-08-04,3,1612.01,3.2,0,0,4.3
O02801,C0040,V072,P0967,2025-07-11,4,3458.01,3.0,0,0,4.6
O02802,C0128,V038,P0100,2025-03-24,1,372.38,3.0,0,1,3.9
O02803,C1258,V100,P0097,2025-06-21,1,939.78,4.3,0,0,3.6
O02804,C0082,V072,P0005,2025-05-08,1,462.72,5.2,0,1,4.3
O02805,C1939,V086,P0524,2025-11-24,4,2596.23,6.1,0,0,3.2
O02806,C0200,V086,P0752,2025-06-20,2,1109.81,5.8,0,0,3.9
O02807,C1976,V077,P0103,2025-04-09,3,1563.12,5.1,0,0,4.4
O02808,C1442,V030,P0246,2025-06-30,2,1074.1,3.6,0,0,3.9
O02809,C0380,V097,P0526,2025-10-02,1,645.61,5.5,0,0,3.9
O02810,C1309,V062,P0727,2025-08-13,4,2302.93,5.5,0,0,4.4
O02811,C1769,V026,P0448,2025-06-03,2,1908.67,1.1,0,0,4.1
O02812,C0423,V074,P0096,2025-04-27,3,1883.06,4.1,0,0,4.7
O02813,C0883,V075,P0059,2025-08-21,2,1821.81,5.3,0,0,4.0
O02814,C0099,V066,P0931,2025-09-08,3,3272.7,4.0,0,0,4.1
O02815,C1303,V087,P0088,2025-05-05,1,212.84,4.6,0,0,4.0
O02816,C1634,V052,P0667,2025-10-22,1,361.52,3.1,0,0,4.1
O02817,C0292,V034,P0906,2025-09-02,2,1315.42,3.2,0,0,3.4
O02818,C1701,V072,P0479,2025-01-06,3,1128.45,4.8,0,1,4.0
O02819,C0694,V047,P0164,2025-05-23,6,1602.54,3.4,0,0,4.4
O02820,C2335,V012,P0033,2025-04-13,1,983.64,5.2,0,0,4.0
O02821,C0138,V096,P0363,2025-06-15,1,1135.4,3.5,0,0,4.6
O02822,C1710,V091,P0095,2025-06-10,1,284.37,4.7,0,0,3.8
O02823,C1052,V078,P0968,2025-10-18,4,1256.06,4.2,0,0,2.9
O02824,C2448,V048,P0094,2025-07-17,1,1120.49,4.8,0,0,4.4
O02825,C2036,V085,P0915,2025-02-25,1,234.93,3.9,0,0,3.7
O02826,C1746,V039,P0179,2025-07-04,1,745.03,5.4,0,0,4.1
O02827,C2224,V074,P0907,2025-08-17,1,342.71,4.4,0,1,4.4
O02828,C0347,V019,P0187,2025-03-18,3,1535.65,4.1,0,0,4.2
O02829,C0163,V071,P0457,2025-02-05,2,3390.52,5.0,0,0,3.9
O02830,C0774,V065,P0966,2025-02-07,1,1109.26,2.7,1,0,4.5
O02831,C0320,V044,P0514,2025-08-26,1,463.48,2.3,0,0,4.6
O02832,C0930,V023,P0828,2025-10-14,2,764.6,1.1,0,0,4.8
O02833,C0603,V076,P0761,2025-02-17,1,618.4,1.0,0,0,4.5
O02834,C1839,V047,P0063,2025-12-28,1,854.34,4.4,1,0,4.3
O02835,C2113,V021,P0784,2025-06-22,2,1005.8,5.7,0,0,4.3
O02836,C1377,V100,P0820,2025-06-19,2,2501.26,3.4,0,1,5.0
O02837,C1139,V013,P0143,2025-04-26,2,1216.7,1.0,0,0,4.8
O02838,C0656,V048,P0904,2025-08-24,5,4217.79,6.3,0,1,4.3
O02839,C1664,V071,P0015,2025-09-26,2,1146.4,4.2,1,0,3.8
O02840,C0710,V069,P0550,2025-02-02,5,2476.77,3.5,0,1,4.0
O02841,C1325,V087,P0008,2025-01-13,1,552.8,4.6,1,0,3.8
O02842,C0035,V023,P0273,2025-10-09,4,6062.09,4.4,0,0,3.6
O02843,C1512,V083,P0460,2025-04-14,2,2817.64,2.4,0,0,3.6
O02844,C1347,V036,P0540,2025-11-19,3,1775.74,4.9,0,0,4.1
O02845,C1242,V063,P0636,2025-07-23,1,315.12,2.3,0,0,4.5
O02846,C0343,V091,P0642,2025-07-28,2,1529.66,1.8,1,0,3.3
O02847,C2309,V045,P0148,2025-11-23,1,1234.53,4.0,0,0,4.8
O02848,C2397,V042,P0734,2025-08-14,1,461.99,5.0,0,0,3.3
O02849,C0851,V027,P0233,2025-09-09,2,1404.52,4.4,1,0,4.0
O02850,C1583,V045,P0960,2025-11-11,3,2076.56,3.1,0,0,4.9
O02851,C2198,V001,P0965,2025-08-05,4,1658.31,4.8,0,0,5.0
O02852,C0804,V049,P0836,2025-01-12,2,1375.74,3.7,1,0,3.7
O02853,C0373,V020,P0715,2025-01-17,2,1516.92,4.6,0,0,3.9
O02854,C1241,V054,P0708,2025-03-05,1,588.61,4.4,0,0,4.3
O02855,C0661,V100,P0400,2025-03-28,2,1849.41,4.1,0,0,4.1
O02856,C2222,V072,P0994,2025-05-09,1,537.06,2.5,0,0,4.6
O02857,C2275,V076,P0360,2025-08-02,1,218.26,3.2,0,0,5.0
O02858,C1261,V050,P0806,2025-05-08,2,1433.87,3.2,0,0,4.0
O02859,C1078,V089,P0206,2025-03-11,3,2351.51,3.3,0,0,3.5
O02860,C0886,V081,P0227,2025-05-17,1,1019.75,4.3,1,0,4.3
O02861,C1219,V010,P0497,2025-05-13,2,802.84,4.0,0,1,4.7
O02862,C0416,V025,P0712,2025-12-25,1,242.45,1.9,0,1,3.8
O02863,C1439,V041,P0943,2025-01-13,2,1010.62,2.2,1,0,3.9
O02864,C1064,V082,P0265,2025-06-07,1,474.21,4.1,0,0,4.1
O02865,C2094,V095,P0264,2025-08-21,1,989.71,6.5,0,0,4.1
O02866,C1083,V037,P0695,2025-02-22,3,2741.9,4.6,0,0,4.1
O02867,C0609,V003,P0023,2025-05-04,5,6028.45,2.6,0,0,4.7
O02868,C1224,V051,P0496,2025-10-17,5,2791.65,5.8,0,0,4.4
O02869,C1182,V047,P0611,2025-06-24,2,2044.81,3.1,1,0,4.1
O02870,C0946,V062,P0302,2025-07-14,2,567.04,4.1,0,0,4.2
O02871,C1830,V092,P0628,2025-01-04,1,441.48,5.7,0,0,4.0
O02872,C2467,V100,P0939,2025-01-21,1,338.77,5.9,0,0,3.9
O02873,C1399,V078,P0685,2025-10-11,5,1452.61,2.8,0,0,4.4
O02874,C1737,V083,P0528,2025-02-08,1,886.47,2.0,0,0,3.7
O02875,C1789,V094,P0281,2025-08-01,4,4010.06,7.2,0,1,3.9
O02876,C1585,V048,P0558,2025-09-29,1,627.67,4.8,0,0,4.9
O02877,C2448,V068,P0797,2025-09-20,1,697.18,2.6,0,0,4.0
O02878,C0650,V073,P0759,2025-04-01,1,1093.41,5.0,0,1,4.2
O02879,C2498,V034,P0300,2025-04-23,1,492.09,1.8,0,0,3.3
O02880,C0688,V006,P0180,2025-12-27,1,278.32,5.4,0,0,3.9
O02881,C0383,V035,P0805,2025-06-02,1,250.77,3.4,0,0,4.3
O02882,C0283,V027,P0758,2025-12-24,5,8900.66,3.2,0,0,3.6
O02883,C0405,V004,P0944,2025-11-25,1,237.03,2.3,0,0,4.0
O02884,C1682,V006,P0676,2025-05-01,1,533.54,6.1,0,0,2.9
O02885,C1662,V047,P0429,2025-02-26,2,739.49,4.3,0,0,3.9
O02886,C1023,V056,P0646,2025-09-26,1,253.78,4.0,0,0,4.0
O02887,C0904,V062,P0515,2025-07-10,3,1864.85,4.1,0,0,4.2
O02888,C1317,V100,P0609,2025-06-02,4,1712.81,4.7,0,0,4.3
O02889,C1228,V058,P0808,2025-10-23,1,385.69,1.0,0,0,3.8
O02890,C0316,V061,P0484,2025-11-20,1,1041.21,6.5,1,0,4.5
O02891,C1274,V017,P0028,2025-04-19,5,1864.78,2.5,0,0,4.7
O02892,C0119,V043,P0910,2025-01-14,1,471.64,6.0,0,0,4.1
O02893,C1869,V058,P0247,2025-04-16,2,858.13,4.1,0,1,4.5
O02894,C1571,V004,P0186,2025-08-14,3,2868.88,1.6,0,0,3.8
O02895,C1699,V089,P0500,2025-12-12,1,454.18,4.0,0,0,4.3
O02896,C0155,V082,P0254,2025-05-14,4,3971.37,4.7,0,0,4.3
O02897,C0152,V017,P0054,2025-12-10,2,1211.98,3.5,0,0,4.3
O02898,C2498,V060,P0995,2025-05-18,5,1735.81,3.6,0,0,4.4
O02899,C0648,V022,P0692,2025-10-30,3,2059.63,4.7,0,0,4.1
O02900,C1279,V082,P0242,2025-02-10,1,526.52,4.9,0,0,4.5
O02901,C1108,V051,P0687,2025-01-06,4,1695.72,6.4,0,0,4.0
O02902,C0770,V031,P0742,2025-09-02,4,2088.21,3.3,0,0,5.0
O02903,C0251,V070,P0941,2025-10-23,1,431.59,6.3,0,0,4.1
O02904,C2437,V047,P0245,2025-02-26,1,463.26,4.5,0,0,3.6
O02905,C2328,V021,P0431,2025-08-04,1,249.37,5.9,0,0,4.2
O02906,C1293,V083,P0460,2025-06-29,4,5811.43,5.1,0,0,3.5
O02907,C0749,V036,P0608,2025-07-10,3,1978.12,3.3,0,0,4.4
O02908,C1576,V085,P0166,2025-05-01,4,4252.19,5.5,0,0,3.9
O02909,C2021,V055,P0029,2025-12-13,4,2932.03,2.2,0,0,4.6
O02910,C2445,V029,P0291,2025-06-19,2,1789.58,3.5,0,0,3.9
O02911,C1873,V037,P0681,2025-03-06,3,1406.04,1.5,0,0,4.2
O02912,C1075,V023,P0217,2025-05-09,5,3690.06,5.4,0,0,4.2
O02913,C1359,V087,P0395,2025-10-21,2,578.32,5.4,0,0,4.6
O02914,C0166,V073,P0284,2025-02-19,1,511.58,4.7,0,0,4.8
O02915,C1979,V084,P0220,2025-08-05,3,2294.14,6.5,0,0,3.5
O02916,C1491,V086,P0450,2025-01-26,2,1005.39,2.3,1,0,4.3
O02917,C1733,V065,P0252,2025-05-11,1,742.47,3.5,0,0,3.7
O02918,C0388,V052,P0626,2025-02-12,2,1565.62,4.9,0,0,4.4
O02919,C2408,V076,P0761,2025-04-22,2,1293.61,5.1,0,0,4.6
O02920,C0906,V012,P0593,2025-11-19,1,622.99,3.9,0,0,3.9
O02921,C0252,V089,P0512,2025-11-03,3,1620.35,2.5,1,0,4.0
O02922,C2488,V041,P0386,2025-08-19,5,2515.27,2.3,0,0,3.8
O02923,C2253,V050,P0703,2025-02-17,1,808.01,5.8,0,0,4.7
O02924,C1749,V040,P0041,2025-09-12,4,2593.95,4.5,0,0,4.4
O02925,C2101,V024,P0859,2025-05-07,1,328.6,5.9,1,0,5.0
O02926,C1462,V055,P0555,2025-08-09,4,2161.47,2.9,0,0,4.2
O02927,C2298,V058,P0328,2025-08-12,2,1135.17,1.7,0,0,4.6
O02928,C2305,V006,P0056,2025-05-27,3,707.86,5.8,0,0,3.8
O02929,C0573,V088,P0036,2025-06-04,1,1274.57,4.7,0,0,4.5
O02930,C0309,V018,P0760,2025-12-15,3,2089.94,4.6,0,0,3.3
O02931,C1547,V002,P0237,2025-01-11,1,452.7,5.4,0,0,3.3
O02932,C1224,V069,P0990,2025-06-27,3,2266.43,1.8,0,0,3.9
O02933,C2443,V045,P0745,2025-09-07,2,689.79,5.3,0,0,4.4
O02934,C1652,V033,P0554,2025-04-20,1,421.87,5.9,0,0,4.1
O02935,C0023,V029,P0022,2025-01-20,1,404.99,4.7,0,0,3.9
O02936,C1825,V048,P0558,2025-02-11,1,723.21,6.1,0,0,4.2
O02937,C2260,V077,P0103,2025-11-02,2,885.59,5.8,0,0,4.6
O02938,C0594,V044,P0903,2025-08-17,3,2720.75,4.1,0,0,3.5
O02939,C0079,V048,P0038,2025-03-11,3,1727.2,5.2,0,0,4.2
O02940,C2464,V065,P0637,2025-11-14,2,928.6,4.6,0,0,4.1
O02941,C0569,V021,P0909,2025-04-21,2,1519.56,2.7,1,0,4.6
O02942,C1523,V075,P0362,2025-11-03,2,1678.16,1.3,0,0,4.5
O02943,C2144,V081,P0618,2025-08-27,2,1350.3,6.5,0,0,4.4
O02944,C1078,V037,P0785,2025-07-10,3,1275.68,3.1,0,0,4.2
O02945,C0100,V080,P0298,2025-09-09,2,2688.36,4.3,1,0,4.3
O02946,C0261,V025,P0712,2025-02-18,1,219.02,3.1,0,0,3.9
O02947,C0310,V046,P0443,2025-12-30,2,871.89,4.9,0,0,4.0
O02948,C2010,V022,P0908,2025-05-14,2,2466.98,5.4,0,0,4.3
O02949,C0008,V011,P0525,2025-10-29,1,857.27,4.3,0,0,3.9
O02950,C0265,V020,P0154,2025-08-10,1,714.23,3.2,0,0,4.2
O02951,C0838,V014,P0263,2025-03-25,1,334.73,1.0,0,0,3.9
O02952,C1840,V012,P0194,2025-02-14,1,500.87,1.2,0,0,3.4
O02953,C2183,V057,P0351,2025-10-21,2,1389.4,3.0,0,0,4.4
O02954,C1796,V055,P0677,2025-02-20,5,3022.53,3.1,0,0,4.4
O02955,C1198,V041,P0747,2025-03-28,4,1085.14,3.4,0,0,3.5
O02956,C1266,V030,P0523,2025-05-14,4,1832.98,3.9,0,0,4.1
O02957,C1381,V073,P0341,2025-10-07,1,543.62,5.0,0,0,4.5
O02958,C1613,V023,P0902,2025-02-12,2,1950.65,3.7,0,0,4.6
O02959,C1044,V048,P0255,2025-05-08,2,2052.1,5.2,0,0,4.1
O02960,C0073,V065,P0586,2025-03-18,2,875.96,2.2,1,0,4.5
O02961,C1590,V001,P0829,2025-09-29,1,364.45,3.3,0,0,4.5
O02962,C0740,V070,P0871,2025-10-30,2,906.57,4.1,0,0,3.6
O02963,C2236,V038,P0478,2025-05-08,1,385.76,4.9,0,1,4.9
O02964,C0456,V083,P0873,2025-11-22,1,290.87,2.0,1,0,3.5
O02965,C0707,V012,P0194,2025-01-23,1,529.25,3.9,0,0,4.4
O02966,C0514,V004,P0297,2025-10-23,2,737.75,2.8,0,0,4.2
O02967,C1812,V086,P0535,2025-04-12,5,3895.2,4.6,0,0,3.8
O02968,C1211,V058,P0267,2025-02-06,3,1199.28,3.7,0,0,4.3
O02969,C0194,V043,P0402,2025-01-24,1,485.78,4.8,0,0,3.9
O02970,C2028,V019,P0461,2025-09-27,5,1826.7,3.1,0,0,4.4
O02971,C0162,V047,P0333,2025-04-12,4,2330.67,2.5,1,0,3.8
O02972,C1294,V001,P0356,2025-08-16,3,637.01,6.9,0,0,4.6
O02973,C0441,V029,P0704,2025-11-13,1,817.74,2.7,0,0,4.0
O02974,C1693,V059,P0569,2025-03-26,2,1039.37,3.2,0,0,4.0
O02975,C0548,V032,P0354,2025-03-29,3,1292.99,1.4,0,0,4.7
O02976,C2087,V023,P0757,2025-02-09,1,393.65,3.2,0,0,4.0
O02977,C1185,V050,P0703,2025-03-15,2,1965.13,4.8,0,0,4.8
O02978,C1175,V039,P0462,2025-10-28,3,1663.12,7.9,0,0,4.4
O02979,C1176,V099,P0575,2025-05-12,2,1888.04,2.4,0,0,4.1
O02980,C1577,V029,P0541,2025-02-02,4,5342.9,4.2,0,0,3.9
O02981,C2218,V100,P0949,2025-03-08,1,170.57,5.2,0,0,4.2
O02982,C2194,V014,P0694,2025-11-21,3,1599.86,2.2,0,0,3.5
O02983,C0642,V022,P0908,2025-08-17,4,4938.59,4.2,1,0,5.0
O02984,C0283,V086,P0011,2025-12-14,3,1388.44,5.4,0,0,4.0
O02985,C1812,V050,P0703,2025-12-13,1,839.66,4.0,0,0,5.0
O02986,C1462,V024,P0853,2025-01-20,5,1527.5,4.0,0,0,4.7
O02987,C1171,V084,P0220,2025-12-17,4,4311.09,2.8,0,0,3.4
O02988,C1195,V071,P0592,2025-03-14,3,2010.42,5.3,0,0,4.5
O02989,C0508,V091,P0799,2025-01-08,2,825.0,4.7,0,0,2.9
O02990,C2406,V077,P0579,2025-02-21,1,451.84,6.0,0,0,4.3
O02991,C1032,V092,P0980,2025-07-22,2,1109.61,5.9,0,0,4.4
O02992,C1616,V068,P0039,2025-07-18,1,433.31,3.8,0,0,4.3
O02993,C1359,V016,P0501,2025-06-01,2,693.72,4.7,1,0,4.0
O02994,C1845,V100,P0400,2025-05-09,1,1051.72,2.6,0,0,4.1
O02995,C1329,V061,P0078,2025-03-15,1,266.13,3.0,0,1,4.0
O02996,C1216,V067,P0162,2025-04-09,3,867.7,2.1,0,0,3.9
O02997,C1956,V061,P0728,2025-08-14,1,525.44,4.4,0,0,3.8
O02998,C2411,V030,P0246,2025-02-19,1,517.86,2.2,0,0,4.2
O02999,C1183,V024,P0817,2025-08-24,2,579.45,4.5,0,0,3.9
O03000,C1166,V013,P0559,2025-04-14,1,886.06,3.4,0,0,5.0
O03001,C0043,V009,P0075,2025-04-27,2,1015.46,3.2,1,0,4.0
O03002,C0861,V023,P0623,2025-08-14,2,705.2,1.0,1,0,4.1
O03003,C2341,V039,P0229,2025-05-26,2,609.11,4.5,0,0,4.2
O03004,C0562,V028,P0489,2025-10-30,1,805.6,5.2,1,0,3.1
O03005,C1507,V033,P0629,2025-11-27,1,738.88,4.3,0,0,3.4
O03006,C0592,V065,P0509,2025-10-10,2,758.23,3.6,0,0,4.1
O03007,C1050,V087,P0335,2025-02-06,2,1156.78,4.9,0,0,3.4
O03008,C0398,V063,P0930,2025-03-06,3,4090.05,3.0,0,0,4.4
O03009,C1356,V018,P0130,2025-06-09,2,1122.25,4.9,0,0,3.9
O03010,C0420,V040,P0510,2025-12-26,3,1327.35,4.6,0,0,4.6
O03011,C2237,V050,P0882,2025-04-13,2,1718.22,5.2,0,1,4.9
O03012,C1766,V003,P0587,2025-02-19,4,2663.82,3.7,0,0,3.8
O03013,C0526,V001,P0852,2025-07-25,1,346.55,5.2,0,0,4.6
O03014,C2138,V073,P0341,2025-01-29,2,1066.15,5.4,1,0,4.4
O03015,C1046,V013,P0900,2025-12-05,1,549.04,1.5,0,0,4.9
O03016,C1662,V094,P0137,2025-02-19,3,984.64,5.2,0,0,4.6
O03017,C1328,V093,P0698,2025-04-15,6,3306.58,5.8,0,1,4.2
O03018,C2387,V068,P0155,2025-07-08,1,769.42,3.9,0,0,4.2
O03019,C0017,V012,P0194,2025-11-15,3,1464.24,4.5,0,0,4.1
O03020,C0762,V004,P0297,2025-08-14,1,325.98,3.9,1,0,3.9
O03021,C0499,V081,P0719,2025-08-11,2,1170.1,4.5,0,0,4.2
O03022,C2297,V097,P0276,2025-01-24,1,634.34,6.1,0,0,4.8
O03023,C1944,V051,P0122,2025-08-29,2,1889.61,5.2,0,0,3.4
O03024,C0568,V038,P0317,2025-01-04,3,2089.82,4.5,0,1,3.5
O03025,C0536,V033,P0006,2025-08-09,1,772.73,4.7,0,0,4.1
O03026,C0519,V015,P0970,2025-05-15,2,354.73,4.3,0,0,4.3
O03027,C1516,V020,P0827,2025-09-17,2,829.92,4.7,0,0,3.0
O03028,C2222,V051,P0016,2025-02-15,4,2316.07,4.5,0,0,4.2
O03029,C2410,V045,P0960,2025-12-09,2,1283.1,3.7,0,0,4.8
O03030,C0454,V073,P0959,2025-07-21,4,1733.63,3.7,0,0,3.6
O03031,C1184,V057,P0706,2025-03-12,1,807.37,1.9,0,1,4.2
O03032,C2453,V025,P0957,2025-05-23,1,630.04,1.8,0,0,4.6
O03033,C0017,V084,P0332,2025-03-16,1,321.49,4.5,0,0,3.9
O03034,C0442,V039,P0953,2025-04-04,2,545.75,5.9,0,0,4.8
O03035,C2058,V057,P0582,2025-12-08,1,432.89,5.6,0,0,3.8
O03036,C1020,V083,P0640,2025-12-05,1,640.81,2.6,0,0,4.2
O03037,C2183,V076,P0776,2025-10-09,5,3819.54,4.0,0,0,4.5
O03038,C2119,V074,P0890,2025-01-07,2,493.72,3.9,0,0,4.9
O03039,C1322,V096,P0539,2025-05-21,2,2244.4,6.9,0,0,3.9
O03040,C0092,V002,P0716,2025-08-29,2,972.21,3.7,0,0,4.2
O03041,C1356,V100,P0097,2025-12-13,1,859.54,5.2,1,0,4.0
O03042,C0320,V012,P0238,2025-01-31,4,2416.48,1.7,1,0,3.9
O03043,C2212,V014,P0725,2025-05-13,2,828.5,3.8,0,0,3.9
O03044,C0993,V010,P0658,2025-04-18,1,500.23,6.5,0,0,4.4
O03045,C2213,V083,P0221,2025-12-06,1,444.28,4.6,0,0,4.1
O03046,C0359,V048,P0255,2025-09-10,4,3772.91,4.3,0,0,4.4
O03047,C0620,V084,P0573,2025-10-01,5,2214.06,4.6,0,0,4.1
O03048,C1241,V023,P0902,2025-07-31,1,741.99,4.2,0,0,4.3
O03049,C0026,V062,P0302,2025-03-01,2,721.58,4.0,0,1,4.4
O03050,C0154,V048,P0521,2025-02-26,1,291.86,5.9,0,1,4.4
O03051,C0308,V012,P0891,2025-01-19,4,2168.98,3.4,0,0,3.8
O03052,C1105,V093,P0572,2025-12-17,1,1028.81,4.6,0,0,3.9
O03053,C0674,V087,P0320,2025-09-14,1,695.43,4.7,0,0,4.5
O03054,C0641,V050,P0989,2025-01-03,3,1548.38,3.4,0,0,5.0
O03055,C1922,V086,P0752,2025-11-23,1,600.69,4.8,0,0,3.9
O03056,C1438,V085,P0098,2025-02-03,2,826.84,3.3,0,0,4.9
O03057,C1371,V096,P0842,2025-11-29,3,1844.78,3.3,0,0,3.7
O03058,C1628,V015,P0184,2025-05-13,3,2920.7,4.4,0,0,3.4
O03059,C0234,V016,P0193,2025-05-23,5,4570.38,5.3,0,0,3.7
O03060,C2040,V065,P0507,2025-12-25,2,965.07,4.4,1,0,4.9
O03061,C0017,V051,P0687,2025-05-03,1,425.19,4.1,0,0,4.5
O03062,C0591,V063,P0072,2025-03-31,1,780.81,1.0,0,0,5.0
O03063,C1597,V034,P0641,2025-06-27,1,586.93,4.2,0,0,4.0
O03064,C1646,V020,P0470,2025-04-28,2,1435.8,5.6,0,0,3.3
O03065,C0403,V026,P0486,2025-05-03,2,1349.44,4.8,0,0,5.0
O03066,C1693,V032,P0933,2025-03-23,2,324.3,6.0,0,0,3.9
O03067,C2161,V012,P0516,2025-05-15,4,3130.26,3.4,0,0,3.6
O03068,C0685,V074,P0134,2025-02-07,2,1622.81,1.8,0,0,4.5
O03069,C0379,V051,P0122,2025-12-26,1,901.34,5.8,0,0,4.7
O03070,C1607,V070,P0465,2025-12-25,1,243.0,4.6,0,0,3.6
O03071,C0981,V065,P0586,2025-03-04,2,905.41,3.6,0,0,4.2
O03072,C0987,V083,P0893,2025-05-12,6,2478.63,3.8,0,0,3.8
O03073,C0266,V020,P0827,2025-08-25,8,3704.14,5.1,0,0,3.6
O03074,C1980,V001,P0441,2025-12-16,2,698.38,5.4,0,1,4.2
O03075,C0242,V100,P0619,2025-02-27,5,3728.67,6.6,0,0,3.8
O03076,C2019,V095,P0215,2025-10-06,4,2989.17,5.4,0,1,5.0
O03077,C0450,V053,P0753,2025-09-22,2,1082.52,5.0,0,0,4.7
O03078,C1673,V092,P0126,2025-10-11,2,709.8,3.6,0,0,4.6
O03079,C0878,V028,P0489,2025-03-24,1,816.15,4.9,0,0,3.8
O03080,C1754,V078,P0685,2025-12-29,4,1060.0,4.2,0,0,3.6
O03081,C1808,V056,P0504,2025-12-18,4,853.77,1.9,0,0,5.0
O03082,C2127,V073,P0759,2025-10-31,6,6333.7,4.0,1,0,4.3
O03083,C2472,V023,P0757,2025-01-08,2,741.92,3.9,0,0,5.0
O03084,C1147,V100,P0869,2025-08-24,3,739.74,4.0,0,0,3.6
O03085,C1130,V059,P0775,2025-11-18,2,779.45,1.1,0,0,4.1
O03086,C1061,V023,P0701,2025-05-04,2,1180.09,1.9,0,0,4.4
O03087,C0637,V071,P0121,2025-10-03,2,749.72,2.5,0,0,4.1
O03088,C1685,V100,P0549,2025-09-24,6,3595.37,6.5,0,0,4.7
O03089,C1621,V069,P0750,2025-05-13,2,1782.04,5.6,0,0,3.9
O03090,C0940,V076,P0761,2025-03-08,2,1280.84,1.5,0,0,4.3
O03091,C1040,V006,P0676,2025-09-12,3,1307.32,6.0,0,0,3.3
O03092,C0934,V035,P0211,2025-03-03,1,725.05,4.3,0,0,4.6
O03093,C0938,V023,P0433,2025-07-14,2,684.27,4.4,0,0,4.2
O03094,C0235,V090,P0689,2025-03-01,3,1852.85,4.3,0,0,3.2
O03095,C2123,V025,P0077,2025-02-02,2,959.66,2.3,0,0,3.9
O03096,C1342,V060,P0659,2025-05-08,1,600.63,3.7,0,0,3.6
O03097,C0641,V057,P0706,2025-01-29,1,810.81,3.1,0,0,4.1
O03098,C0112,V100,P0449,2025-02-04,1,311.27,5.1,0,1,3.9
O03099,C1041,V096,P0539,2025-11-18,1,1127.21,6.2,0,0,3.9
O03100,C2012,V089,P0779,2025-03-31,4,2545.17,3.7,1,0,4.1
O03101,C1541,V080,P0686,2025-12-29,1,447.67,5.1,0,0,3.8
O03102,C0502,V031,P0899,2025-12-02,3,1059.24,2.7,0,0,4.2
O03103,C0655,V057,P0645,2025-06-01,2,712.14,3.8,0,0,3.9
O03104,C0699,V085,P0092,2025-10-07,1,312.87,6.8,0,0,4.0
O03105,C2090,V048,P0038,2025-09-13,3,1693.73,4.7,1,0,3.6
O03106,C0604,V013,P0412,2025-10-21,1,501.77,3.3,0,0,4.9
O03107,C0890,V077,P0881,2025-01-20,1,333.65,5.9,1,0,4.2
O03108,C0725,V066,P0286,2025-11-21,1,822.05,5.3,0,0,3.7
O03109,C0229,V051,P0687,2025-03-26,1,384.82,3.0,0,0,4.2
O03110,C2341,V029,P0541,2025-07-10,3,3427.37,4.1,1,0,4.2
O03111,C1058,V021,P0610,2025-03-30,1,544.29,6.2,0,0,4.0
O03112,C1529,V069,P0711,2025-08-03,1,253.35,4.2,0,0,3.8
O03113,C2333,V077,P0566,2025-11-16,3,1350.25,4.7,0,0,3.8
O03114,C1011,V094,P0744,2025-09-20,1,667.97,3.6,0,0,4.6
O03115,C1798,V077,P0153,2025-12-04,5,2634.78,5.4,1,0,4.0
O03116,C1674,V041,P0585,2025-07-10,1,895.73,2.9,0,0,3.6
O03117,C0200,V025,P0800,2025-07-30,2,2159.06,3.0,0,0,5.0
O03118,C0763,V052,P0369,2025-01-26,3,2261.2,3.7,0,0,4.3
O03119,C1594,V050,P0099,2025-10-31,3,579.43,3.6,0,0,4.6
O03120,C1293,V089,P0589,2025-12-11,3,1968.05,4.2,0,0,4.5
O03121,C0612,V057,P0847,2025-04-11,2,1550.54,3.3,0,0,3.7
O03122,C1648,V082,P0254,2025-01-29,2,2121.43,5.0,0,0,4.5
O03123,C1148,V042,P0268,2025-11-05,4,2870.6,6.8,0,0,4.3
O03124,C0789,V032,P0144,2025-12-17,4,1934.74,5.3,0,0,4.4
O03125,C0073,V047,P0333,2025-11-23,1,589.34,3.3,0,0,3.0
O03126,C0363,V006,P0044,2025-07-12,2,545.82,5.4,0,0,3.6
O03127,C1040,V037,P0674,2025-08-01,2,3250.58,5.2,0,0,4.8
O03128,C1861,V017,P0018,2025-10-21,1,597.28,4.9,0,0,5.0
O03129,C2248,V090,P0053,2025-07-30,1,320.3,7.3,0,0,4.3
O03130,C0011,V072,P0967,2025-06-20,5,4426.7,5.0,0,0,4.5
O03131,C0296,V011,P0896,2025-12-20,1,378.99,4.3,0,0,3.4
O03132,C2288,V047,P0164,2025-08-01,2,640.01,5.5,0,0,3.7
O03133,C2336,V097,P0705,2025-01-12,1,558.38,5.4,0,0,4.8
O03134,C2158,V093,P0977,2025-08-12,2,1820.38,4.2,0,1,4.4
O03135,C0807,V027,P0870,2025-07-13,3,1305.21,5.0,0,0,3.2
O03136,C1636,V062,P0064,2025-11-26,6,2872.98,4.0,0,0,4.8
O03137,C0259,V051,P0117,2025-10-12,1,380.88,5.6,0,0,4.0
O03138,C0952,V076,P0602,2025-12-01,3,3909.14,1.5,1,0,4.8
O03139,C2215,V096,P0266,2025-10-18,1,648.95,3.0,0,0,4.3
O03140,C2424,V017,P0310,2025-03-25,1,451.18,4.6,0,0,4.1
O03141,C2059,V093,P0599,2025-06-05,2,1875.5,5.4,0,0,3.4
O03142,C0111,V048,P0430,2025-01-23,4,1998.34,6.7,0,0,4.3
O03143,C1447,V070,P0084,2025-03-28,1,619.53,4.9,0,0,4.4
O03144,C1698,V083,P0221,2025-10-06,3,1472.06,3.3,0,0,3.9
O03145,C0879,V099,P0787,2025-11-04,2,2006.97,4.3,0,0,4.7
O03146,C1964,V074,P0134,2025-08-06,4,3411.47,6.2,0,0,4.3
O03147,C2198,V044,P0427,2025-05-03,1,789.05,4.7,0,0,4.2
O03148,C0794,V023,P0764,2025-04-01,2,1092.22,3.3,0,0,4.1
O03149,C2189,V060,P0043,2025-09-20,2,744.34,4.0,0,0,4.2
O03150,C1706,V041,P0091,2025-02-10,4,1581.07,4.8,0,0,3.9
O03151,C0165,V014,P0850,2025-10-31,3,1832.29,3.3,0,0,4.3
O03152,C2075,V082,P0691,2025-04-24,1,985.31,6.4,0,0,4.4
O03153,C1445,V020,P0071,2025-05-10,2,688.96,4.4,0,0,3.8
O03154,C2158,V001,P0702,2025-03-02,3,2004.57,4.9,0,0,4.8
O03155,C1638,V017,P0769,2025-09-14,2,1077.52,4.3,0,0,4.1
O03156,C1427,V069,P0316,2025-09-20,2,2084.93,3.7,0,0,4.2
O03157,C1354,V074,P0222,2025-07-10,3,2142.61,4.0,1,0,3.8
O03158,C0548,V054,P0405,2025-12-17,2,688.54,3.2,0,0,3.9
O03159,C2283,V089,P0206,2025-08-04,1,999.57,3.9,0,0,4.4
O03160,C1140,V016,P0872,2025-04-07,3,2740.06,3.6,0,0,4.1
O03161,C0097,V070,P0871,2025-01-24,5,2145.94,6.3,0,1,3.8
O03162,C0463,V023,P0273,2025-06-01,1,1389.67,4.4,0,0,4.2
O03163,C1999,V026,P0253,2025-04-26,2,4573.39,4.3,0,1,4.0
O03164,C2289,V060,P0124,2025-07-13,2,1419.83,3.9,0,0,4.3
O03165,C0603,V071,P0129,2025-12-12,3,2455.98,3.1,0,0,4.1
O03166,C1858,V031,P0387,2025-08-16,3,1531.7,2.2,0,0,4.1
O03167,C1802,V019,P0187,2025-06-16,2,893.19,4.0,1,0,4.3
O03168,C2043,V095,P0120,2025-01-07,2,978.76,6.4,1,0,4.3
O03169,C2034,V083,P0640,2025-10-04,2,1325.62,5.0,0,0,4.1
O03170,C0918,V074,P0139,2025-01-15,4,2253.59,4.5,0,0,4.9
O03171,C1674,V045,P0529,2025-07-23,2,474.84,5.0,0,0,4.7
O03172,C0843,V083,P0640,2025-04-12,3,2084.6,4.2,0,0,4.5
O03173,C1899,V088,P0793,2025-02-23,2,727.78,5.9,0,0,4.2
O03174,C1116,V076,P0761,2025-09-21,3,1907.3,3.5,0,0,4.1
O03175,C0463,V081,P0861,2025-04-29,1,412.62,3.6,0,0,4.6
O03176,C2247,V015,P0150,2025-08-24,3,1105.19,2.8,0,0,4.5
O03177,C0073,V069,P0258,2025-04-17,1,207.18,4.5,0,0,4.7
O03178,C1818,V095,P0118,2025-08-22,3,2764.32,3.7,0,0,4.3
O03179,C2078,V093,P0599,2025-04-03,5,4527.9,3.4,0,0,4.4
O03180,C0685,V071,P0280,2025-12-21,1,900.58,3.2,0,0,4.2
O03181,C0867,V013,P0559,2025-07-26,2,1807.35,3.9,1,0,4.5
O03182,C0082,V039,P0848,2025-03-14,1,376.67,5.7,0,0,4.5
O03183,C2426,V032,P0144,2025-01-13,2,1018.67,6.3,0,0,4.4
O03184,C0387,V037,P0803,2025-03-18,2,1689.07,1.0,0,0,4.2
O03185,C0558,V034,P0079,2025-03-24,3,1516.16,4.3,0,0,3.6
O03186,C0482,V029,P0022,2025-06-26,1,385.99,3.7,0,0,3.4
O03187,C2474,V070,P0260,2025-10-14,3,1430.97,6.2,0,1,3.8
O03188,C0723,V008,P0464,2025-11-13,3,1536.25,4.2,0,0,3.8
O03189,C0462,V051,P0122,2025-09-16,1,1051.11,5.2,0,0,3.9
O03190,C1760,V100,P0820,2025-09-27,1,1505.62,6.7,0,0,4.1
O03191,C0713,V074,P0907,2025-08-13,3,876.31,3.3,0,0,3.6
O03192,C0247,V013,P0537,2025-03-22,2,833.24,3.2,0,0,4.4
O03193,C1762,V009,P0816,2025-08-04,1,439.56,3.6,0,0,4.0
O03194,C2344,V002,P0237,2025-05-03,5,2327.37,1.3,0,1,4.0
O03195,C0233,V047,P0548,2025-03-15,4,4410.42,4.5,1,0,3.6
O03196,C1374,V084,P0220,2025-04-25,4,4145.17,5.6,0,0,4.0
O03197,C0373,V065,P0416,2025-08-01,2,2212.74,4.4,0,1,4.1
O03198,C1012,V020,P0385,2025-11-05,1,716.08,4.8,0,0,4.2
O03199,C2026,V035,P0211,2025-09-03,1,631.03,5.3,0,0,3.7
O03200,C0828,V069,P0381,2025-11-24,1,265.57,2.9,0,0,4.4
O03201,C1422,V092,P0436,2025-05-07,1,901.52,6.7,0,0,4.2
O03202,C0189,V041,P0014,2025-10-16,2,850.81,2.0,0,0,3.5
O03203,C1998,V092,P0436,2025-09-14,2,1945.75,5.7,0,1,3.8
O03204,C0338,V096,P0388,2025-09-23,3,2370.96,3.1,0,0,4.2
O03205,C1446,V081,P0346,2025-10-16,2,999.21,5.5,1,0,4.2
O03206,C0306,V029,P0291,2025-07-01,1,954.1,3.3,0,0,4.0
O03207,C0738,V041,P0463,2025-11-08,2,1037.79,2.9,0,0,3.2
O03208,C0416,V005,P0350,2025-01-02,2,2092.51,4.3,0,0,3.8
O03209,C1194,V024,P0472,2025-03-22,3,1640.42,3.7,0,0,3.3
O03210,C1472,V039,P0226,2025-09-18,1,415.02,5.5,0,0,5.0
O03211,C2091,V060,P0043,2025-12-14,2,800.52,4.5,0,0,4.8
O03212,C0246,V084,P0570,2025-08-05,3,1762.15,3.6,0,0,3.7
O03213,C1806,V023,P0273,2025-01-28,2,2588.68,4.8,0,0,4.6
O03214,C1887,V013,P0559,2025-04-30,1,945.26,3.4,0,0,4.3
O03215,C2169,V013,P0900,2025-12-03,2,1074.13,2.9,0,0,4.2
O03216,C0319,V070,P0084,2025-07-29,2,1158.56,4.6,0,1,4.1
O03217,C0866,V036,P0372,2025-11-17,1,894.12,4.7,1,0,4.1
O03218,C1174,V031,P0424,2025-12-12,1,637.08,1.2,0,0,3.7
O03219,C0135,V001,P0702,2025-09-11,2,1332.24,6.5,0,0,4.9
O03220,C2206,V010,P0777,2025-12-14,1,1804.4,4.4,0,0,4.5
O03221,C0071,V024,P0723,2025-02-20,1,238.16,3.1,1,0,4.9
O03222,C0114,V024,P0952,2025-02-10,2,1206.66,6.2,0,0,3.5
O03223,C1352,V039,P0455,2025-04-21,1,859.48,7.5,1,0,3.6
O03224,C1768,V042,P0374,2025-02-24,2,788.04,5.0,0,0,3.7
O03225,C1339,V016,P0872,2025-11-17,1,1021.32,5.8,0,0,3.9
O03226,C0508,V066,P0172,2025-11-03,5,4247.6,5.0,0,0,4.7
O03227,C1388,V093,P0955,2025-03-20,1,946.78,3.9,0,0,4.1
O03228,C0751,V034,P0214,2025-03-26,2,2207.34,2.9,0,0,4.5
O03229,C1797,V039,P0175,2025-01-29,4,2765.72,6.4,0,0,4.7
O03230,C0962,V048,P0904,2025-10-24,2,1496.23,3.4,0,1,4.3
O03231,C2127,V038,P0317,2025-08-12,2,1765.71,4.6,0,0,4.2
O03232,C0857,V035,P0110,2025-05-16,2,2760.61,2.8,0,0,4.2
O03233,C0265,V071,P0129,2025-03-07,1,775.75,3.8,0,0,3.7
O03234,C0716,V026,P0795,2025-07-04,1,382.96,6.0,0,0,4.6
O03235,C2037,V081,P0804,2025-12-02,1,438.55,4.2,0,0,4.1
O03236,C2459,V077,P0942,2025-06-19,3,1399.64,4.3,0,0,4.4
O03237,C1126,V089,P0512,2025-06-06,2,956.84,1.6,0,0,4.0
O03238,C0191,V029,P0058,2025-06-24,4,1211.78,5.0,1,0,3.9
O03239,C1422,V081,P0804,2025-12-03,2,861.88,1.8,0,0,4.7
O03240,C0456,V061,P0652,2025-11-24,6,4821.78,5.7,0,0,4.3
O03241,C0271,V046,P0359,2025-11-26,2,965.0,3.6,0,0,3.5
O03242,C0297,V100,P0619,2025-04-12,3,1879.48,5.5,0,0,4.0
O03243,C1368,V085,P0052,2025-10-20,1,555.23,6.0,0,0,3.0
O03244,C0310,V043,P0991,2025-12-02,3,2085.33,8.2,0,0,5.0
O03245,C1632,V003,P0587,2025-12-05,1,618.91,4.2,0,0,4.0
O03246,C2015,V002,P0781,2025-01-26,3,2876.73,4.4,0,0,3.4
O03247,C1127,V054,P0661,2025-06-30,4,779.99,4.3,0,0,3.7
O03248,C1051,V073,P0284,2025-11-11,2,1032.69,3.9,0,0,5.0
O03249,C1619,V026,P0448,2025-10-03,3,3025.01,5.1,0,0,4.2
O03250,C0168,V068,P0860,2025-10-24,1,534.25,5.9,0,0,3.5
O03251,C1533,V040,P0675,2025-08-29,2,2985.9,3.9,0,0,4.5
O03252,C0106,V100,P0619,2025-10-06,1,556.18,2.8,0,0,4.7
O03253,C2275,V079,P0647,2025-04-12,2,1119.92,1.6,0,0,4.3
O03254,C0690,V026,P0408,2025-11-25,3,1269.82,4.8,1,0,4.1
O03255,C1318,V096,P0304,2025-03-22,3,1402.44,6.1,0,0,4.0
O03256,C0873,V060,P0730,2025-06-06,1,581.78,3.2,0,0,3.7
O03257,C0695,V036,P0598,2025-09-03,3,1112.99,2.6,0,0,3.3
O03258,C0082,V056,P0504,2025-04-17,3,649.68,4.5,0,0,4.1
O03259,C1307,V027,P0758,2025-01-23,5,9121.07,2.9,0,0,3.6
O03260,C1481,V081,P0854,2025-11-17,4,1751.31,1.6,0,0,4.7
O03261,C0630,V042,P0268,2025-08-06,4,2786.97,6.6,0,0,4.2
O03262,C1654,V032,P0927,2025-09-28,1,675.64,6.7,0,0,4.2
O03263,C0384,V025,P0957,2025-05-16,2,1203.66,4.3,0,0,4.4
O03264,C0640,V090,P0219,2025-10-05,1,455.78,3.8,1,0,3.9
O03265,C1266,V060,P0730,2025-03-06,1,528.98,3.9,0,0,3.8
O03266,C2053,V040,P0210,2025-07-23,2,1532.47,2.3,0,0,4.1
O03267,C0791,V069,P0720,2025-02-07,1,284.53,2.1,0,0,4.0
O03268,C2203,V091,P0323,2025-12-14,3,1256.03,2.2,0,0,3.4
O03269,C1039,V052,P0399,2025-04-20,2,1129.93,5.3,0,0,5.0
O03270,C0097,V014,P0694,2025-04-25,3,1639.33,2.2,0,0,5.0
O03271,C2087,V017,P0054,2025-06-22,4,2887.53,3.2,0,0,5.0
O03272,C1664,V025,P0196,2025-12-18,2,823.21,2.7,0,0,4.5
O03273,C0144,V038,P0738,2025-06-21,3,695.59,5.2,0,0,4.2
O03274,C2338,V046,P0438,2025-07-21,1,888.77,3.6,1,0,2.6
O03275,C0493,V006,P0056,2025-04-03,1,275.5,6.4,0,0,3.8
O03276,C2313,V066,P0035,2025-01-10,1,750.14,3.8,0,1,4.8
O03277,C1734,V058,P0741,2025-04-09,1,511.34,3.4,0,0,4.4
O03278,C1336,V064,P0812,2025-11-06,4,3148.98,4.5,1,0,3.4
O03279,C0162,V005,P0270,2025-02-25,5,2425.48,3.7,0,0,3.8
O03280,C2476,V015,P0876,2025-11-29,1,1244.34,2.6,0,0,4.8
O03281,C2207,V046,P0438,2025-12-18,1,976.12,2.9,0,0,3.4
O03282,C2414,V100,P0549,2025-10-03,4,2433.11,5.6,0,0,4.4
O03283,C0548,V032,P0354,2025-03-01,2,1134.42,6.2,0,0,4.3
O03284,C1486,V095,P0839,2025-07-25,6,2578.93,6.1,0,1,4.2
O03285,C0440,V002,P0722,2025-01-07,3,3343.89,5.1,0,0,4.2
O03286,C0705,V056,P0646,2025-03-21,2,546.94,3.9,0,0,3.7
O03287,C2169,V045,P0061,2025-04-20,1,279.2,2.5,1,0,4.0
O03288,C2334,V063,P0397,2025-06-13,1,398.32,4.7,0,0,4.0
O03289,C0940,V065,P0590,2025-11-28,1,1481.97,3.8,0,0,3.6
O03290,C2055,V072,P0005,2025-05-09,4,1640.48,3.1,1,0,5.0
O03291,C0224,V023,P0701,2025-02-02,1,573.99,6.0,0,0,4.9
O03292,C0015,V017,P0310,2025-03-19,2,880.05,3.9,0,0,4.0
O03293,C0232,V005,P0962,2025-02-23,1,787.94,4.9,0,0,3.5
O03294,C2337,V021,P0503,2025-07-12,1,486.44,4.8,0,0,4.6
O03295,C0650,V065,P0507,2025-02-09,3,1648.43,4.0,0,0,4.0
O03296,C0881,V041,P0463,2025-03-16,2,959.48,2.3,0,0,3.6
O03297,C1351,V098,P0557,2025-08-08,3,933.12,4.6,0,0,3.4
O03298,C1194,V042,P0734,2025-12-14,2,1019.11,1.7,0,0,3.6
O03299,C1535,V064,P0717,2025-05-27,2,1020.79,2.7,0,0,4.1
O03300,C2316,V050,P0703,2025-08-24,1,811.11,3.3,1,0,5.0
O03301,C1642,V079,P0938,2025-07-25,3,1663.84,2.3,0,0,4.9
O03302,C0520,V019,P0001,2025-01-05,3,1659.25,4.5,0,0,4.2
O03303,C0277,V033,P0017,2025-10-18,3,3297.08,4.7,0,1,4.4
O03304,C1786,V075,P0059,2025-05-15,2,1711.78,2.9,0,0,4.1
O03305,C2456,V078,P0685,2025-11-13,1,272.09,3.4,0,0,4.1
O03306,C1528,V001,P0441,2025-06-06,1,336.5,5.1,0,0,4.5
O03307,C0190,V070,P0941,2025-10-05,2,863.44,4.4,0,0,4.7
O03308,C1977,V019,P0461,2025-10-14,3,1140.03,5.2,0,0,4.6
O03309,C2052,V054,P0661,2025-07-27,4,842.0,5.5,0,0,3.9
O03310,C2034,V016,P0872,2025-12-16,4,3942.91,4.4,0,1,4.2
O03311,C1490,V050,P0099,2025-11-09,1,194.49,5.1,0,0,4.2
O03312,C2206,V025,P0563,2025-03-19,1,572.94,3.9,0,0,4.1
O03313,C2012,V013,P0183,2025-01-31,3,879.24,3.5,0,0,4.5
O03314,C0647,V087,P0320,2025-05-26,3,2431.87,4.5,0,0,3.8
O03315,C0636,V012,P0483,2025-03-05,1,309.08,3.1,0,0,4.3
O03316,C0155,V072,P0005,2025-05-27,3,1440.21,4.2,0,0,5.0
O03317,C1753,V062,P0064,2025-05-27,1,490.51,3.3,0,0,4.0
O03318,C2301,V025,P0788,2025-11-12,2,1403.12,3.0,0,0,4.2
O03319,C0853,V099,P0230,2025-06-14,4,1900.36,3.6,0,0,4.1
O03320,C2345,V071,P0121,2025-09-02,2,702.39,2.6,0,0,3.5
O03321,C1139,V100,P0820,2025-11-26,4,5197.19,4.3,0,0,4.4
O03322,C1607,V029,P0778,2025-03-08,2,935.38,5.4,0,0,3.8
O03323,C0516,V029,P0291,2025-08-18,1,910.53,2.8,0,0,3.7
O03324,C0325,V049,P0293,2025-05-15,2,746.55,1.1,0,0,4.1
O03325,C2173,V011,P0851,2025-07-07,3,2333.58,3.7,0,0,4.8
O03326,C0153,V003,P0587,2025-03-02,3,2133.32,2.3,0,1,4.0
O03327,C0189,V078,P0545,2025-08-15,3,3169.95,3.4,0,0,3.4
O03328,C0695,V079,P0773,2025-08-14,3,1020.31,3.6,0,0,3.8
O03329,C0606,V030,P0358,2025-11-19,2,1048.65,3.0,0,0,4.7
O03330,C0017,V046,P0664,2025-06-16,3,3325.39,2.5,0,0,3.8
O03331,C1203,V085,P0345,2025-10-11,1,233.99,5.3,0,1,3.7
O03332,C1487,V073,P0284,2025-12-19,3,1569.38,4.1,0,0,5.0
O03333,C0888,V088,P0112,2025-10-15,4,2207.54,2.4,0,1,4.7
O03334,C1401,V079,P0922,2025-04-24,2,889.99,4.9,0,0,4.7
O03335,C2217,V070,P0355,2025-07-17,4,1998.11,6.5,0,0,4.9
O03336,C2000,V068,P0978,2025-03-20,4,3457.57,3.1,0,0,4.0
O03337,C1924,V011,P0631,2025-05-30,3,613.2,4.7,0,0,4.5
O03338,C0498,V017,P0403,2025-10-31,1,631.72,3.2,0,0,3.6
O03339,C0928,V054,P0661,2025-03-28,1,191.73,4.4,0,0,4.8
O03340,C2326,V039,P0179,2025-08-05,2,1550.82,6.7,1,0,4.1
O03341,C0045,V079,P0794,2025-05-09,1,453.52,2.8,1,0,4.4
O03342,C0369,V044,P0560,2025-05-29,2,835.53,4.1,0,0,4.1
O03343,C1266,V021,P0158,2025-08-31,1,477.61,4.9,1,0,4.6
O03344,C1597,V097,P0751,2025-04-22,5,1571.44,4.1,0,0,4.5
O03345,C0739,V014,P0850,2025-06-07,4,2158.65,2.3,0,0,4.3
O03346,C0119,V086,P0269,2025-10-22,3,1246.53,3.5,0,0,3.5
O03347,C0676,V089,P0512,2025-04-12,3,1524.05,3.7,0,0,3.3
O03348,C1909,V005,P0270,2025-03-23,2,809.17,5.0,0,0,3.5
O03349,C2002,V091,P0799,2025-04-14,1,425.14,2.9,0,0,3.9
O03350,C0602,V037,P0695,2025-09-21,3,3288.7,3.7,0,0,4.0
O03351,C1874,V083,P0221,2025-10-02,1,441.36,5.2,0,0,4.5
O03352,C2042,V002,P0722,2025-10-23,4,5447.88,4.5,0,0,4.2
O03353,C1115,V084,P0278,2025-07-30,1,439.84,2.0,0,0,3.9
O03354,C0229,V067,P0162,2025-07-03,2,572.79,2.1,0,0,4.0
O03355,C2310,V023,P0623,2025-07-12,1,364.7,3.9,0,0,4.7
O03356,C1372,V091,P0323,2025-03-26,4,1986.93,5.5,0,0,3.8
O03357,C0194,V019,P0187,2025-06-30,3,1328.74,3.6,0,0,4.1
O03358,C1795,V076,P0045,2025-08-18,2,687.71,4.3,0,0,4.8
O03359,C0486,V044,P0903,2025-10-29,5,4288.21,3.5,0,0,4.0
O03360,C0649,V020,P0471,2025-11-30,1,1492.78,5.6,0,0,4.3
O03361,C2184,V094,P0998,2025-11-02,1,446.83,2.7,0,0,3.2
O03362,C1168,V081,P0861,2025-07-27,3,1186.67,2.5,1,0,4.1
O03363,C1975,V090,P0371,2025-01-30,1,538.03,3.3,0,0,4.2
O03364,C2158,V029,P0111,2025-11-09,1,1311.51,3.8,0,0,4.1
O03365,C1978,V058,P0267,2025-10-24,3,1199.4,1.7,0,0,4.2
O03366,C0211,V029,P0022,2025-11-12,3,1194.03,6.0,1,0,4.4
O03367,C0819,V069,P0550,2025-12-21,1,511.75,4.2,0,0,4.1
O03368,C1644,V069,P0259,2025-04-19,4,3153.04,2.5,0,0,3.9
O03369,C2149,V074,P0714,2025-10-08,1,850.83,4.3,0,0,3.9
O03370,C0817,V082,P0254,2025-07-14,3,3104.69,3.5,0,0,3.9
O03371,C2242,V091,P0642,2025-10-10,2,1249.84,5.0,0,0,3.6
O03372,C0193,V087,P0580,2025-07-31,4,1578.68,4.5,0,0,4.5
O03373,C2076,V007,P0009,2025-02-25,1,655.14,3.5,0,0,3.8
O03374,C1954,V076,P0045,2025-02-12,3,1165.18,5.9,0,0,4.4
O03375,C0162,V001,P0852,2025-11-28,4,1354.42,4.3,0,0,4.4
O03376,C1632,V003,P0495,2025-08-24,2,1275.45,1.2,0,0,4.3
O03377,C0552,V032,P0933,2025-08-13,2,362.17,3.5,0,0,4.6
O03378,C0809,V001,P0584,2025-10-12,3,1284.43,4.0,0,0,4.4
O03379,C1023,V044,P0427,2025-04-19,4,3038.73,5.1,0,0,4.3
O03380,C1049,V064,P0918,2025-01-05,1,570.17,4.0,1,0,4.4
O03381,C1633,V079,P0688,2025-12-01,3,3436.49,3.5,0,0,4.0
O03382,C2022,V036,P0608,2025-11-03,2,1301.17,5.4,0,0,4.2
O03383,C1879,V023,P0828,2025-09-10,3,1082.7,3.2,0,0,4.7
O03384,C2361,V054,P0708,2025-04-07,1,679.93,4.7,1,0,4.0
O03385,C1929,V023,P0217,2025-07-24,5,2920.79,3.8,0,0,4.4
O03386,C1951,V005,P0511,2025-01-20,3,1008.74,3.3,1,0,4.6
O03387,C1285,V047,P0429,2025-10-05,1,311.03,3.8,1,0,4.0
O03388,C0507,V100,P0449,2025-11-15,2,633.24,4.2,0,1,4.3
O03389,C0860,V003,P0023,2025-02-10,2,2108.86,4.1,0,0,4.1
O03390,C0915,V041,P0951,2025-01-20,1,902.34,3.1,0,0,3.7
O03391,C0372,V021,P0315,2025-08-08,1,1026.29,3.5,0,0,4.7
O03392,C0096,V043,P0991,2025-12-22,2,1670.3,6.0,0,0,4.6
O03393,C2327,V011,P0896,2025-06-04,2,803.87,3.7,0,0,3.7
O03394,C2460,V091,P0236,2025-05-01,4,2180.03,4.7,0,0,3.2
O03395,C1764,V079,P0326,2025-08-26,5,1666.77,4.2,0,0,4.3
O03396,C1152,V024,P0859,2025-09-26,2,734.34,5.1,1,0,4.6
O03397,C0205,V089,P0206,2025-09-28,1,898.04,1.5,0,0,4.1
O03398,C0072,V018,P0826,2025-05-03,3,1586.7,4.4,0,0,3.2
O03399,C1798,V054,P0241,2025-12-07,4,2917.43,5.4,0,0,5.0
O03400,C0833,V058,P0741,2025-12-06,4,2131.72,4.6,0,0,3.5
O03401,C1520,V081,P0368,2025-12-09,1,480.94,3.6,0,0,4.1
O03402,C0229,V096,P0363,2025-01-16,4,3725.11,3.6,0,0,4.1
O03403,C0398,V069,P0750,2025-07-27,2,1729.2,1.8,0,0,4.0
O03404,C1715,V029,P0022,2025-05-23,1,345.19,3.7,0,0,4.4
O03405,C2474,V018,P0826,2025-10-22,2,1115.11,6.1,1,0,3.0
O03406,C1645,V085,P0780,2025-09-20,5,1835.36,6.9,0,0,3.9
O03407,C1473,V086,P0809,2025-08-20,2,1969.89,3.9,0,0,4.2
O03408,C2232,V071,P0457,2025-04-27,1,1797.38,3.1,0,0,3.7
O03409,C0334,V040,P0754,2025-05-22,4,1071.24,3.7,0,0,5.0
O03410,C1332,V083,P0893,2025-11-07,3,1308.11,5.5,0,0,4.0
O03411,C2447,V054,P0506,2025-03-27,2,1353.1,3.8,0,0,4.2
O03412,C1950,V069,P0381,2025-12-02,3,796.98,3.1,0,0,4.9
O03413,C2131,V017,P0028,2025-05-21,2,702.7,4.2,0,0,4.8
O03414,C1529,V071,P0015,2025-04-12,2,1124.17,3.1,0,0,3.9
O03415,C1171,V041,P0014,2025-07-28,1,620.66,2.8,0,0,3.8
O03416,C1273,V091,P0644,2025-12-29,3,763.09,3.1,1,0,3.2
O03417,C1921,V048,P0521,2025-10-12,2,588.13,4.9,1,0,4.9
O03418,C2324,V034,P0068,2025-06-17,2,691.77,4.9,0,0,4.7
O03419,C0018,V042,P0492,2025-07-06,2,980.95,4.9,0,0,3.6
O03420,C1163,V001,P0965,2025-03-12,5,2277.39,8.9,0,0,4.3
O03421,C2346,V025,P0957,2025-06-14,2,1559.4,2.5,0,0,4.7
O03422,C1857,V044,P0392,2025-11-20,4,3471.47,5.5,0,0,4.4
O03423,C1584,V013,P0287,2025-03-16,1,371.88,3.6,0,0,4.8
O03424,C0514,V006,P0019,2025-08-08,6,2641.52,4.9,0,0,3.3
O03425,C1759,V046,P0594,2025-12-06,4,1718.53,3.2,0,0,4.0
O03426,C0585,V059,P0123,2025-01-16,2,1115.42,3.5,0,0,3.9
O03427,C1816,V070,P0440,2025-02-20,6,5684.23,2.6,0,0,4.6
O03428,C0405,V044,P0337,2025-08-11,3,2179.32,3.1,0,0,3.5
O03429,C1535,V066,P0670,2025-06-09,3,2042.31,4.0,0,0,4.3
O03430,C0276,V083,P0929,2025-01-11,1,621.03,4.7,0,0,3.7
O03431,C0891,V018,P0973,2025-08-08,1,1442.25,7.1,0,0,4.4
O03432,C1329,V060,P0353,2025-03-14,1,471.15,4.5,0,0,4.1
O03433,C1576,V086,P0055,2025-05-27,1,444.87,5.4,1,0,4.1
O03434,C1960,V091,P0236,2025-01-09,1,561.36,3.8,1,0,4.4
O03435,C0465,V051,P0016,2025-02-26,1,594.65,5.5,0,0,5.0
O03436,C1019,V017,P0212,2025-11-09,1,408.59,2.9,0,0,4.3
O03437,C0654,V014,P0421,2025-03-30,1,914.78,1.0,0,0,3.5
O03438,C1552,V041,P0530,2025-06-10,3,1757.76,4.2,0,0,3.3
O03439,C1485,V034,P0981,2025-12-12,1,550.07,4.3,0,0,4.0
O03440,C2418,V082,P0426,2025-02-22,2,1683.26,3.6,1,0,4.3
O03441,C1554,V033,P0296,2025-04-13,1,558.85,1.7,0,1,3.5
O03442,C0363,V096,P0363,2025-11-02,1,1131.6,3.6,0,0,4.6
O03443,C1200,V078,P0841,2025-08-17,2,910.99,2.9,0,0,3.1
O03444,C0512,V022,P0692,2025-10-24,1,690.12,5.4,0,0,4.4
O03445,C1292,V033,P0601,2025-05-27,2,1263.29,6.5,0,1,4.9
O03446,C2003,V082,P0974,2025-03-17,2,1248.62,5.9,0,0,4.2
O03447,C1113,V039,P0060,2025-11-10,3,2445.59,6.2,0,0,4.0
O03448,C0645,V095,P0839,2025-12-04,2,847.15,5.2,0,0,4.1
O03449,C0321,V020,P0090,2025-01-11,2,1334.01,6.2,0,0,3.7
O03450,C0398,V092,P0126,2025-03-13,1,312.06,5.9,0,0,4.1
O03451,C1792,V054,P0506,2025-05-04,1,612.88,3.5,0,0,4.8
O03452,C1480,V033,P0296,2025-06-08,2,1336.07,3.3,0,0,3.8
O03453,C1161,V020,P0154,2025-04-12,5,2990.35,4.7,0,0,3.6
O03454,C2288,V009,P0188,2025-03-19,2,981.34,4.2,0,0,4.4
O03455,C0272,V094,P0137,2025-12-23,3,1226.89,4.8,0,0,3.6
O03456,C1445,V057,P0591,2025-04-25,1,624.59,3.9,0,0,4.3
O03457,C1579,V074,P0638,2025-03-04,2,541.22,4.7,0,0,4.5
O03458,C1466,V087,P0633,2025-01-31,2,1280.26,6.2,0,0,4.7
O03459,C1431,V056,P0864,2025-12-21,2,1210.6,2.9,0,0,4.4
O03460,C1670,V097,P0322,2025-07-22,1,411.63,6.5,0,0,4.8
O03461,C0673,V059,P0213,2025-11-01,5,2239.32,3.0,0,0,4.2
O03462,C1499,V043,P0583,2025-03-29,1,1052.89,6.1,0,0,4.6
O03463,C1122,V041,P0463,2025-09-18,4,1816.39,3.2,0,0,3.5
O03464,C1968,V047,P0243,2025-10-17,5,1861.65,3.7,0,0,3.8
O03465,C1834,V068,P0822,2025-09-28,2,1216.2,4.6,0,0,3.8
O03466,C1971,V054,P0308,2025-06-30,1,321.02,3.9,0,0,4.1
O03467,C1390,V056,P0894,2025-06-22,2,1234.3,3.6,0,0,4.0
O03468,C0158,V060,P0124,2025-07-15,2,1644.98,4.0,0,0,3.3
O03469,C0751,V047,P0429,2025-07-15,2,741.57,3.6,0,0,4.5
O03470,C2456,V050,P0157,2025-02-04,2,1037.45,5.4,0,1,4.3
O03471,C0075,V050,P0989,2025-08-09,2,1052.73,3.1,0,0,5.0
O03472,C2134,V083,P0932,2025-04-22,2,746.72,3.6,0,0,3.6
O03473,C1710,V062,P0727,2025-07-13,3,1733.23,4.3,1,0,4.4
O03474,C0397,V056,P0894,2025-08-31,1,691.99,2.9,0,0,4.2
O03475,C0916,V026,P0857,2025-09-01,3,5284.16,3.7,0,0,4.6
O03476,C0233,V025,P0807,2025-10-11,1,680.24,3.5,0,0,5.0
O03477,C0253,V098,P0576,2025-03-04,4,2125.98,3.2,0,0,4.3
O03478,C2240,V015,P0876,2025-09-17,4,4125.91,3.6,0,0,4.6
O03479,C2153,V100,P0889,2025-10-02,5,2312.39,3.0,0,0,4.5
O03480,C1224,V074,P0638,2025-05-21,4,1081.18,4.3,0,0,4.1
O03481,C2105,V091,P0644,2025-04-12,3,1033.51,5.2,1,0,3.1
O03482,C2339,V065,P0590,2025-03-06,4,5359.29,4.5,0,0,3.3
O03483,C1673,V084,P0220,2025-12-12,3,2759.06,3.9,0,0,3.1
O03484,C1007,V061,P0119,2025-04-30,6,2677.97,4.9,1,0,3.9
O03485,C1024,V096,P0997,2025-11-26,4,3176.54,5.6,0,0,4.1
O03486,C2316,V093,P0955,2025-03-02,4,3375.46,2.8,0,0,4.3
O03487,C0485,V002,P0237,2025-07-19,1,420.57,2.6,0,1,4.1
O03488,C2385,V006,P0087,2025-07-18,1,526.44,5.1,0,0,4.1
O03489,C2076,V034,P0520,2025-10-05,3,492.9,3.2,1,0,3.8
O03490,C0936,V077,P0880,2025-12-20,1,535.91,4.6,1,0,3.7
O03491,C1725,V016,P0872,2025-06-07,4,3939.5,6.6,1,0,3.3
O03492,C0631,V048,P0094,2025-10-29,3,2963.49,6.5,0,0,4.5
O03493,C0032,V054,P0027,2025-09-09,1,289.12,3.6,0,0,4.0
O03494,C1136,V043,P0991,2025-07-30,2,1851.73,4.9,0,1,4.5
O03495,C0621,V055,P0801,2025-12-09,1,849.27,2.2,0,0,4.3
O03496,C0583,V039,P0848,2025-08-16,1,411.78,4.1,0,0,3.7
O03497,C2344,V039,P0481,2025-09-03,1,725.04,6.2,0,0,4.9
O03498,C0525,V030,P0523,2025-06-28,1,543.42,2.4,0,0,3.8
O03499,C2202,V002,P0339,2025-12-08,1,567.29,3.7,0,0,3.6
O03500,C0245,V079,P0794,2025-04-23,7,3566.76,3.0,0,0,4.8
O03501,C1974,V081,P0487,2025-01-22,3,839.02,2.2,0,0,3.8
O03502,C1598,V065,P0451,2025-01-10,1,1195.1,3.8,0,0,3.5
O03503,C0817,V076,P0453,2025-01-09,3,1643.97,2.4,0,0,4.8
O03504,C2247,V034,P0300,2025-06-17,3,1584.15,2.5,0,0,3.3
O03505,C2425,V095,P0002,2025-08-28,1,315.08,4.5,1,0,4.1
O03506,C2226,V084,P0278,2025-07-09,2,1080.95,4.8,0,0,3.9
O03507,C0060,V074,P0907,2025-05-04,2,573.51,2.5,0,0,4.2
O03508,C1359,V077,P0867,2025-09-29,1,1072.16,6.1,0,0,4.0
O03509,C0088,V031,P0613,2025-08-11,1,962.89,1.8,0,0,5.0
O03510,C0875,V075,P0846,2025-08-22,1,857.94,4.8,0,0,4.5
O03511,C1942,V062,P0064,2025-08-31,1,422.23,4.2,0,0,5.0
O03512,C1957,V021,P0887,2025-02-08,1,354.45,7.1,0,0,4.2
O03513,C0646,V068,P0822,2025-07-02,2,984.93,3.9,0,0,3.9
O03514,C0313,V026,P0795,2025-06-30,1,383.82,4.1,0,0,4.3
O03515,C1118,V038,P0317,2025-09-01,1,761.62,4.8,0,0,3.8
O03516,C0215,V095,P0120,2025-05-08,2,1065.08,6.2,0,1,3.7
O03517,C2464,V012,P0224,2025-12-08,5,1834.43,3.2,0,0,4.3
O03518,C2233,V084,P0220,2025-04-27,2,1900.32,2.6,0,0,3.2
O03519,C1035,V058,P0741,2025-06-09,2,1040.7,2.2,0,0,4.1
O03520,C2345,V009,P0653,2025-07-02,4,1977.51,3.2,0,0,3.9
O03521,C2419,V046,P0443,2025-10-24,4,1834.56,1.0,0,0,3.4
O03522,C1858,V074,P0638,2025-06-09,6,1442.98,2.1,0,0,3.8
O03523,C1526,V095,P0120,2025-07-10,4,1782.51,4.8,0,0,4.1
O03524,C0200,V051,P0810,2025-02-20,1,331.56,5.5,0,0,4.2
O03525,C1907,V042,P0734,2025-08-21,2,1225.1,4.1,0,0,3.9
O03526,C2386,V033,P0554,2025-01-09,2,737.89,3.4,1,0,4.4
O03527,C1819,V096,P0304,2025-10-28,1,365.33,6.0,0,0,4.4
O03528,C0674,V076,P0360,2025-03-21,3,806.8,2.1,0,0,5.0
O03529,C0860,V051,P0607,2025-04-09,6,2868.87,4.6,0,0,4.5
O03530,C0766,V092,P0126,2025-04-21,3,950.88,5.2,0,1,4.1
O03531,C1008,V022,P0908,2025-07-13,2,2186.07,5.6,0,0,3.9
O03532,C1623,V063,P0663,2025-08-29,1,296.57,2.1,0,0,4.7
O03533,C2300,V099,P0070,2025-11-08,2,633.76,3.4,0,0,5.0
O03534,C0112,V086,P0752,2025-03-19,2,1182.91,4.4,1,0,3.7
O03535,C2389,V014,P0897,2025-03-10,3,3551.53,4.4,0,0,4.3
O03536,C1195,V017,P0212,2025-10-03,1,485.99,2.7,0,0,4.6
O03537,C0673,V074,P0890,2025-04-12,3,716.17,4.6,0,0,4.6
O03538,C0728,V038,P0561,2025-07-18,3,1226.65,5.0,0,0,4.0
O03539,C1971,V013,P0900,2025-08-01,1,668.88,4.2,0,0,4.4
O03540,C1955,V023,P0701,2025-06-08,1,507.79,4.7,0,1,4.0
O03541,C1281,V026,P0979,2025-03-08,3,2376.67,2.9,0,0,4.1
O03542,C0440,V098,P0557,2025-01-15,1,291.34,5.7,0,0,3.9
O03543,C2118,V097,P0322,2025-02-25,1,425.05,3.6,0,0,4.5
O03544,C1608,V017,P0625,2025-06-15,2,1386.1,4.1,0,0,4.1
O03545,C1545,V046,P0664,2025-10-02,1,1003.3,2.4,1,0,4.1
O03546,C2424,V060,P0659,2025-09-26,1,484.03,2.5,0,0,4.2
O03547,C1892,V043,P0910,2025-07-13,2,985.39,5.7,1,0,3.6
O03548,C0508,V091,P0642,2025-07-20,2,1591.36,3.0,0,0,3.3
O03549,C0909,V043,P0991,2025-08-20,2,1896.43,5.6,1,0,5.0
O03550,C1123,V039,P0462,2025-02-03,4,2259.56,4.3,1,0,4.4
O03551,C1123,V080,P0518,2025-01-30,4,5464.25,5.6,0,0,4.2
O03552,C1882,V100,P0176,2025-03-03,2,1238.27,3.9,1,0,4.3
O03553,C1975,V001,P0584,2025-05-21,1,364.37,6.8,0,0,4.7
O03554,C0488,V046,P0200,2025-12-09,1,377.79,2.1,0,0,3.9
O03555,C0517,V037,P0234,2025-03-11,2,1006.84,3.2,0,0,4.2
O03556,C0736,V100,P0820,2025-06-04,4,4893.77,3.5,0,0,4.2
O03557,C0169,V070,P0709,2025-09-22,2,860.98,4.6,0,0,4.8
O03558,C1296,V042,P0492,2025-01-08,2,907.78,3.1,0,0,3.9
O03559,C1502,V052,P0667,2025-11-18,3,1107.57,5.0,0,0,4.4
O03560,C0153,V055,P0555,2025-01-17,2,1003.28,5.2,1,0,4.1
O03561,C0923,V095,P0414,2025-09-13,1,938.12,2.6,0,0,4.8
O03562,C1290,V059,P0969,2025-03-01,1,444.41,4.8,0,0,4.0
O03563,C0453,V083,P0873,2025-01-18,3,836.99,5.3,1,0,3.6
O03564,C1063,V013,P0093,2025-08-27,4,2400.24,3.7,0,0,5.0
O03565,C1467,V013,P0522,2025-04-22,4,3600.65,3.5,0,1,3.9
O03566,C0900,V012,P0238,2025-12-28,1,549.69,4.0,1,0,4.0
O03567,C0038,V029,P0101,2025-12-07,1,349.97,3.5,0,0,3.2
O03568,C1006,V041,P0404,2025-09-13,1,668.61,3.9,0,0,3.5
O03569,C2399,V048,P0094,2025-02-06,2,1915.23,4.7,0,0,4.2
O03570,C0454,V002,P0049,2025-02-12,1,284.59,3.3,0,0,3.3
O03571,C1478,V100,P0382,2025-05-17,5,1430.78,4.9,0,0,4.0
O03572,C1294,V094,P0998,2025-02-19,5,1991.52,3.7,1,0,4.0
O03573,C0356,V037,P0654,2025-12-15,2,1308.12,2.6,0,0,3.7
O03574,C1775,V030,P0246,2025-05-29,3,1513.44,4.1,0,0,3.4
O03575,C0861,V062,P0064,2025-04-01,3,1417.86,5.2,0,0,4.1
O03576,C1007,V038,P0348,2025-07-21,1,241.33,3.5,1,0,3.9
O03577,C0405,V089,P0057,2025-11-22,1,513.19,3.6,0,0,4.6
O03578,C1069,V065,P0252,2025-12-15,3,1983.39,3.2,0,0,3.8
O03579,C0595,V075,P0248,2025-09-22,2,912.09,3.0,0,0,4.2
O03580,C1702,V076,P0761,2025-04-13,1,659.92,3.7,0,0,4.7
O03581,C2419,V082,P0916,2025-05-28,4,2709.05,3.0,0,0,4.2
O03582,C1822,V013,P0612,2025-11-11,2,1181.31,3.7,0,0,4.5
O03583,C0530,V076,P0761,2025-05-25,2,1314.78,2.9,0,0,4.1
O03584,C1903,V019,P0815,2025-04-29,3,1087.66,3.6,0,0,4.5
O03585,C1564,V049,P0835,2025-12-07,2,760.51,4.3,0,1,3.7
O03586,C0288,V034,P0981,2025-05-10,1,485.14,4.0,0,0,4.2
O03587,C2307,V094,P0998,2025-06-28,3,1296.55,4.7,0,0,4.2
O03588,C0783,V066,P0670,2025-07-06,1,646.1,4.1,0,0,4.5
O03589,C1304,V005,P0423,2025-06-11,2,1240.49,6.0,0,0,4.4
O03590,C1468,V032,P0933,2025-09-28,1,189.39,4.6,0,0,4.0
O03591,C2092,V019,P0396,2025-05-15,1,281.81,4.7,0,0,4.4
O03592,C2334,V021,P0315,2025-10-03,2,2255.81,5.1,0,1,4.3
O03593,C1610,V017,P0772,2025-09-08,3,1082.7,4.0,0,0,4.8
O03594,C1833,V063,P0321,2025-06-09,2,673.46,2.5,0,0,4.7
O03595,C1630,V061,P0182,2025-02-24,3,1981.24,4.0,0,0,3.7
O03596,C1470,V094,P0046,2025-03-07,5,2123.86,4.4,0,0,4.3
O03597,C1065,V068,P0984,2025-06-28,2,647.79,3.8,0,0,5.0
O03598,C0721,V038,P0478,2025-09-27,3,1246.59,4.9,0,0,4.3
O03599,C0860,V031,P0458,2025-08-31,2,1168.03,4.1,0,0,3.9
O03600,C0763,V076,P0453,2025-02-13,1,528.28,4.2,1,0,5.0
O03601,C1890,V008,P0724,2025-11-25,1,1482.11,3.8,0,0,4.2
O03602,C1106,V038,P0830,2025-09-05,1,714.73,4.1,0,0,4.0
O03603,C0272,V005,P0132,2025-02-11,1,637.25,3.8,0,1,3.9
O03604,C2014,V021,P0158,2025-05-07,4,2106.08,6.0,0,0,3.7
O03605,C1725,V005,P0270,2025-09-15,1,402.69,2.6,0,0,4.1
O03606,C0660,V084,P0332,2025-12-10,1,287.7,6.1,0,0,4.2
O03607,C0985,V046,P0444,2025-12-27,3,1770.4,2.9,0,0,3.6
O03608,C1204,V090,P0219,2025-02-17,1,376.07,6.8,0,1,3.7
O03609,C1262,V002,P0972,2025-02-23,1,443.93,4.0,0,1,3.3
O03610,C0828,V047,P0164,2025-12-27,2,572.01,1.8,0,0,3.9
O03611,C2163,V034,P0214,2025-02-19,1,1028.39,4.6,0,0,4.4
O03612,C2423,V093,P0599,2025-05-16,1,906.27,4.0,0,0,3.9
O03613,C0662,V065,P0771,2025-07-08,3,2096.21,5.3,0,0,4.1
O03614,C0344,V059,P0969,2025-11-25,1,424.11,4.9,0,0,4.1
O03615,C2174,V042,P0374,2025-06-07,1,463.56,4.5,0,0,3.9
O03616,C2487,V011,P0961,2025-07-23,2,969.49,3.0,0,0,5.0
O03617,C1498,V035,P0574,2025-03-07,4,1273.91,3.1,0,0,4.5
O03618,C0692,V090,P0331,2025-10-17,4,4968.11,5.9,0,0,4.0
O03619,C1365,V003,P0032,2025-08-29,2,962.18,3.5,0,0,4.5
O03620,C0269,V011,P0564,2025-06-10,2,1685.4,6.0,0,0,3.3
O03621,C0380,V095,P0718,2025-10-07,1,456.39,7.3,0,0,4.5
O03622,C0846,V081,P0368,2025-11-07,3,1278.48,4.8,0,0,4.3
O03623,C1705,V096,P0997,2025-12-05,3,2637.32,5.8,0,0,3.1
O03624,C1708,V063,P0467,2025-03-23,5,1779.75,3.9,0,0,3.8
O03625,C0968,V014,P0519,2025-01-26,2,583.37,3.9,0,0,3.9
O03626,C2486,V082,P0863,2025-01-17,4,2464.3,4.4,0,0,4.1
O03627,C0864,V073,P0617,2025-01-17,1,517.91,5.2,0,0,4.5
O03628,C2347,V061,P0078,2025-08-20,2,420.02,6.7,0,0,3.9
O03629,C1575,V039,P0226,2025-09-16,1,420.02,5.5,1,0,4.3
O03630,C2428,V026,P0106,2025-06-14,3,889.74,5.2,0,0,4.7
O03631,C2204,V089,P0512,2025-07-28,1,495.23,4.0,0,0,4.0
O03632,C1909,V039,P0985,2025-12-31,4,2618.83,4.7,1,0,4.3
O03633,C1581,V052,P0956,2025-01-26,3,2180.31,3.7,0,0,4.6
O03634,C0023,V073,P0604,2025-10-08,1,850.97,4.2,0,0,5.0
O03635,C1957,V074,P0282,2025-03-11,2,1488.33,4.0,0,0,4.9
O03636,C1250,V005,P0185,2025-02-18,4,669.19,3.9,0,0,4.5
O03637,C1195,V087,P0335,2025-06-15,1,567.52,7.0,1,0,3.9
O03638,C2417,V011,P0851,2025-01-16,2,1710.69,4.6,0,0,4.3
O03639,C2450,V002,P0781,2025-01-19,3,2672.87,2.0,0,0,3.9
O03640,C0237,V087,P0633,2025-03-23,2,1335.49,6.4,0,0,4.0
O03641,C0253,V079,P0303,2025-11-02,1,419.11,3.3,0,0,5.0
O03642,C0827,V029,P0101,2025-09-01,1,330.92,6.2,0,0,3.7
O03643,C1204,V026,P0857,2025-03-24,1,1746.16,4.0,0,0,4.4
O03644,C1892,V061,P0624,2025-06-09,4,2262.93,3.3,0,0,4.4
O03645,C2067,V045,P0770,2025-02-18,1,944.31,3.1,0,0,4.7
O03646,C1539,V063,P0992,2025-07-12,3,1447.11,3.0,0,0,4.9
O03647,C0186,V069,P0163,2025-04-29,1,221.26,5.2,0,0,4.6
O03648,C1748,V100,P0619,2025-06-07,1,606.57,2.9,0,0,4.2
O03649,C0079,V059,P0389,2025-11-03,5,3482.37,2.9,0,0,3.5
O03650,C2138,V096,P0556,2025-10-31,2,761.26,4.6,0,0,4.8
O03651,C1257,V080,P0298,2025-09-10,1,1367.76,3.1,0,0,4.4
O03652,C0353,V036,P0334,2025-11-08,1,302.25,5.5,0,0,3.4
O03653,C2166,V006,P0180,2025-10-12,3,875.15,4.7,0,0,3.6
O03654,C1728,V070,P0440,2025-02-27,3,2751.07,7.1,0,1,4.1
O03655,C1806,V001,P0829,2025-11-07,2,756.55,5.2,1,0,3.9
O03656,C2080,V087,P0003,2025-10-19,7,2348.72,5.1,0,0,4.6
O03657,C2361,V089,P0206,2025-04-15,4,3557.37,4.9,0,0,4.2
O03658,C1746,V039,P0462,2025-09-11,4,2654.69,6.0,0,0,4.5
O03659,C0919,V002,P0972,2025-03-12,1,494.53,4.0,0,0,3.8
O03660,C1472,V056,P0504,2025-06-11,2,518.52,3.2,0,0,3.8
O03661,C0117,V077,P0305,2025-03-22,1,660.74,4.2,0,0,3.6
O03662,C0046,V073,P0617,2025-06-09,1,461.55,1.6,0,0,3.7
O03663,C0128,V058,P0963,2025-02-03,1,426.06,4.1,0,1,3.8
O03664,C1246,V068,P0155,2025-07-09,3,2567.34,3.5,0,0,4.0
O03665,C0370,V025,P0800,2025-06-04,5,5390.56,4.1,0,0,4.5
O03666,C0599,V018,P0614,2025-02-05,1,855.94,6.5,0,1,4.0
O03667,C0821,V057,P0366,2025-03-30,2,501.29,4.4,1,0,4.2
O03668,C0078,V025,P0077,2025-11-04,2,1043.01,4.0,0,0,4.6
O03669,C2440,V098,P0855,2025-10-09,7,1855.36,4.8,0,0,4.4
O03670,C0200,V085,P0092,2025-11-15,1,321.42,7.3,1,0,3.8
O03671,C1461,V035,P0982,2025-11-05,1,475.96,5.6,0,0,4.2
O03672,C2231,V077,P0678,2025-04-19,2,763.56,5.6,0,0,4.3
O03673,C2364,V013,P0135,2025-12-05,2,982.5,2.6,0,0,4.1
O03674,C1550,V032,P0933,2025-10-21,2,391.62,5.3,0,0,4.0
O03675,C1597,V063,P0636,2025-08-01,2,585.47,2.5,0,0,3.9
O03676,C0501,V037,P0695,2025-01-07,1,1093.15,3.9,0,0,4.2
O03677,C0010,V091,P0475,2025-08-07,1,1004.35,2.2,0,0,3.3
O03678,C0937,V076,P0031,2025-07-09,5,2784.42,5.5,0,0,4.6
O03679,C0011,V071,P0280,2025-10-11,1,999.97,3.5,1,0,4.2
O03680,C0590,V043,P0768,2025-02-24,6,4027.24,7.1,0,1,3.8
O03681,C1504,V054,P0241,2025-03-13,2,1552.89,5.3,1,0,4.0
O03682,C1979,V030,P0358,2025-05-16,1,506.17,3.2,0,0,4.3
O03683,C1387,V024,P0472,2025-02-09,1,497.82,3.0,0,0,3.4
O03684,C0904,V057,P0351,2025-08-03,2,1075.65,4.3,0,0,4.6
O03685,C1919,V028,P0373,2025-01-16,3,2028.94,5.7,0,0,4.5
O03686,C0868,V017,P0856,2025-07-25,4,2761.99,2.2,0,0,4.4
O03687,C1018,V032,P0933,2025-09-01,1,175.37,4.0,0,0,3.8
O03688,C0151,V046,P0004,2025-09-21,1,472.57,1.2,0,0,3.7
O03689,C0884,V077,P0375,2025-03-10,2,1058.79,5.1,0,0,3.9
O03690,C1628,V034,P0981,2025-02-13,2,1038.89,3.0,0,0,4.1
O03691,C2160,V057,P0645,2025-02-22,2,742.26,3.6,0,0,4.1
O03692,C2209,V037,P0480,2025-01-05,3,986.58,4.2,0,0,3.4
O03693,C1487,V012,P0473,2025-10-20,1,387.51,1.8,1,0,4.7
O03694,C0723,V004,P0940,2025-08-21,2,1963.61,2.9,0,0,3.8
O03695,C0937,V030,P0358,2025-06-27,3,1439.42,3.4,0,0,4.1
O03696,C1478,V046,P0534,2025-02-07,1,530.61,1.6,0,0,3.7
O03697,C1330,V066,P0172,2025-03-09,3,2339.89,4.7,0,1,4.1
O03698,C1071,V097,P0456,2025-05-05,1,344.54,5.9,0,0,4.8
O03699,C1489,V093,P0491,2025-04-27,2,832.25,4.1,0,0,4.7
O03700,C0159,V066,P0286,2025-11-30,1,889.8,6.0,0,1,4.0
O03701,C0536,V065,P0507,2025-12-30,3,1526.63,3.1,0,1,3.8
O03702,C1881,V054,P0241,2025-05-08,2,1493.12,6.1,0,1,4.0
O03703,C1737,V065,P0416,2025-10-25,3,3563.05,3.3,0,0,3.9
O03704,C1712,V077,P0250,2025-03-15,1,609.11,4.2,0,0,3.3
O03705,C0698,V002,P0972,2025-01-10,1,405.88,3.9,1,0,3.5
O03706,C1680,V097,P0751,2025-07-15,1,342.14,5.2,0,0,4.1
O03707,C1121,V013,P0612,2025-07-25,2,1205.41,3.3,0,0,4.4
O03708,C1609,V002,P0237,2025-01-25,4,1825.56,3.8,0,0,3.3
O03709,C1746,V056,P0646,2025-01-27,3,914.8,3.9,0,0,4.1
O03710,C0212,V057,P0351,2025-10-20,1,621.17,1.0,0,0,4.6
O03711,C1499,V043,P0402,2025-01-26,3,1705.56,4.8,0,0,3.8
O03712,C1152,V077,P0062,2025-03-17,4,1181.85,5.6,0,0,3.7
O03713,C1746,V021,P0784,2025-01-01,1,594.71,4.2,0,0,4.1
O03714,C0782,V064,P0361,2025-06-16,1,480.6,2.6,0,0,4.1
O03715,C1085,V060,P0995,2025-02-02,4,1652.48,6.2,0,1,4.0
O03716,C1659,V014,P0263,2025-09-30,3,970.8,2.9,1,0,4.2
O03717,C1544,V087,P0088,2025-01-04,1,186.97,5.7,0,0,3.7
O03718,C0588,V044,P0207,2025-01-17,3,2249.58,4.3,0,0,4.2
O03719,C0996,V048,P0051,2025-03-23,1,929.32,4.3,0,0,4.0
O03720,C0746,V031,P0201,2025-08-07,4,1005.82,3.3,0,0,4.5
O03721,C2438,V002,P0722,2025-04-06,4,5253.08,2.5,0,0,3.8
O03722,C2217,V013,P0183,2025-12-06,3,905.22,2.6,0,0,4.9
O03723,C1845,V029,P0704,2025-11-06,2,1422.79,3.4,0,0,3.9
O03724,C2291,V071,P0513,2025-03-21,3,1627.02,4.1,0,0,3.3
O03725,C1283,V065,P0420,2025-09-11,3,1740.84,3.6,0,0,3.9
O03726,C2165,V099,P0230,2025-08-05,1,529.41,2.4,0,0,4.1
O03727,C0658,V067,P0162,2025-08-10,4,1177.48,4.0,0,0,3.5
O03728,C1469,V058,P0267,2025-10-13,5,2613.44,3.7,1,0,4.7
O03729,C1255,V003,P0023,2025-04-13,1,1111.01,2.1,0,0,4.3
O03730,C2404,V021,P0909,2025-04-07,5,3713.51,4.6,0,0,4.6
O03731,C2442,V062,P0727,2025-06-11,2,1041.72,3.7,0,0,3.8
O03732,C2339,V045,P0770,2025-04-21,3,2680.19,4.2,0,0,4.3
O03733,C1824,V089,P0500,2025-04-21,3,1161.55,5.4,0,1,3.6
O03734,C1693,V077,P0153,2025-11-25,4,2162.65,5.9,0,0,4.4
O03735,C0156,V012,P0283,2025-03-27,1,620.88,2.0,0,0,4.3
O03736,C0229,V064,P0107,2025-06-06,1,660.33,3.3,0,1,4.2
O03737,C1543,V047,P0650,2025-08-12,3,1779.55,4.2,0,0,4.2
O03738,C2246,V034,P0214,2025-01-20,5,5376.58,4.4,0,0,4.1
O03739,C1468,V024,P0859,2025-06-20,3,1017.64,5.3,0,0,5.0
O03740,C1325,V089,P0437,2025-05-15,1,628.26,4.5,0,0,4.2
O03741,C1511,V043,P0768,2025-07-31,1,547.59,6.6,0,0,3.6
O03742,C0976,V050,P0882,2025-04-20,1,920.8,4.8,0,0,5.0
O03743,C2471,V058,P0267,2025-10-05,2,889.62,2.0,0,0,4.6
O03744,C0788,V078,P0632,2025-11-02,1,838.54,3.3,0,0,3.6
O03745,C1468,V003,P0587,2025-01-20,3,2275.79,2.0,0,0,4.5
O03746,C0906,V073,P0759,2025-03-28,1,1144.57,5.4,0,0,4.3
O03747,C2428,V007,P0329,2025-11-15,1,808.23,2.2,0,0,4.2
O03748,C0383,V082,P0974,2025-03-26,4,3021.81,6.4,0,0,4.5
O03749,C0439,V004,P0186,2025-04-12,1,973.47,1.9,0,0,4.2
O03750,C0865,V020,P0827,2025-11-25,6,2414.19,4.4,0,0,4.0
O03751,C0265,V031,P0884,2025-09-17,2,867.93,2.9,0,0,4.0
O03752,C0472,V014,P0850,2025-10-24,1,579.73,1.2,0,0,4.5
O03753,C1467,V011,P0896,2025-12-10,3,1133.13,3.7,0,0,3.9
O03754,C1570,V096,P0997,2025-05-28,3,3070.98,4.5,0,0,4.5
O03755,C2196,V051,P0190,2025-09-27,3,1660.4,3.8,0,0,4.5
O03756,C1302,V044,P0392,2025-11-21,5,3758.53,3.9,1,0,5.0
O03757,C0128,V085,P0166,2025-01-18,2,2173.62,5.7,0,0,4.4
O03758,C1714,V075,P0846,2025-07-11,2,1708.95,5.2,0,0,4.5
O03759,C2170,V073,P0759,2025-07-27,2,2001.29,5.2,0,0,4.8
O03760,C0079,V033,P0601,2025-11-08,2,1159.36,5.0,0,0,3.6
O03761,C2481,V054,P0274,2025-03-03,1,464.8,4.9,0,0,3.5
O03762,C2473,V020,P0825,2025-03-28,3,2714.86,6.9,0,0,4.2
O03763,C1839,V057,P0847,2025-12-23,4,3025.34,2.9,0,0,3.6
O03764,C0023,V067,P0954,2025-08-13,1,1187.82,3.6,0,0,3.4
O03765,C0271,V044,P0207,2025-02-09,3,2260.91,3.7,0,0,4.4
O03766,C2258,V096,P0539,2025-06-13,3,3122.72,6.1,0,0,3.7
O03767,C0772,V008,P0338,2025-12-23,1,432.08,4.8,0,0,4.7
O03768,C0816,V007,P0178,2025-08-06,2,1265.64,3.4,0,0,4.2
O03769,C1485,V016,P0085,2025-05-23,3,2284.09,4.5,0,0,4.5
O03770,C0878,V006,P0180,2025-01-23,3,838.73,6.4,0,0,4.2
O03771,C0462,V061,P0937,2025-04-02,2,986.48,4.8,0,0,4.0
O03772,C1216,V009,P0075,2025-09-17,5,2684.71,4.4,0,0,4.7
O03773,C0192,V089,P0512,2025-03-17,3,1439.91,5.1,0,0,4.0
O03774,C1625,V084,P0570,2025-03-12,1,533.37,6.5,1,0,3.7
O03775,C0844,V009,P0653,2025-04-30,3,1177.89,5.2,0,0,3.8
O03776,C1226,V015,P0184,2025-04-05,1,942.42,4.5,0,0,4.2
O03777,C0707,V007,P0485,2025-09-28,3,1579.66,3.8,0,0,4.1
O03778,C0302,V064,P0107,2025-03-14,2,1502.17,1.7,0,0,4.3
O03779,C2404,V086,P0809,2025-02-05,1,943.59,3.7,0,0,3.2
O03780,C2091,V003,P0495,2025-08-24,1,693.23,2.5,0,0,4.4
O03781,C0939,V100,P0097,2025-03-24,2,1598.7,5.2,0,0,3.8
O03782,C1460,V044,P0392,2025-09-10,1,663.92,4.4,0,0,4.9
O03783,C1575,V070,P0355,2025-08-05,3,1746.54,4.4,0,0,4.4
O03784,C0899,V034,P0140,2025-10-15,2,1709.32,3.4,0,1,4.6
O03785,C0652,V043,P0849,2025-04-29,5,4835.57,5.1,0,0,3.6
O03786,C0750,V038,P0561,2025-06-13,3,1271.3,4.7,0,0,4.2
O03787,C1303,V013,P0537,2025-08-10,6,2473.7,4.2,0,0,5.0
O03788,C0519,V035,P0211,2025-07-19,2,1084.38,7.6,0,0,3.9
O03789,C0697,V056,P0864,2025-05-24,1,623.4,3.9,0,1,4.4
O03790,C2273,V090,P0919,2025-02-12,1,1123.84,2.9,0,0,4.3
O03791,C2473,V034,P0079,2025-07-26,3,1332.52,2.9,0,0,3.7
O03792,C0931,V066,P0172,2025-09-12,2,1438.01,4.9,0,0,4.1
O03793,C0308,V047,P0429,2025-10-10,1,361.67,4.8,0,0,4.2
O03794,C2457,V007,P0009,2025-05-26,4,2584.42,4.6,0,0,4.6
O03795,C0268,V034,P0542,2025-11-02,3,1732.83,1.0,0,0,3.5
O03796,C1339,V069,P0673,2025-05-18,3,1754.7,4.4,0,0,4.2
O03797,C0758,V026,P0448,2025-11-09,3,2948.09,2.8,0,0,4.7
O03798,C1709,V082,P0265,2025-10-30,2,1065.11,5.7,0,0,4.2
O03799,C0028,V027,P0181,2025-02-14,1,555.55,3.1,0,0,3.5
O03800,C1131,V079,P0688,2025-12-24,2,2526.44,2.9,0,0,4.3
O03801,C1908,V083,P0460,2025-04-01,1,1248.93,4.4,1,0,4.1
O03802,C0371,V029,P0225,2025-08-25,1,517.51,2.6,0,0,4.3
O03803,C1157,V027,P0925,2025-11-16,2,2806.48,3.6,0,0,3.8
O03804,C2246,V087,P0335,2025-01-13,5,3476.61,6.9,1,0,3.6
O03805,C2341,V066,P0172,2025-02-17,1,761.96,4.8,1,0,4.4
O03806,C0149,V062,P0983,2025-08-14,3,4410.77,4.1,1,0,4.4
O03807,C0432,V025,P0934,2025-12-18,4,3500.68,4.0,0,0,4.2
O03808,C2047,V008,P0398,2025-11-21,2,715.43,3.3,0,0,4.6
O03809,C1230,V053,P0257,2025-01-24,5,3643.71,6.3,0,0,3.3
O03810,C1352,V055,P0862,2025-04-07,2,1274.75,3.7,1,0,4.7
O03811,C0462,V070,P0251,2025-07-17,1,867.73,5.8,0,0,3.5
O03812,C1845,V070,P0440,2025-12-29,4,3403.31,5.2,0,0,4.0
O03813,C2360,V082,P0242,2025-02-06,1,506.91,4.6,0,0,4.7
O03814,C1874,V057,P0021,2025-11-05,5,1710.89,2.1,1,0,4.8
O03815,C1426,V063,P0397,2025-12-07,1,416.31,1.9,1,0,4.2
O03816,C2285,V088,P0793,2025-04-08,1,369.82,4.1,0,0,3.8
O03817,C1638,V020,P0827,2025-04-05,4,1587.48,4.6,0,0,4.1
O03818,C1908,V005,P0511,2025-12-29,2,693.73,4.8,0,0,4.7
O03819,C1385,V046,P0534,2025-02-13,1,442.18,1.6,0,0,3.6
O03820,C1587,V045,P0529,2025-12-15,2,431.07,3.1,0,0,5.0
O03821,C0314,V057,P0531,2025-10-26,4,1115.62,2.1,0,1,4.8
O03822,C0054,V066,P0538,2025-08-12,2,2051.87,4.0,0,0,4.0
O03823,C1901,V079,P0303,2025-02-25,2,906.63,4.5,0,0,4.9
O03824,C0557,V095,P0002,2025-12-13,1,343.21,5.8,0,0,4.0
O03825,C0372,V065,P0252,2025-02-23,3,1976.06,6.4,0,0,3.4
O03826,C0887,V042,P0081,2025-07-23,2,575.72,5.2,0,0,3.5
O03827,C2353,V042,P0262,2025-08-05,2,2339.17,6.0,0,0,3.7
O03828,C1623,V013,P0183,2025-08-18,3,743.41,4.7,0,0,5.0
O03829,C2075,V017,P0856,2025-12-22,1,668.46,3.5,0,0,4.4
O03830,C1260,V014,P0897,2025-07-28,1,1183.74,1.2,0,0,4.4
O03831,C2229,V065,P0771,2025-06-28,3,2178.8,4.1,0,0,3.9
O03832,C2215,V093,P0572,2025-01-15,4,3491.42,7.0,0,0,3.7
O03833,C1072,V052,P0231,2025-12-21,5,3239.68,4.7,0,0,4.6
O03834,C0006,V091,P0799,2025-11-09,3,1257.15,5.0,0,0,3.7
O03835,C0602,V026,P0448,2025-09-21,2,1885.63,2.9,0,0,3.9
O03836,C1215,V047,P0245,2025-11-04,1,520.8,4.9,0,0,3.6
O03837,C2137,V047,P0468,2025-11-22,3,690.08,2.4,0,0,4.8
O03838,C1115,V049,P0836,2025-04-03,1,668.19,4.8,1,0,3.2
O03839,C2468,V011,P0924,2025-09-16,3,1702.4,2.9,0,0,4.5
O03840,C1824,V013,P0007,2025-02-25,4,797.87,1.7,0,0,4.6
O03841,C0917,V019,P0187,2025-09-06,4,1587.5,4.0,0,0,4.4
O03842,C0130,V077,P0867,2025-12-29,1,1070.11,6.2,0,0,4.1
O03843,C0623,V023,P0446,2025-05-09,1,328.39,3.0,0,0,5.0
O03844,C2235,V044,P0796,2025-07-03,2,1226.49,3.4,0,0,4.2
O03845,C1846,V097,P0456,2025-04-08,3,1103.25,5.2,0,0,4.3
O03846,C0065,V005,P0132,2025-05-10,3,1923.55,2.7,1,0,3.6
O03847,C1485,V010,P0901,2025-03-19,1,526.87,4.2,0,0,4.5
O03848,C1275,V001,P0356,2025-11-03,2,493.65,6.8,1,0,5.0
O03849,C0670,V021,P0553,2025-12-29,1,347.91,4.4,0,0,3.8
O03850,C1419,V074,P0782,2025-12-31,1,620.55,3.6,0,0,3.6
O03851,C0272,V033,P0629,2025-08-26,1,777.35,4.3,0,0,3.8
O03852,C0324,V063,P0992,2025-04-23,1,505.99,3.7,0,0,4.9
O03853,C1902,V024,P0723,2025-05-02,1,252.39,2.3,0,0,4.6
O03854,C0713,V025,P0034,2025-10-20,2,621.69,6.1,0,0,4.0
O03855,C0560,V022,P0477,2025-09-09,4,2118.2,3.8,0,0,5.0
O03856,C1857,V056,P0947,2025-07-05,2,1544.62,5.1,0,0,3.7
O03857,C1512,V002,P0716,2025-08-06,3,1182.33,3.0,0,0,4.7
O03858,C2171,V047,P0429,2025-02-05,1,336.77,2.0,0,0,4.2
O03859,C1991,V031,P0899,2025-12-23,1,305.15,2.8,0,0,4.7
O03860,C0693,V079,P0794,2025-05-20,3,1431.0,3.1,0,0,4.4
O03861,C1254,V082,P0254,2025-07-12,1,1064.49,5.0,0,0,4.7
O03862,C2274,V018,P0614,2025-02-16,2,1459.12,4.1,0,0,4.0
O03863,C2290,V012,P0987,2025-10-26,3,1914.52,4.1,0,1,4.5
O03864,C2301,V029,P0291,2025-07-11,3,2784.51,4.0,1,0,4.7
O03865,C2427,V069,P0365,2025-06-27,1,539.57,6.7,0,0,3.7
O03866,C0759,V047,P0429,2025-05-13,2,677.65,2.6,0,0,4.0
O03867,C0407,V093,P0946,2025-04-29,1,661.08,4.4,0,0,3.8
O03868,C0619,V005,P0615,2025-01-20,4,2157.33,2.7,0,0,4.3
O03869,C0391,V043,P0020,2025-09-14,4,3383.31,8.7,1,0,3.9
O03870,C1110,V020,P0696,2025-03-03,1,605.87,4.3,0,0,4.8
O03871,C2018,V047,P0244,2025-04-04,1,339.96,3.3,0,0,4.6
O03872,C0650,V096,P0737,2025-08-06,1,829.79,5.7,0,0,4.3
O03873,C0607,V068,P0797,2025-05-23,2,1426.35,3.4,1,0,4.0
O03874,C2207,V038,P0668,2025-11-29,1,302.65,6.2,0,0,3.7
O03875,C0176,V049,P0293,2025-01-21,2,801.07,4.4,0,0,3.9
O03876,C0828,V023,P0831,2025-09-26,1,851.8,1.9,0,0,4.7
O03877,C2213,V063,P0502,2025-10-04,2,1720.26,3.7,0,0,4.1
O03878,C1330,V054,P0393,2025-07-01,3,3106.42,5.7,1,0,4.2
O03879,C0024,V027,P0233,2025-06-10,1,717.28,4.2,0,0,4.1
O03880,C1789,V089,P0898,2025-12-31,1,1036.63,2.6,0,0,4.4
O03881,C0075,V091,P0236,2025-07-12,1,565.87,5.2,0,0,3.9
O03882,C1337,V015,P0876,2025-06-10,1,1174.26,3.4,0,0,4.9
O03883,C0013,V089,P0206,2025-07-04,4,3430.26,4.6,0,0,3.8
O03884,C2177,V011,P0851,2025-12-13,1,937.44,1.6,0,0,4.9
O03885,C2218,V046,P0200,2025-07-23,3,1048.27,2.0,0,1,3.9
O03886,C0256,V034,P0981,2025-11-02,1,511.36,2.6,0,0,4.6
O03887,C0313,V091,P0239,2025-05-30,1,493.01,5.2,1,0,3.1
O03888,C1106,V080,P0883,2025-10-18,1,536.27,4.7,0,0,3.1
O03889,C0712,V065,P0417,2025-10-29,2,1041.24,4.4,0,0,4.5
O03890,C2422,V061,P0216,2025-08-30,2,951.32,5.7,0,0,3.9
O03891,C1384,V081,P0074,2025-09-18,1,427.96,4.0,0,0,4.4
O03892,C2387,V052,P0313,2025-03-15,3,1961.3,6.9,1,0,4.6
O03893,C1259,V077,P0067,2025-09-30,1,257.2,6.3,0,0,4.7
O03894,C0243,V016,P0666,2025-08-02,2,1509.17,5.5,1,0,4.3
O03895,C0537,V041,P0040,2025-05-09,3,2107.57,4.0,0,0,3.6
O03896,C1873,V017,P0089,2025-11-13,4,2912.79,3.9,0,0,3.8
O03897,C0450,V021,P0819,2025-05-24,1,294.12,2.4,1,0,4.4
O03898,C1020,V021,P0887,2025-02-28,1,336.27,3.5,1,0,3.0
O03899,C0813,V099,P0070,2025-02-05,3,1086.03,5.6,0,0,4.6
O03900,C0820,V006,P0019,2025-12-30,1,488.48,6.4,0,0,3.3
O03901,C0798,V084,P0278,2025-12-17,2,949.02,4.3,1,0,3.0
O03902,C1781,V082,P0254,2025-01-13,1,914.21,4.3,0,0,4.4
O03903,C1835,V063,P0930,2025-04-22,1,1336.62,2.7,0,1,3.9
O03904,C0947,V062,P0834,2025-01-29,2,614.88,5.0,0,0,4.4
O03905,C2451,V029,P0778,2025-01-06,2,1025.44,1.8,0,0,3.5
O03906,C0568,V072,P0377,2025-07-31,1,391.2,6.2,0,0,4.6
O03907,C0883,V061,P0728,2025-06-12,2,870.43,3.5,0,0,4.5
O03908,C1025,V096,P0721,2025-04-19,1,2039.81,4.7,0,0,4.5
O03909,C2477,V017,P0271,2025-06-11,1,795.39,5.4,0,0,4.0
O03910,C0600,V004,P0319,2025-01-05,1,306.41,2.2,0,0,3.5
O03911,C1934,V018,P0325,2025-09-17,2,1791.98,6.1,0,0,4.0
O03912,C0025,V002,P0781,2025-09-20,1,1057.96,3.8,0,0,3.5
O03913,C0209,V070,P0084,2025-03-11,1,684.21,5.4,0,0,4.2
O03914,C0247,V073,P0284,2025-11-03,1,456.46,3.7,1,0,4.2
O03915,C0462,V046,P0664,2025-12-01,4,4169.95,1.2,0,0,3.6
O03916,C1375,V075,P0131,2025-07-15,3,2194.06,3.6,0,1,3.8
O03917,C0691,V078,P0218,2025-05-27,4,1577.71,5.3,1,0,4.3
O03918,C1690,V096,P0874,2025-05-12,1,866.12,2.3,0,0,4.4
O03919,C2270,V046,P0004,2025-03-21,3,1482.62,3.2,0,0,3.8
O03920,C0988,V005,P0789,2025-12-28,2,1281.56,5.2,0,0,2.8
O03921,C1553,V043,P0700,2025-01-06,2,1363.74,6.0,0,0,4.5
O03922,C2351,V070,P0871,2025-11-16,2,926.81,5.5,0,0,4.7
O03923,C2406,V096,P0174,2025-08-15,2,563.92,6.5,0,0,4.2
O03924,C1295,V035,P0211,2025-03-08,2,1289.16,5.3,0,0,3.9
O03925,C1487,V026,P0813,2025-08-02,3,2295.74,5.3,0,0,3.9
O03926,C0835,V043,P0402,2025-08-15,3,1718.54,6.4,0,0,3.4
O03927,C1211,V091,P0314,2025-04-18,3,2277.46,3.2,0,0,3.7
O03928,C1614,V012,P0194,2025-09-30,3,1501.58,3.4,0,0,4.3
O03929,C0980,V037,P0785,2025-12-30,1,342.39,4.1,0,0,4.3
O03930,C1010,V041,P0463,2025-06-09,4,1482.67,4.4,1,0,2.8
O03931,C1087,V053,P0710,2025-06-05,2,2885.27,5.2,1,0,4.1
O03932,C2345,V007,P0485,2025-08-27,4,1968.87,3.3,0,0,4.2
O03933,C1755,V011,P0851,2025-03-16,3,2820.98,5.6,0,0,4.0
O03934,C0239,V012,P0224,2025-12-19,1,337.73,5.5,0,0,5.0
O03935,C0489,V010,P0901,2025-01-15,1,551.16,6.3,0,0,3.5
O03936,C1803,V046,P0359,2025-04-15,3,1620.63,3.3,0,0,3.3
O03937,C1024,V016,P0193,2025-02-10,2,2141.51,4.7,0,0,3.4
O03938,C0180,V051,P0117,2025-03-16,5,1900.7,3.5,0,0,3.8
O03939,C2181,V082,P0076,2025-01-08,1,1188.65,3.9,0,0,5.0
O03940,C0537,V002,P0716,2025-12-21,1,385.14,5.0,0,0,4.3
O03941,C1817,V073,P0617,2025-03-12,2,949.77,5.0,0,0,4.1
O03942,C2305,V017,P0532,2025-11-30,2,1165.32,1.7,0,0,3.7
O03943,C1004,V005,P0962,2025-05-23,1,631.44,3.6,0,0,4.3
O03944,C0151,V034,P0068,2025-04-04,1,324.79,1.9,0,0,4.3
O03945,C1569,V099,P0986,2025-02-23,2,1152.9,3.6,0,0,3.8
O03946,C0964,V034,P0140,2025-04-04,1,757.17,1.0,0,0,3.3
O03947,C1782,V020,P0765,2025-08-02,2,507.3,4.6,0,0,3.2
O03948,C0175,V033,P0017,2025-12-21,2,2559.86,5.4,0,0,4.8
O03949,C2413,V080,P0866,2025-01-11,3,1163.43,5.4,0,0,4.2
O03950,C0516,V017,P0772,2025-07-29,3,1141.36,4.5,0,0,4.1
O03951,C1507,V069,P0917,2025-07-18,1,1179.23,1.4,0,0,4.4
O03952,C1122,V090,P0919,2025-12-15,2,2204.11,3.0,0,0,4.2
O03953,C0946,V002,P0781,2025-06-02,1,969.7,5.1,0,0,3.3
O03954,C0068,V094,P0744,2025-10-08,3,2383.94,5.0,0,0,4.3
O03955,C2263,V063,P0397,2025-12-07,1,379.22,2.4,0,0,4.6
O03956,C1634,V048,P0904,2025-10-10,1,960.17,8.8,0,0,3.7
O03957,C2213,V019,P0508,2025-05-14,3,851.34,3.1,1,0,4.4
O03958,C1759,V057,P0582,2025-05-01,3,1383.29,5.1,0,0,4.4
O03959,C1885,V006,P0044,2025-02-06,5,1625.39,6.2,0,0,3.8
O03960,C1715,V043,P0700,2025-05-11,1,749.7,6.3,0,0,4.3
O03961,C0210,V095,P0118,2025-03-22,6,5654.11,6.1,0,1,4.6
O03962,C0769,V081,P0912,2025-06-15,3,1795.58,4.6,0,0,4.5
O03963,C0967,V037,P0681,2025-10-13,1,531.08,4.3,0,0,3.9
O03964,C0841,V099,P0070,2025-10-28,3,900.4,5.1,0,0,4.5
O03965,C0597,V100,P0010,2025-03-27,4,4655.9,5.8,0,0,3.3
O03966,C0594,V100,P0869,2025-04-15,1,213.37,5.9,0,0,4.1
O03967,C0293,V041,P0386,2025-09-14,1,450.57,4.8,0,0,3.8
O03968,C2146,V001,P0829,2025-02-14,2,637.5,5.7,0,0,3.7
O03969,C0374,V081,P0368,2025-09-03,4,1999.81,4.2,0,0,4.7
O03970,C1338,V095,P0120,2025-07-11,2,952.35,4.2,0,0,4.6
O03971,C0397,V089,P0205,2025-09-09,2,1569.52,3.8,1,0,4.8
O03972,C2019,V083,P0932,2025-03-30,2,874.95,4.1,0,0,4.0
O03973,C0460,V086,P0269,2025-12-09,1,485.4,3.3,0,0,4.8
O03974,C0057,V068,P0978,2025-01-01,7,5739.06,1.5,1,0,4.2
O03975,C0074,V023,P0701,2025-06-27,1,607.93,3.7,1,0,4.8
O03976,C1832,V075,P0142,2025-07-18,3,886.8,2.9,1,0,3.9
O03977,C0100,V045,P0061,2025-11-03,1,298.9,2.6,0,0,4.2
O03978,C0137,V017,P0769,2025-09-18,3,1558.68,4.7,0,0,4.2
O03979,C1470,V008,P0464,2025-03-22,1,488.04,4.4,0,0,4.6
O03980,C0382,V006,P0577,2025-03-30,4,3085.65,7.2,0,0,4.1
O03981,C1570,V015,P0876,2025-01-10,2,2425.05,2.2,0,0,4.6
O03982,C2427,V019,P0275,2025-11-23,2,511.53,1.9,1,0,4.1
O03983,C1325,V006,P0019,2025-02-11,2,869.18,5.1,0,1,3.0
O03984,C2253,V014,P0850,2025-01-27,1,621.38,1.9,1,0,4.3
O03985,C1595,V039,P0848,2025-06-14,1,332.08,5.2,0,0,4.6
O03986,C1231,V085,P0052,2025-03-25,1,529.3,5.2,0,0,3.4
O03987,C0605,V034,P0214,2025-05-17,3,3064.31,4.5,0,0,3.8
O03988,C0861,V076,P0602,2025-04-07,2,2934.33,2.2,0,0,4.8
O03989,C0228,V032,P0571,2025-03-29,1,362.62,5.5,0,0,4.3
O03990,C0978,V056,P0947,2025-09-08,3,2594.78,3.3,0,0,4.5
O03991,C0396,V076,P0104,2025-10-06,2,1336.69,3.3,0,0,5.0
O03992,C0262,V091,P0627,2025-04-08,6,5906.89,3.1,1,0,3.6
O03993,C2211,V092,P0436,2025-10-12,1,1019.07,5.5,0,0,4.4
O03994,C1305,V016,P0085,2025-12-25,1,938.21,5.8,0,0,4.3
O03995,C0233,V063,P0992,2025-08-03,3,1236.82,3.6,0,1,4.0
O03996,C1761,V021,P0784,2025-06-23,3,1522.76,4.5,0,0,3.8
O03997,C0307,V081,P0861,2025-07-30,1,442.56,3.1,0,0,4.4
O03998,C1094,V010,P0658,2025-03-24,2,1314.54,6.9,0,0,4.5
O03999,C0964,V073,P0284,2025-09-01,1,475.99,5.5,1,0,5.0
O04000,C0323,V022,P0125,2025-08-04,6,5410.92,5.7,0,0,4.1
O04001,C0223,V037,P0785,2025-08-23,1,337.86,4.0,0,0,4.1
O04002,C0042,V006,P0087,2025-05-11,1,571.27,7.0,0,0,3.7
O04003,C1446,V083,P0460,2025-10-23,2,3015.7,3.2,0,0,3.8
O04004,C1877,V093,P0599,2025-03-26,3,2733.88,4.5,0,0,3.7
O04005,C0760,V027,P0261,2025-04-07,3,1227.05,2.3,0,0,3.6
O04006,C2077,V080,P0298,2025-09-15,4,5384.51,4.7,0,0,4.7
O04007,C1086,V043,P0657,2025-08-29,2,1421.18,6.9,0,1,4.1
O04008,C0685,V009,P0816,2025-06-28,5,2556.45,4.1,0,0,3.9
O04009,C1677,V018,P0993,2025-02-25,1,835.5,6.6,0,0,3.5
O04010,C1214,V073,P0767,2025-09-24,6,3531.95,6.9,1,0,4.4
O04011,C1608,V042,P0081,2025-04-29,3,892.87,4.4,0,0,3.9
O04012,C0393,V002,P0843,2025-11-23,3,2911.31,7.1,0,1,3.9
O04013,C0245,V031,P0223,2025-05-22,2,1284.73,3.1,0,0,4.0
O04014,C0612,V003,P0023,2025-07-14,1,1215.63,4.1,0,0,3.9
O04015,C2226,V063,P0636,2025-10-16,4,1380.65,3.9,0,0,4.0
O04016,C0696,V023,P0902,2025-09-27,2,1682.49,2.1,0,0,4.5
O04017,C0786,V048,P0255,2025-05-31,1,1036.22,5.5,0,0,4.2
O04018,C0677,V025,P0957,2025-03-03,5,3333.31,3.7,0,0,4.6
O04019,C1185,V074,P0690,2025-08-28,1,1320.13,2.8,0,0,4.8
O04020,C0732,V095,P0340,2025-12-13,4,6304.64,6.5,0,1,4.1
O04021,C2324,V023,P0433,2025-11-16,3,996.47,1.8,0,0,5.0
O04022,C2320,V062,P0037,2025-03-14,3,510.53,5.3,0,0,3.7
O04023,C0032,V029,P0111,2025-12-26,1,1329.83,4.6,0,0,3.7
O04024,C1797,V091,P0314,2025-11-16,3,2347.65,4.5,1,0,2.8
O04025,C0865,V074,P0139,2025-02-28,2,1171.97,2.3,0,0,5.0
O04026,C2250,V082,P0488,2025-10-01,5,2294.87,5.4,0,0,4.8
O04027,C1633,V093,P0946,2025-05-27,2,1192.69,3.0,1,0,3.2
O04028,C1478,V054,P0506,2025-10-12,6,4180.42,2.9,0,0,4.9
O04029,C2318,V001,P0829,2025-07-07,3,1076.37,4.5,0,0,4.6
O04030,C0493,V046,P0505,2025-10-16,1,302.89,3.0,0,0,3.4
O04031,C1640,V087,P0580,2025-10-04,1,363.84,5.2,0,0,4.1
O04032,C2357,V088,P0312,2025-03-30,4,2646.63,5.0,0,0,4.4
O04033,C0222,V022,P0945,2025-03-25,4,3803.32,3.1,1,0,3.9
O04034,C0243,V023,P0433,2025-02-21,3,1010.07,4.4,0,0,4.8
O04035,C0163,V019,P0447,2025-09-03,6,2396.42,4.7,0,0,4.0
O04036,C0378,V081,P0755,2025-10-31,4,4126.69,2.3,0,0,3.6
O04037,C0496,V020,P0696,2025-05-04,1,603.34,4.5,0,0,4.2
O04038,C2486,V087,P0335,2025-05-11,1,547.18,5.9,0,0,3.6
O04039,C1599,V092,P0980,2025-12-24,3,1842.43,4.6,0,0,4.5
O04040,C1015,V019,P0508,2025-06-30,4,1141.32,1.7,0,0,5.0
O04041,C1004,V096,P0556,2025-08-19,5,1837.59,5.5,0,0,3.4
O04042,C1243,V046,P0594,2025-05-24,1,388.32,1.0,0,0,3.2
O04043,C2256,V006,P0136,2025-05-29,2,745.93,5.5,0,0,3.7
O04044,C0527,V075,P0059,2025-05-24,2,1544.88,4.2,1,0,4.4
O04045,C2414,V100,P0176,2025-08-26,2,1398.27,3.4,0,0,4.7
O04046,C1678,V077,P0881,2025-03-09,1,311.27,5.3,0,0,4.2
O04047,C2221,V082,P0242,2025-04-02,2,1010.26,2.6,0,0,4.3
O04048,C1040,V014,P0850,2025-09-24,1,663.78,4.5,0,0,4.7
O04049,C1511,V018,P0325,2025-06-20,1,756.9,5.0,0,0,4.5
O04050,C1413,V009,P0075,2025-01-29,1,513.74,3.8,0,0,4.2
O04051,C1475,V065,P0966,2025-07-06,3,2772.92,4.8,1,0,3.9
O04052,C2378,V018,P0760,2025-02-08,5,3575.04,6.2,0,0,3.7
O04053,C1166,V099,P0787,2025-10-16,3,3085.7,5.0,0,0,4.4
O04054,C1934,V100,P0390,2025-12-05,2,2417.07,3.4,0,0,4.2
O04055,C0141,V100,P0449,2025-12-08,3,861.94,4.8,0,0,4.6
O04056,C1261,V041,P0014,2025-01-06,2,1203.34,3.5,0,0,4.0
O04057,C0008,V039,P0455,2025-12-17,5,4488.62,4.3,0,0,3.9
O04058,C1764,V058,P0267,2025-04-02,1,480.95,3.8,0,0,5.0
O04059,C1654,V048,P0430,2025-10-21,4,1864.42,4.4,1,0,3.9
O04060,C2491,V052,P0231,2025-02-10,2,1248.12,3.3,0,0,4.5
O04061,C2050,V016,P0167,2025-05-16,2,759.37,4.4,0,0,4.7
O04062,C0517,V043,P0910,2025-05-01,1,436.17,6.5,0,0,4.3
O04063,C0345,V020,P0470,2025-12-08,1,692.19,5.6,0,0,3.6
O04064,C0875,V100,P0596,2025-10-02,6,2715.8,5.2,0,0,3.8
O04065,C2095,V036,P0334,2025-09-05,3,904.76,5.0,0,0,4.4
O04066,C1576,V051,P0786,2025-09-12,2,1084.11,6.1,0,0,4.0
O04067,C0983,V057,P0531,2025-08-23,1,269.6,2.8,0,0,3.8
O04068,C1774,V025,P0788,2025-07-29,8,5647.72,1.9,0,0,4.4
O04069,C1122,V031,P0814,2025-05-25,1,409.17,2.5,0,0,4.7
O04070,C0968,V065,P0416,2025-02-25,1,1088.82,4.2,0,0,4.6
O04071,C2009,V045,P0198,2025-09-07,2,1831.33,3.6,0,0,4.7
O04072,C0839,V052,P0399,2025-10-24,5,2425.27,6.8,0,0,4.2
O04073,C2450,V065,P0507,2025-07-31,3,1369.59,2.8,0,0,4.6
O04074,C1411,V056,P0864,2025-10-26,4,2509.74,3.1,0,1,4.3
O04075,C2217,V091,P0642,2025-09-04,3,2396.73,4.4,0,0,3.9
O04076,C0640,V013,P0143,2025-08-28,3,1836.22,3.1,1,0,4.5
O04077,C1967,V086,P0055,2025-02-11,6,2798.41,6.2,0,0,3.7
O04078,C2472,V063,P0930,2025-04-27,1,1335.88,2.6,0,0,4.4
O04079,C2139,V039,P0060,2025-03-01,2,2031.02,4.5,0,0,4.4
O04080,C2083,V047,P0245,2025-08-20,3,1491.54,3.5,0,0,4.1
O04081,C1793,V026,P0837,2025-10-04,1,540.12,4.0,0,0,3.6
O04082,C0034,V082,P0265,2025-03-28,6,2904.36,2.7,0,0,5.0
O04083,C1115,V023,P0828,2025-12-05,5,1741.66,3.7,0,0,4.0
O04084,C1072,V007,P0485,2025-12-28,5,2469.25,3.2,0,0,3.7
O04085,C1604,V074,P0890,2025-11-12,6,1507.47,4.0,0,0,4.2
O04086,C1769,V029,P0225,2025-10-29,1,512.39,2.9,0,0,4.1
O04087,C0999,V092,P0126,2025-10-27,1,346.79,4.9,0,0,3.7
O04088,C0041,V093,P0599,2025-04-22,1,818.16,5.1,0,0,3.4
O04089,C1971,V041,P0091,2025-11-08,3,1241.94,4.7,1,0,4.6
O04090,C0944,V037,P0674,2025-05-25,4,5631.77,2.7,0,0,5.0
O04091,C0433,V096,P0737,2025-01-24,5,3572.79,5.9,0,0,4.5
O04092,C1180,V056,P0646,2025-07-14,4,1228.79,2.8,0,0,4.6
O04093,C1158,V034,P0520,2025-06-11,2,363.72,3.8,0,0,3.7
O04094,C0387,V022,P0908,2025-04-25,2,2474.81,4.0,0,0,3.7
O04095,C1303,V029,P0058,2025-02-26,2,611.08,3.9,0,0,3.7
O04096,C0183,V076,P0419,2025-06-24,3,1726.59,3.5,0,0,4.8
O04097,C1765,V091,P0239,2025-09-10,6,3047.03,5.4,1,0,3.8
O04098,C1407,V083,P0893,2025-04-11,2,894.83,5.2,0,0,4.3
O04099,C1457,V092,P0628,2025-07-08,1,506.06,5.7,0,0,4.2
O04100,C0546,V090,P0048,2025-03-03,2,711.32,5.6,0,0,2.8
O04101,C2042,V001,P0829,2025-04-29,4,1341.25,4.6,0,0,3.7
O04102,C0629,V003,P0032,2025-01-07,2,1198.76,4.3,0,0,4.0
O04103,C0723,V023,P0764,2025-08-18,6,3645.44,5.1,0,0,3.9
O04104,C1083,V014,P0519,2025-01-18,4,1274.33,1.3,1,0,4.2
O04105,C0433,V100,P0382,2025-09-11,3,742.44,1.8,0,0,3.8
O04106,C1728,V057,P0531,2025-03-28,4,1158.36,5.5,0,0,4.0
O04107,C2433,V026,P0979,2025-12-17,1,808.77,5.2,0,0,4.3
O04108,C0520,V006,P0352,2025-01-27,1,703.76,4.3,0,0,3.2
O04109,C0692,V081,P0854,2025-01-14,4,1832.76,4.5,0,0,4.2
O04110,C1540,V023,P0273,2025-04-11,3,5186.46,4.8,0,0,4.7
O04111,C0706,V080,P0660,2025-03-03,1,1148.36,3.6,0,0,4.2
O04112,C0567,V087,P0648,2025-12-05,1,826.13,7.1,0,0,4.1
O04113,C0633,V002,P0762,2025-06-10,2,506.13,4.7,0,0,3.2
O04114,C0899,V003,P0023,2025-12-07,4,4638.25,2.9,0,0,4.2
O04115,C2116,V021,P0887,2025-08-11,4,1503.41,5.0,0,0,4.0
O04116,C1852,V060,P0043,2025-05-14,3,973.1,5.5,0,0,4.2
O04117,C2076,V041,P0386,2025-03-31,1,548.02,2.4,0,0,4.0
O04118,C0705,V034,P0068,2025-04-28,3,1250.03,2.6,1,0,4.7
O04119,C1312,V075,P0362,2025-05-21,4,3334.14,2.8,0,0,4.8
O04120,C0883,V017,P0772,2025-07-28,1,412.43,4.5,0,0,4.2
O04121,C1731,V038,P0845,2025-10-11,1,624.19,5.8,0,0,4.8
O04122,C0721,V089,P0898,2025-01-01,4,3995.26,4.6,0,0,3.8
O04123,C0401,V070,P0141,2025-04-07,4,2555.21,3.7,0,0,4.9
O04124,C0392,V034,P0798,2025-01-21,3,1862.07,6.0,0,0,4.5
O04125,C0959,V090,P0919,2025-06-22,1,962.16,4.2,0,0,3.0
O04126,C1186,V090,P0331,2025-05-16,6,6591.81,4.1,0,0,4.5
O04127,C0882,V066,P0432,2025-05-22,1,498.03,4.0,0,0,3.8
O04128,C1796,V076,P0360,2025-10-05,2,389.05,3.0,0,0,4.3
O04129,C0735,V094,P0998,2025-05-15,2,850.7,2.5,0,0,5.0
O04130,C1359,V046,P0739,2025-11-01,3,931.56,2.7,0,0,3.6
O04131,C0899,V021,P0887,2025-11-09,1,309.97,4.5,0,0,3.4
O04132,C0212,V044,P0796,2025-06-19,3,2046.05,3.4,0,0,4.6
O04133,C0568,V054,P0308,2025-02-18,3,795.55,2.4,0,0,4.6
O04134,C0147,V071,P0121,2025-10-13,1,351.97,3.9,0,0,3.9
O04135,C0836,V045,P0770,2025-10-01,2,1904.65,2.8,0,0,5.0
O04136,C2205,V041,P0306,2025-12-18,3,569.73,4.1,0,0,3.4
O04137,C1825,V046,P0200,2025-07-21,2,711.88,3.0,1,0,3.2
O04138,C1330,V031,P0458,2025-11-25,5,3437.35,1.7,1,0,4.7
O04139,C2093,V065,P0637,2025-05-11,1,407.87,4.9,0,0,4.5
O04140,C0534,V025,P0712,2025-12-10,1,247.38,4.0,0,0,4.2
O04141,C0514,V025,P0807,2025-08-13,2,1403.98,3.5,0,0,4.6
O04142,C1390,V073,P0617,2025-07-12,1,546.65,4.8,0,1,4.0
O04143,C0662,V009,P0568,2025-05-31,3,1884.43,4.5,0,0,4.2
O04144,C0825,V015,P0970,2025-11-23,3,519.33,4.7,0,1,4.6
O04145,C0079,V016,P0666,2025-06-23,2,1857.97,4.6,0,0,4.2
O04146,C1635,V045,P0821,2025-02-12,3,2154.19,4.2,0,0,3.7
O04147,C2043,V033,P0832,2025-02-05,3,1890.07,6.4,0,0,4.1
O04148,C1976,V043,P0630,2025-02-03,1,1005.48,5.5,0,0,4.5
O04149,C1494,V082,P0265,2025-02-16,2,963.52,3.5,0,0,4.8
O04150,C2221,V100,P0010,2025-08-16,1,1139.22,2.6,1,0,4.7
O04151,C0949,V030,P0170,2025-09-20,4,6807.24,4.7,0,0,4.0
O04152,C0217,V026,P0106,2025-08-26,4,1378.53,5.9,1,0,4.2
O04153,C0166,V069,P0917,2025-09-13,3,3214.46,2.0,0,0,5.0
O04154,C0811,V058,P0963,2025-03-07,4,1675.85,4.6,0,0,4.2
O04155,C1483,V035,P0574,2025-05-20,4,1340.69,6.1,0,0,4.3
O04156,C2227,V049,P0836,2025-10-23,3,2133.37,3.7,0,0,3.2
O04157,C1100,V018,P0993,2025-05-18,2,1752.3,6.3,0,0,3.2
O04158,C0023,V026,P0476,2025-07-22,4,851.71,4.9,0,0,3.8
O04159,C0556,V046,P0664,2025-10-17,1,894.33,3.0,0,0,3.9
O04160,C2459,V026,P0979,2025-02-16,4,3352.05,4.4,0,0,3.6
O04161,C1677,V091,P0799,2025-11-30,1,379.46,2.6,0,0,3.6
O04162,C0714,V077,P0062,2025-08-03,4,1294.83,3.4,0,0,4.1
O04163,C2413,V038,P0295,2025-04-20,2,2359.39,2.9,0,0,4.7
O04164,C2105,V025,P0563,2025-12-27,2,1220.94,5.2,0,0,4.6
O04165,C1761,V020,P0733,2025-03-02,1,283.44,5.3,0,0,3.7
O04166,C1658,V004,P0940,2025-12-28,4,2963.56,3.3,0,0,4.4
O04167,C2422,V042,P0081,2025-01-10,1,329.01,5.2,0,0,3.6
O04168,C0133,V073,P0284,2025-02-09,3,1278.43,6.4,0,1,4.2
O04169,C0748,V100,P0382,2025-08-02,1,350.42,3.5,0,0,4.3
O04170,C1425,V084,P0278,2025-02-10,2,737.87,4.2,0,0,3.3
O04171,C2053,V037,P0681,2025-12-20,1,437.32,4.0,0,0,3.7
O04172,C2170,V092,P0436,2025-05-28,1,830.84,6.1,0,0,4.3
O04173,C1538,V027,P0233,2025-06-06,2,1210.85,4.0,1,0,3.6
O04174,C0441,V017,P0625,2025-08-21,2,1415.82,3.4,0,0,4.5
O04175,C0753,V099,P0070,2025-01-15,2,700.24,6.0,0,0,4.6
O04176,C1430,V085,P0915,2025-01-28,1,214.43,6.3,0,0,3.6
O04177,C1932,V083,P0893,2025-06-13,2,798.73,6.6,0,0,3.1
O04178,C0052,V100,P0869,2025-03-19,3,799.82,4.6,0,0,3.8
O04179,C0360,V089,P0415,2025-07-13,1,972.46,3.1,0,0,4.2
O04180,C1245,V082,P0336,2025-02-19,1,609.04,4.0,0,0,4.3
O04181,C1319,V070,P0251,2025-08-01,1,869.61,5.9,0,1,3.8
O04182,C0242,V038,P0478,2025-07-10,2,815.85,2.9,0,0,4.2
O04183,C0698,V065,P0590,2025-02-27,1,1591.78,3.1,0,0,3.3
O04184,C1963,V095,P0999,2025-09-15,3,1253.3,6.1,0,0,3.9
O04185,C1233,V017,P0403,2025-10-21,1,764.97,5.0,0,0,2.5
O04186,C2323,V050,P0743,2025-05-04,4,1506.18,5.0,1,0,4.5
O04187,C1275,V094,P0046,2025-09-17,1,368.33,2.3,0,0,4.9
O04188,C2096,V023,P0082,2025-09-25,1,738.02,4.7,0,1,4.3
O04189,C0638,V092,P0436,2025-02-05,2,1832.08,5.9,0,0,3.9
O04190,C0405,V025,P0034,2025-10-30,3,952.45,3.0,0,1,4.5
O04191,C1855,V044,P0030,2025-05-27,4,2241.44,3.9,0,0,3.6
O04192,C2060,V021,P0784,2025-09-11,1,501.28,4.5,0,0,4.3
O04193,C0603,V024,P0952,2025-03-25,3,1667.99,4.1,0,0,3.9
O04194,C0132,V091,P0642,2025-08-27,3,1716.6,4.8,0,0,3.2
O04195,C1108,V003,P0288,2025-07-05,2,1311.84,2.8,0,0,3.9
O04196,C1319,V027,P0925,2025-07-19,1,1385.38,2.6,0,0,3.6
O04197,C0217,V034,P0520,2025-10-22,2,327.93,4.7,0,0,3.7
O04198,C0682,V032,P0494,2025-06-27,1,643.28,4.8,0,0,4.7
O04199,C1483,V078,P0685,2025-12-11,2,539.16,4.1,0,0,4.4
O04200,C0899,V046,P0664,2025-03-12,1,911.1,1.0,0,0,3.5
O04201,C0378,V091,P0475,2025-09-22,6,5151.1,3.3,0,0,3.1
O04202,C2472,V073,P0767,2025-10-03,1,495.0,5.6,0,0,3.7
O04203,C1705,V068,P0039,2025-03-08,1,387.89,4.4,0,0,3.9
O04204,C2007,V069,P0381,2025-04-07,4,1182.86,5.4,0,0,4.2
O04205,C1978,V096,P0174,2025-06-21,5,1466.06,4.5,0,0,4.1
O04206,C1689,V099,P0070,2025-08-22,1,293.3,5.9,0,0,4.4
O04207,C0148,V099,P0230,2025-02-17,1,455.47,4.5,0,0,3.6
O04208,C0468,V035,P0574,2025-03-27,2,709.73,4.4,0,0,4.3
O04209,C0229,V050,P0703,2025-05-14,3,2924.92,3.4,0,0,4.5
O04210,C1765,V047,P0245,2025-07-14,1,407.34,5.3,0,0,4.0
O04211,C1491,V006,P0352,2025-11-17,3,2033.64,5.0,0,0,4.1
O04212,C1025,V080,P0883,2025-04-17,3,1525.94,4.5,0,0,4.1
O04213,C0422,V014,P0421,2025-02-01,2,1468.43,2.8,0,0,3.4
O04214,C0073,V058,P0634,2025-05-30,2,1384.07,2.7,0,0,4.2
O04215,C0497,V050,P0743,2025-05-14,4,1547.22,5.1,0,0,4.7
O04216,C2441,V013,P0093,2025-08-11,2,1343.04,6.1,0,0,4.8
O04217,C0646,V057,P0418,2025-08-25,4,2731.78,2.5,0,0,4.3
O04218,C2310,V026,P0272,2025-03-24,3,1831.16,6.1,0,0,4.4
O04219,C1295,V024,P0723,2025-06-21,1,258.1,3.9,0,0,4.1
O04220,C0262,V056,P0504,2025-07-20,2,439.81,3.6,0,0,4.5
O04221,C2047,V020,P0470,2025-01-06,5,3900.52,4.5,0,1,3.5
O04222,C1920,V039,P0175,2025-01-15,4,2301.25,4.2,0,0,4.0
O04223,C0825,V096,P0721,2025-06-03,3,6244.35,3.8,1,0,3.8
O04224,C1211,V074,P0096,2025-03-07,1,526.76,2.7,0,0,4.4
O04225,C0757,V010,P0497,2025-10-22,2,754.49,6.3,0,0,5.0
O04226,C1039,V023,P0764,2025-07-25,2,956.31,4.4,0,0,4.1
O04227,C0009,V024,P0817,2025-12-13,2,566.48,7.0,1,0,4.4
O04228,C0212,V056,P0947,2025-04-18,2,1677.61,4.8,0,0,4.7
O04229,C1993,V045,P0821,2025-11-16,3,2369.68,3.5,0,0,3.8
O04230,C1482,V070,P0440,2025-09-08,2,2055.14,4.2,0,0,3.8
O04231,C1399,V026,P0133,2025-04-09,4,1584.42,4.9,0,0,3.7
O04232,C1709,V005,P0511,2025-09-05,3,968.52,4.3,0,0,4.6
O04233,C1631,V045,P0960,2025-02-03,1,696.9,3.3,0,0,5.0
O04234,C0104,V029,P0778,2025-02-22,2,793.96,3.9,0,0,3.8
O04235,C0432,V077,P0250,2025-06-21,2,1375.69,3.9,0,0,3.9
O04236,C2235,V037,P0234,2025-09-20,2,1057.02,2.0,0,0,4.1
O04237,C0799,V086,P0535,2025-10-26,7,5713.64,2.5,0,0,3.9
O04238,C1158,V021,P0909,2025-07-01,2,1826.99,6.4,0,0,3.8
O04239,C0256,V013,P0537,2025-02-04,2,668.06,5.0,0,0,4.5
O04240,C1657,V040,P0754,2025-08-04,2,587.61,2.7,0,0,4.0
O04241,C1991,V013,P0612,2025-10-11,2,1275.24,4.2,0,1,4.5
O04242,C2250,V014,P0421,2025-10-15,1,882.24,2.6,0,0,3.2
O04243,C0887,V086,P0055,2025-09-27,1,463.17,3.6,1,0,3.9
O04244,C0756,V038,P0668,2025-04-04,3,1025.44,4.1,0,0,4.5
O04245,C2013,V016,P0193,2025-04-02,2,1880.29,7.0,0,0,4.0
O04246,C1255,V051,P0349,2025-02-22,2,1381.11,4.8,1,0,4.9
O04247,C1771,V040,P0510,2025-07-04,2,917.19,3.9,0,0,4.7
O04248,C1938,V001,P0829,2025-04-19,2,702.16,4.5,0,0,4.7
O04249,C1381,V051,P0786,2025-08-13,4,2498.77,3.1,0,0,4.1
O04250,C1515,V047,P0429,2025-05-18,2,809.53,3.8,0,0,3.5
O04251,C2003,V069,P0316,2025-03-31,1,1105.93,4.4,0,0,4.4
O04252,C1810,V004,P0319,2025-09-26,1,358.48,3.8,0,0,4.5
O04253,C1179,V066,P0538,2025-10-26,7,8158.25,3.5,0,0,4.9
O04254,C1524,V041,P0040,2025-09-14,2,1274.67,2.7,1,0,3.0
O04255,C0005,V020,P0827,2025-02-21,2,813.15,5.0,0,0,3.9
O04256,C0924,V082,P0336,2025-05-05,5,2934.37,4.2,0,0,4.1
O04257,C1184,V031,P0413,2025-07-08,4,1487.2,1.7,0,0,4.9
O04258,C0774,V084,P0570,2025-03-29,3,1540.03,7.9,0,0,4.1
O04259,C1218,V054,P0274,2025-07-21,3,1885.29,4.3,0,0,3.8
O04260,C0530,V057,P0588,2025-05-16,3,1046.41,1.6,1,0,4.1
O04261,C1138,V021,P0819,2025-08-20,4,1434.18,4.6,0,0,4.3
O04262,C1557,V085,P0731,2025-10-31,1,288.23,3.8,0,0,4.2
O04263,C0897,V083,P0460,2025-06-03,2,2841.43,3.9,0,0,4.1
O04264,C0379,V023,P0273,2025-03-22,1,1214.94,3.2,0,0,3.5
O04265,C1618,V063,P0072,2025-05-04,5,4372.77,3.2,0,1,4.0
O04266,C0664,V072,P0377,2025-05-22,4,1565.73,5.3,0,0,4.5
O04267,C0761,V066,P0172,2025-12-15,2,1389.95,3.1,0,0,4.2
O04268,C1578,V027,P0877,2025-07-21,3,740.73,2.2,0,0,3.2
O04269,C1341,V096,P0266,2025-03-03,5,2901.71,7.4,0,0,4.5
O04270,C1655,V043,P0700,2025-08-14,1,716.97,5.9,0,0,4.3
O04271,C0539,V035,P0982,2025-06-30,1,476.18,4.1,0,0,4.0
O04272,C2238,V079,P0773,2025-01-31,3,1094.0,1.8,0,0,4.7
O04273,C0411,V069,P0550,2025-05-02,2,1148.46,4.4,0,0,4.5
O04274,C0709,V100,P0939,2025-09-10,1,350.06,1.9,0,0,3.9
O04275,C2074,V087,P0335,2025-05-10,2,1084.46,5.5,0,0,4.0
O04276,C1235,V072,P0994,2025-11-27,4,2133.95,5.7,0,1,4.1
O04277,C0318,V003,P0895,2025-10-08,5,1253.15,3.9,0,0,4.5
O04278,C0853,V003,P0023,2025-09-03,4,4018.63,4.3,0,0,4.7
O04279,C1607,V084,P0570,2025-06-13,1,711.11,6.9,0,0,3.4
O04280,C1022,V079,P0688,2025-06-03,4,4579.5,3.4,0,0,4.1
O04281,C1898,V050,P0989,2025-11-04,2,1127.97,3.2,1,0,4.4
O04282,C0633,V051,P0639,2025-08-24,1,508.85,4.2,1,0,4.6
O04283,C1140,V095,P0120,2025-09-17,1,530.34,4.6,0,1,4.3
O04284,C0350,V082,P0242,2025-06-24,3,1636.22,5.2,0,1,5.0
O04285,C1506,V070,P0251,2025-12-31,1,767.33,3.1,0,0,3.2
O04286,C0436,V036,P0540,2025-07-28,1,561.47,4.0,1,0,4.1
O04287,C1109,V031,P0742,2025-06-26,1,617.74,3.7,0,0,4.6
O04288,C1414,V041,P0014,2025-12-09,3,1783.65,2.6,0,0,3.2
O04289,C0637,V076,P0776,2025-07-18,4,3355.75,3.0,0,0,4.4
O04290,C1300,V086,P0055,2025-08-28,3,1458.44,3.1,0,0,3.7
O04291,C0192,V070,P0260,2025-09-22,3,1698.44,6.4,0,0,3.5
O04292,C0109,V013,P0007,2025-05-12,1,202.67,3.4,1,0,4.8
O04293,C1781,V031,P0424,2025-09-19,2,1236.59,6.4,0,0,4.0
O04294,C1345,V059,P0969,2025-04-19,4,1854.03,5.1,0,0,4.3
O04295,C2333,V060,P0975,2025-01-20,1,387.79,2.8,0,0,4.7
O04296,C2312,V041,P0404,2025-11-15,4,2892.09,3.0,0,0,4.0
O04297,C2355,V041,P0951,2025-02-28,4,3493.79,1.9,0,0,3.6
O04298,C0174,V055,P0555,2025-05-11,3,1614.22,2.1,0,1,4.4
O04299,C0013,V057,P0351,2025-12-18,1,660.05,4.0,0,0,3.3
O04300,C1208,V053,P0307,2025-05-20,3,1264.54,5.4,0,0,4.1
O04301,C1691,V051,P0607,2025-04-16,4,1739.78,3.2,0,0,4.8
O04302,C1458,V017,P0089,2025-02-27,2,1495.69,2.7,0,0,3.4
O04303,C1156,V019,P0187,2025-11-30,1,411.86,4.8,0,0,3.7
O04304,C0912,V075,P0131,2025-04-13,1,673.41,4.6,0,0,4.4
O04305,C0771,V014,P0897,2025-06-02,3,3221.12,1.0,0,0,4.5
O04306,C1545,V068,P0042,2025-02-18,3,2327.17,2.6,0,0,4.0
O04307,C1480,V080,P0866,2025-03-11,1,360.97,2.2,0,0,4.0
O04308,C0437,V005,P0105,2025-11-15,4,1363.6,5.1,0,1,4.7
O04309,C1357,V041,P0605,2025-02-19,3,1283.27,2.7,1,0,3.7
O04310,C1036,V006,P0676,2025-03-12,1,493.25,6.8,0,0,2.9
O04311,C1965,V056,P0646,2025-03-05,4,1328.71,3.6,0,0,4.3
O04312,C2015,V062,P0834,2025-05-14,5,1701.83,6.0,0,0,4.5
O04313,C0487,V061,P0624,2025-03-12,1,560.9,5.1,0,0,4.1
O04314,C0272,V071,P0280,2025-10-11,1,1048.4,3.4,0,0,4.0
O04315,C2233,V068,P0197,2025-03-07,1,999.73,1.8,0,0,3.9
O04316,C0447,V041,P0530,2025-05-29,2,1226.68,2.8,0,0,3.8
O04317,C1736,V034,P0981,2025-02-25,3,1212.86,3.7,0,1,4.2
O04318,C0896,V089,P0512,2025-08-12,1,468.76,3.2,1,0,4.5
O04319,C2306,V053,P0753,2025-08-30,3,1549.81,6.3,0,0,3.5
O04320,C1978,V049,P0836,2025-02-11,1,635.56,2.7,0,0,3.7
O04321,C1814,V036,P0372,2025-06-30,6,6793.0,1.9,0,0,4.4
O04322,C1947,V086,P0752,2025-11-30,1,606.64,3.5,0,0,4.1
O04323,C1569,V017,P0811,2025-05-24,2,2129.81,2.3,0,0,4.5
O04324,C2055,V048,P0521,2025-07-16,7,2127.6,5.4,0,0,4.9
O04325,C0917,V100,P0820,2025-04-30,2,2252.49,4.7,0,0,4.5
O04326,C1236,V054,P0274,2025-07-05,1,607.14,4.7,0,0,4.2
O04327,C2311,V025,P0712,2025-08-02,1,204.96,1.6,1,0,4.6
O04328,C0443,V075,P0684,2025-02-08,2,845.61,2.3,0,0,3.9
O04329,C1130,V093,P0955,2025-11-07,2,1636.68,3.5,0,0,4.0
O04330,C0880,V057,P0588,2025-06-27,3,1064.07,3.8,0,0,4.3
O04331,C0613,V020,P0470,2025-07-12,4,3224.31,5.1,0,0,3.7
O04332,C2374,V081,P0854,2025-06-09,1,454.67,5.2,0,0,5.0
O04333,C1588,V086,P0672,2025-07-24,1,919.84,5.1,0,0,4.2
O04334,C0813,V006,P0087,2025-05-19,4,2316.4,6.4,0,0,3.9
O04335,C0770,V002,P0783,2025-07-06,1,476.15,4.6,0,0,3.8
O04336,C1314,V015,P0149,2025-05-12,1,657.56,3.4,0,1,3.5
O04337,C1760,V006,P0180,2025-09-13,4,1172.54,5.4,0,0,3.6
O04338,C1524,V088,P0192,2025-03-15,2,1468.9,5.4,0,0,4.9
O04339,C1241,V041,P0585,2025-08-07,5,4096.35,2.9,0,0,3.6
O04340,C1114,V096,P0388,2025-09-02,1,743.03,4.4,0,0,4.1
O04341,C1109,V027,P0261,2025-10-18,1,400.69,5.3,0,0,3.4
O04342,C0308,V062,P0727,2025-08-14,2,1179.3,3.1,0,0,4.1
O04343,C0829,V078,P0086,2025-08-14,2,1249.59,2.6,0,0,3.4
O04344,C2322,V048,P0109,2025-11-16,2,1144.69,6.2,0,0,4.5
O04345,C0404,V039,P0179,2025-01-16,1,735.01,4.4,1,0,4.0
O04346,C0396,V046,P0438,2025-04-05,1,805.32,1.8,0,0,3.4
O04347,C0530,V040,P0913,2025-09-25,1,344.72,1.4,0,0,4.5
O04348,C1744,V025,P0034,2025-09-14,5,1417.58,4.7,0,0,4.4
O04349,C2405,V040,P0510,2025-12-22,1,482.39,2.3,0,0,4.5
O04350,C0416,V043,P0657,2025-11-28,5,3092.95,5.9,1,0,4.0
O04351,C0227,V037,P0234,2025-06-12,3,1416.47,3.6,0,0,4.5
O04352,C2227,V013,P0559,2025-08-08,2,1724.51,5.6,0,0,4.3
O04353,C1512,V014,P0694,2025-09-05,3,1621.02,2.7,1,0,4.3
O04354,C2454,V038,P0100,2025-10-25,1,343.79,5.4,0,0,4.2
O04355,C2052,V079,P0794,2025-06-09,3,1632.97,1.9,0,0,4.1
O04356,C0884,V056,P0646,2025-07-05,4,1086.47,3.1,0,0,3.6
O04357,C0693,V020,P0470,2025-09-19,3,2292.62,4.4,0,0,4.1
O04358,C2316,V046,P0664,2025-08-30,3,3392.17,2.5,0,0,3.6
O04359,C0156,V051,P0496,2025-02-03,1,592.52,2.7,0,0,4.8
O04360,C0582,V072,P0994,2025-04-28,5,2863.94,4.2,0,0,3.9
O04361,C2298,V077,P0305,2025-07-08,4,2806.13,3.5,0,0,3.5
O04362,C2224,V080,P0026,2025-10-14,1,521.5,3.5,0,0,3.8
O04363,C0423,V084,P0220,2025-01-12,4,3617.97,4.7,0,0,3.3
O04364,C1014,V049,P0835,2025-10-06,1,431.36,4.7,0,0,4.2
O04365,C1726,V022,P0908,2025-02-14,3,3772.41,3.4,0,1,4.3
O04366,C1555,V064,P0107,2025-05-06,2,1344.62,3.6,1,0,3.8
O04367,C2102,V011,P0439,2025-08-02,2,1431.48,4.2,0,0,4.3
O04368,C1762,V026,P0476,2025-12-27,4,947.38,3.1,0,0,4.2
O04369,C1244,V077,P0062,2025-09-06,2,661.63,6.8,0,0,3.4
O04370,C0505,V005,P0789,2025-11-05,1,546.47,4.3,0,1,3.8
O04371,C1166,V047,P0243,2025-03-04,1,340.89,5.0,0,0,3.6
O04372,C1874,V088,P0112,2025-12-28,4,1750.41,2.1,0,0,4.2
O04373,C1829,V077,P0153,2025-02-05,1,480.92,5.9,0,0,3.7
O04374,C1817,V017,P0403,2025-02-01,1,631.26,1.3,0,0,3.0
O04375,C0864,V050,P0882,2025-03-08,2,1655.63,4.3,1,0,5.0
O04376,C0657,V004,P0459,2025-05-05,2,1929.16,2.0,0,0,3.8
O04377,C0040,V075,P0131,2025-07-12,2,1220.57,2.9,0,0,4.4
O04378,C1090,V006,P0180,2025-10-06,2,611.79,5.4,0,0,3.8
O04379,C1491,V093,P0955,2025-01-05,1,919.46,4.0,0,0,4.8
O04380,C1011,V069,P0259,2025-11-23,1,1078.81,4.2,1,0,4.9
O04381,C1482,V026,P0448,2025-01-07,3,3177.42,3.7,0,0,4.5
O04382,C0783,V058,P0634,2025-08-28,7,5536.98,4.0,0,0,4.7
O04383,C0789,V063,P0397,2025-06-04,4,1997.93,1.0,0,0,4.7
O04384,C1945,V085,P0098,2025-10-02,1,452.74,5.2,1,0,4.0
O04385,C2183,V065,P0420,2025-01-28,3,1980.71,6.1,0,0,4.8
O04386,C0058,V024,P0817,2025-04-26,4,1119.89,1.3,1,0,4.4
O04387,C2429,V028,P0373,2025-10-02,3,1996.53,5.9,0,0,3.7
O04388,C0658,V044,P0207,2025-12-14,2,1501.18,5.1,0,0,4.1
O04389,C2393,V044,P0875,2025-08-05,3,1531.75,4.5,0,0,4.5
O04390,C2497,V013,P0007,2025-08-23,3,755.17,2.4,0,0,5.0
O04391,C2477,V078,P0841,2025-10-10,1,479.72,2.7,0,0,4.0
O04392,C1682,V091,P0964,2025-07-08,2,1495.3,3.0,0,1,3.3
O04393,C2132,V090,P0219,2025-10-05,1,476.98,4.2,0,0,4.7
O04394,C1042,V003,P0587,2025-03-30,2,1360.34,2.8,0,0,4.4
O04395,C1461,V006,P0056,2025-08-19,1,273.44,6.1,0,0,3.8
O04396,C0992,V022,P0477,2025-04-07,2,949.93,3.0,0,0,5.0
O04397,C0264,V059,P0012,2025-10-30,3,2577.98,3.3,0,0,3.7
O04398,C0123,V058,P0328,2025-04-27,1,575.93,4.1,0,0,4.7
O04399,C2094,V092,P0126,2025-12-15,1,293.75,5.3,0,0,4.0
O04400,C0674,V023,P0902,2025-03-06,1,796.69,4.9,0,0,4.5
O04401,C1759,V079,P0922,2025-06-26,4,1818.37,1.2,0,0,4.7
O04402,C2184,V011,P0851,2025-07-29,1,933.52,5.0,0,0,4.4
O04403,C1871,V084,P0220,2025-04-29,2,1835.75,5.9,0,0,3.7
O04404,C1426,V011,P0896,2025-12-28,2,874.3,4.4,0,0,3.8
O04405,C0553,V095,P0885,2025-01-21,1,738.54,7.0,0,0,4.1
O04406,C0214,V062,P0037,2025-10-01,3,481.71,4.0,1,0,3.7
O04407,C1060,V043,P0583,2025-01-20,1,1179.38,7.1,0,0,4.1
O04408,C1669,V039,P0455,2025-04-12,1,736.28,4.9,0,0,4.2
O04409,C1925,V004,P0944,2025-05-26,3,760.53,2.0,0,0,4.2
O04410,C0451,V058,P0634,2025-02-24,4,2729.98,3.5,0,1,4.9
O04411,C1794,V056,P1000,2025-05-28,2,1254.66,3.5,0,0,3.7
O04412,C1960,V074,P0714,2025-07-27,2,2085.2,3.8,0,0,4.1
O04413,C1211,V074,P0096,2025-10-23,2,1074.9,2.0,0,0,4.5
O04414,C1264,V065,P0171,2025-08-20,2,1949.81,3.0,0,0,4.1
O04415,C1091,V052,P0667,2025-05-28,3,875.69,2.5,0,0,4.6
O04416,C2316,V085,P0731,2025-04-07,1,314.81,6.1,1,0,4.0
O04417,C2184,V097,P0456,2025-03-15,2,755.92,4.4,0,0,4.0
O04418,C0957,V009,P0188,2025-12-11,1,504.62,5.4,0,0,3.6
O04419,C2105,V045,P0770,2025-05-31,1,849.68,4.1,0,0,5.0
O04420,C0376,V099,P0567,2025-05-03,2,955.37,5.4,0,0,3.9
O04421,C0580,V100,P0869,2025-08-14,1,243.92,5.0,0,0,3.8
O04422,C0026,V013,P0612,2025-10-18,3,1710.62,6.7,0,0,5.0
O04423,C1002,V041,P0040,2025-06-28,3,2698.59,2.8,0,0,3.6
O04424,C1864,V079,P0326,2025-10-24,4,1309.94,3.4,0,0,4.9
O04425,C0337,V044,P0279,2025-12-22,1,914.11,4.7,0,0,3.9
O04426,C1719,V012,P0194,2025-11-16,2,1123.76,2.8,0,0,4.4
O04427,C0331,V050,P0099,2025-11-04,1,179.87,5.8,0,0,4.4
O04428,C1745,V055,P0862,2025-05-18,2,1227.99,5.0,0,0,3.7
O04429,C2483,V076,P0761,2025-02-22,2,1328.53,3.4,0,0,4.1
O04430,C1116,V058,P0808,2025-05-17,2,664.56,2.5,0,0,3.9
O04431,C2025,V063,P0636,2025-02-03,4,1199.67,1.8,0,0,3.9
O04432,C2276,V082,P0242,2025-09-10,1,507.8,5.6,0,0,4.4
O04433,C2438,V054,P0498,2025-07-18,3,1551.24,5.3,0,0,4.3
O04434,C0134,V069,P0258,2025-05-08,2,449.43,5.0,0,0,4.4
O04435,C0195,V038,P0830,2025-06-01,2,1342.87,4.7,0,0,3.9
O04436,C0579,V081,P0074,2025-09-17,1,444.12,2.3,0,0,3.9
O04437,C0878,V067,P0682,2025-05-22,3,1809.62,4.6,0,0,3.8
O04438,C1750,V040,P0754,2025-10-08,3,727.28,3.3,0,0,3.5
O04439,C1375,V011,P0564,2025-07-12,3,2734.45,5.1,0,0,4.4
O04440,C0868,V012,P0483,2025-11-01,2,633.38,5.3,0,0,3.7
O04441,C2115,V047,P0164,2025-10-30,3,908.36,3.5,0,0,3.4
O04442,C1996,V095,P0311,2025-01-01,3,724.94,2.9,0,1,4.7
O04443,C0594,V070,P0709,2025-10-16,1,419.02,3.8,0,0,3.9
O04444,C0050,V093,P0955,2025-12-16,1,841.76,2.4,0,0,4.3
O04445,C0162,V014,P0748,2025-11-16,1,297.68,4.3,1,0,4.0
O04446,C0655,V034,P0214,2025-05-29,1,926.47,5.1,0,0,4.9
O04447,C1747,V039,P0481,2025-09-13,4,2930.6,5.3,0,0,4.7
O04448,C0648,V093,P0920,2025-05-10,4,1703.44,5.0,0,0,4.2
O04449,C1705,V018,P0993,2025-12-24,2,1743.87,5.0,1,0,3.2
O04450,C1878,V035,P0805,2025-08-10,3,969.87,5.6,0,0,4.1
O04451,C1714,V059,P0123,2025-03-10,3,1320.49,4.6,0,0,4.4
O04452,C1142,V052,P0626,2025-07-31,1,818.25,5.6,0,0,4.6
O04453,C0878,V037,P0480,2025-02-16,3,828.89,3.0,0,0,3.7
O04454,C1743,V048,P0430,2025-07-19,1,414.02,5.5,0,0,4.2
O04455,C0357,V019,P0461,2025-05-27,2,718.53,3.8,1,0,3.6
O04456,C1507,V038,P0845,2025-06-21,2,1337.27,3.6,0,0,4.2
O04457,C2417,V051,P0786,2025-04-10,3,1605.36,2.7,0,0,4.1
O04458,C1627,V078,P0632,2025-11-26,2,1775.16,3.7,0,0,2.9
O04459,C2492,V004,P0459,2025-02-23,2,1721.54,1.9,0,0,4.4
O04460,C0361,V044,P0560,2025-04-15,5,2389.13,6.0,1,0,4.9
O04461,C1010,V040,P0210,2025-02-06,4,2922.26,3.9,0,0,4.1
O04462,C0600,V073,P0959,2025-05-30,2,767.72,5.1,0,0,3.9
O04463,C2210,V005,P0527,2025-08-20,4,2876.54,4.5,1,0,3.9
O04464,C1780,V007,P0009,2025-11-06,2,1288.0,3.5,0,0,4.3
O04465,C1571,V017,P0532,2025-07-13,1,525.3,1.6,0,0,4.2
O04466,C0514,V038,P0317,2025-07-25,1,814.34,4.9,0,0,3.6
O04467,C1319,V025,P0800,2025-02-02,3,3777.93,4.5,0,0,4.1
O04468,C1605,V049,P0836,2025-01-24,3,2212.12,5.0,0,0,4.4
O04469,C0463,V047,P0650,2025-01-22,1,560.78,3.4,0,0,4.1
O04470,C1411,V044,P0903,2025-02-05,1,771.3,2.2,0,0,4.2
O04471,C1422,V052,P0083,2025-03-19,2,826.55,4.8,0,0,5.0
O04472,C0171,V046,P0664,2025-07-24,2,2119.51,2.6,0,0,4.1
O04473,C1138,V038,P0845,2025-05-02,1,640.18,6.0,0,1,5.0
O04474,C0092,V028,P0116,2025-03-17,2,1899.81,2.4,0,0,4.3
O04475,C0338,V074,P0282,2025-07-10,4,2883.11,5.6,1,0,4.3
O04476,C0111,V006,P0577,2025-05-30,2,1341.77,5.6,0,0,4.4
O04477,C1259,V087,P0003,2025-02-19,2,768.9,5.8,0,0,4.0
O04478,C2011,V033,P0296,2025-05-21,1,734.64,3.5,1,0,3.7
O04479,C0252,V083,P0932,2025-05-20,2,708.0,3.6,0,0,3.3
O04480,C1858,V023,P0273,2025-08-12,1,1220.32,3.1,0,0,4.6
O04481,C0814,V078,P0858,2025-01-16,2,2290.17,2.8,0,0,4.1
O04482,C0293,V048,P0430,2025-06-29,3,1350.87,4.7,0,0,4.0
O04483,C1226,V096,P0737,2025-11-20,1,758.23,5.3,0,1,4.6
O04484,C0119,V048,P0051,2025-08-13,2,1429.78,6.1,0,0,4.2
O04485,C2133,V044,P0337,2025-05-10,1,798.18,5.7,0,0,3.6
O04486,C1495,V024,P0606,2025-02-01,3,1075.97,4.5,0,0,3.8
O04487,C0498,V044,P0514,2025-10-22,2,897.05,4.5,0,1,4.0
O04488,C0348,V024,P0472,2025-08-27,2,946.75,4.4,0,0,3.8
O04489,C2160,V046,P0505,2025-05-23,2,667.36,2.0,0,0,3.9
O04490,C0943,V057,P0591,2025-05-27,2,1268.52,4.6,0,0,4.1
O04491,C1571,V023,P0831,2025-07-24,1,914.72,2.8,0,0,4.4
O04492,C0960,V067,P0357,2025-07-23,1,317.37,4.1,0,0,3.5
O04493,C1666,V047,P0069,2025-04-03,6,2973.65,3.5,0,0,4.3
O04494,C2099,V004,P0297,2025-01-30,4,1373.97,2.9,0,0,3.8
O04495,C1943,V095,P0999,2025-01-16,3,1241.72,6.0,0,0,4.0
O04496,C0523,V039,P0740,2025-06-29,3,1328.43,6.6,0,0,4.1
O04497,C1996,V052,P0911,2025-08-30,3,2343.89,4.9,0,1,3.8
O04498,C1926,V034,P0214,2025-02-21,3,3236.37,3.7,0,0,4.4
O04499,C1643,V079,P0922,2025-06-09,1,345.92,2.4,0,0,5.0
O04500,C1675,V026,P0408,2025-03-18,4,1747.89,5.1,0,0,4.7
O04501,C0539,V077,P0579,2025-01-24,3,1451.09,4.9,0,0,3.9
O04502,C0833,V017,P0054,2025-04-16,1,587.47,3.7,0,0,4.3
O04503,C1562,V033,P0296,2025-04-01,6,5033.25,3.5,0,0,3.5
O04504,C1347,V064,P0717,2025-07-19,7,3657.44,4.9,0,0,3.5
O04505,C0938,V077,P0067,2025-01-24,3,1032.59,3.9,0,0,4.6
O04506,C1143,V027,P0877,2025-09-16,2,495.38,4.9,0,0,4.3
O04507,C0083,V007,P0485,2025-02-16,2,1000.68,3.0,0,0,4.1
O04508,C2018,V038,P0478,2025-09-21,3,1275.51,6.2,1,0,4.2
O04509,C0829,V014,P0748,2025-04-03,1,343.54,2.5,1,0,3.8
O04510,C0706,V081,P0114,2025-10-19,3,1330.42,5.4,0,0,3.8
O04511,C1643,V093,P0977,2025-03-22,2,2072.57,5.2,0,0,4.1
O04512,C0364,V052,P0313,2025-10-29,5,3372.31,4.6,1,0,4.4
O04513,C0593,V057,P0021,2025-07-21,3,952.89,4.6,0,0,3.9
O04514,C1103,V054,P0506,2025-10-29,2,1373.75,4.4,0,0,4.5
O04515,C0469,V064,P0918,2025-10-30,3,1724.3,4.0,0,0,4.0
O04516,C0351,V046,P0664,2025-12-07,1,1034.9,2.3,0,0,3.6
O04517,C0252,V021,P0315,2025-09-26,2,2146.64,3.9,0,0,4.9
O04518,C1672,V031,P0899,2025-04-24,2,820.97,3.2,0,0,4.0
O04519,C0240,V009,P0188,2025-09-06,1,494.89,5.4,0,0,4.0
O04520,C0648,V026,P0486,2025-11-22,4,2404.19,4.0,0,0,4.2
O04521,C1807,V058,P0808,2025-05-27,2,819.65,2.7,1,0,4.0
O04522,C0641,V085,P0915,2025-06-21,1,186.02,8.1,0,0,3.8
O04523,C2045,V015,P0289,2025-09-27,1,500.58,5.6,0,0,4.2
O04524,C0508,V019,P0187,2025-03-05,5,2270.58,3.8,1,0,4.0
O04525,C0544,V039,P0481,2025-05-21,1,816.11,4.6,0,0,4.3
O04526,C0003,V077,P0250,2025-08-27,2,1283.46,3.7,1,0,4.2
O04527,C1323,V034,P0140,2025-11-15,5,3563.53,3.8,0,0,3.4
O04528,C0730,V031,P0620,2025-10-13,3,2516.77,3.0,1,0,4.2
O04529,C0368,V027,P0181,2025-06-10,5,2413.3,4.0,0,0,4.0
O04530,C0889,V031,P0742,2025-06-24,6,3592.27,1.6,0,0,5.0
O04531,C2283,V051,P0016,2025-12-03,1,558.1,4.1,0,0,4.5
O04532,C0484,V022,P0477,2025-06-13,2,1040.67,5.1,0,0,5.0
O04533,C2450,V040,P0347,2025-08-14,2,1673.07,5.7,1,0,4.0
O04534,C1537,V045,P0745,2025-10-24,6,2056.74,2.8,0,0,3.7
O04535,C1515,V049,P0836,2025-08-24,3,1675.05,1.9,0,0,4.3
O04536,C2418,V011,P0961,2025-11-18,2,1105.7,1.9,0,0,4.6
O04537,C1487,V020,P0765,2025-05-12,1,250.72,4.5,0,0,4.1
O04538,C0049,V055,P0029,2025-04-06,1,667.31,2.6,0,0,4.2
O04539,C0344,V085,P0780,2025-09-17,1,308.12,5.8,0,0,3.3
O04540,C1020,V039,P0848,2025-12-02,3,1197.34,5.3,0,0,4.6
O04541,C1010,V019,P0396,2025-03-16,3,943.29,3.0,0,0,4.6
O04542,C0981,V065,P0637,2025-09-16,1,449.15,1.6,1,0,4.2
O04543,C0181,V066,P0286,2025-10-09,2,1825.25,6.8,0,0,4.4
O04544,C0621,V041,P0306,2025-02-28,3,456.39,3.2,0,0,3.8
O04545,C0902,V035,P0982,2025-10-19,2,1030.23,2.0,0,0,4.9
O04546,C2500,V068,P0155,2025-12-10,4,3026.37,5.4,0,1,4.0
O04547,C1231,V025,P0800,2025-11-04,2,2051.93,3.7,0,0,4.4
O04548,C2102,V048,P0038,2025-09-25,1,547.64,6.7,0,0,4.1
O04549,C2273,V085,P0092,2025-03-25,1,319.53,4.7,0,0,3.1
O04550,C0783,V042,P0756,2025-08-06,1,550.24,2.7,0,0,3.5
O04551,C1909,V054,P0661,2025-05-18,1,203.42,3.7,1,0,3.9
O04552,C1538,V065,P0590,2025-05-22,1,1578.96,4.2,0,0,3.4
O04553,C1301,V017,P0054,2025-10-22,3,1721.2,2.6,0,0,4.0
O04554,C1804,V022,P0908,2025-04-23,1,1272.59,4.3,0,0,3.9
O04555,C2389,V068,P0860,2025-05-19,2,955.11,4.0,0,1,4.0
O04556,C0372,V078,P0968,2025-08-25,3,853.87,3.9,0,0,3.3
O04557,C2354,V017,P0769,2025-09-17,2,1119.84,3.5,1,0,3.3
O04558,C1984,V077,P0579,2025-09-17,7,2975.5,5.0,0,1,3.7
O04559,C1058,V097,P0456,2025-09-05,3,1076.43,5.7,0,0,4.2
O04560,C2495,V021,P0887,2025-12-04,2,663.0,3.8,0,0,3.2
O04561,C0611,V066,P0729,2025-02-24,1,418.62,5.4,0,0,4.5
O04562,C1097,V019,P0447,2025-06-16,1,407.21,4.4,0,0,4.6
O04563,C0066,V085,P0092,2025-04-17,2,636.57,5.7,0,0,3.6
O04564,C1833,V070,P0709,2025-05-21,1,394.22,6.2,0,0,4.3
O04565,C1162,V090,P0331,2025-12-10,2,2733.63,3.7,0,0,4.2
O04566,C1979,V037,P0249,2025-09-17,2,369.64,5.7,0,0,3.6
O04567,C1711,V037,P0452,2025-04-10,3,1327.15,5.0,1,0,3.4
O04568,C1669,V025,P0563,2025-09-02,3,1683.77,2.3,0,0,4.6
O04569,C0906,V091,P0475,2025-01-04,2,1913.59,4.5,0,0,3.5
O04570,C1095,V059,P0235,2025-11-28,2,1281.16,4.1,0,0,3.5
O04571,C1804,V081,P0074,2025-03-23,5,2224.44,5.4,0,0,4.4
O04572,C1786,V009,P0445,2025-07-08,3,2102.34,6.4,0,0,4.3
O04573,C1832,V021,P0909,2025-05-05,4,3164.36,6.2,1,0,3.9
O04574,C1857,V064,P0107,2025-02-01,4,2455.17,2.9,0,1,3.7
O04575,C0630,V025,P0370,2025-10-28,3,834.04,2.5,0,0,4.2
O04576,C0544,V097,P0456,2025-07-15,3,1197.73,5.7,0,0,4.3
O04577,C1108,V050,P0882,2025-06-11,3,2135.07,1.9,0,1,4.6
O04578,C1087,V029,P0058,2025-03-18,1,278.99,4.5,0,0,3.7
O04579,C1442,V074,P0165,2025-06-21,2,966.6,3.3,0,0,4.1
O04580,C0374,V005,P0962,2025-12-10,1,772.45,3.7,0,0,4.1
O04581,C0890,V096,P0556,2025-01-15,4,1390.03,5.4,0,0,4.2
O04582,C0381,V085,P0780,2025-04-21,5,1624.53,4.7,0,1,4.3
O04583,C0757,V085,P0166,2025-08-24,1,1009.58,4.6,0,0,3.5
O04584,C1114,V067,P0682,2025-01-09,4,2100.75,1.7,0,0,3.8
O04585,C1384,V069,P0720,2025-06-02,1,346.07,3.5,0,0,4.6
O04586,C1841,V068,P0984,2025-03-17,1,321.58,2.4,0,1,4.2
O04587,C2103,V031,P0458,2025-08-12,2,1437.48,3.4,0,0,4.4
O04588,C2002,V014,P0519,2025-07-26,7,2367.41,3.3,0,0,3.9
O04589,C1006,V059,P0123,2025-08-17,1,486.74,4.9,0,0,4.4
O04590,C1750,V084,P0191,2025-12-11,1,535.45,4.4,0,0,4.1
O04591,C0792,V082,P0113,2025-10-17,1,430.63,3.5,0,0,5.0
O04592,C0393,V046,P0505,2025-08-23,1,351.8,1.4,0,0,3.9
O04593,C0324,V015,P0327,2025-10-30,1,661.96,4.3,0,0,4.1
O04594,C0922,V012,P0194,2025-10-31,3,1606.68,4.9,0,0,4.2
O04595,C0190,V053,P0710,2025-06-08,3,4530.52,5.2,0,0,4.1
O04596,C1999,V100,P0176,2025-01-06,2,1394.29,2.8,0,0,4.3
O04597,C0529,V090,P0844,2025-03-30,1,297.41,4.4,0,0,3.2
O04598,C0645,V008,P0464,2025-09-03,2,962.24,3.1,0,0,4.4
O04599,C0200,V023,P0146,2025-02-12,2,1214.76,3.0,1,0,3.7
O04600,C2498,V068,P0197,2025-05-07,1,910.49,4.4,0,0,3.7
O04601,C1965,V045,P0148,2025-07-02,2,2660.85,2.8,0,1,4.7
O04602,C1594,V003,P0587,2025-10-04,3,2088.91,3.5,0,0,3.4
O04603,C1359,V095,P0002,2025-11-19,1,350.08,4.1,0,1,4.1
O04604,C2176,V081,P0854,2025-11-27,2,968.43,3.7,1,0,4.2
O04605,C2302,V060,P0730,2025-03-13,2,1220.21,3.6,0,0,3.6
O04606,C1799,V003,P0288,2025-03-09,1,675.15,2.7,1,0,4.2
O04607,C1022,V087,P0335,2025-03-23,2,1099.36,4.5,0,0,3.8
O04608,C0389,V018,P0973,2025-01-15,2,2345.93,5.7,0,0,4.0
O04609,C1163,V009,P0816,2025-09-26,2,984.43,5.7,0,0,3.8
O04610,C1851,V100,P0596,2025-02-02,3,1365.38,4.0,1,0,3.9
O04611,C1722,V046,P0200,2025-08-24,5,1664.49,1.0,0,0,3.4
O04612,C0485,V052,P0083,2025-01-19,2,733.38,5.6,0,0,4.4
O04613,C1439,V087,P0320,2025-11-26,3,2507.28,4.6,0,0,4.3
O04614,C1948,V021,P0158,2025-07-09,4,2012.6,3.7,0,0,4.2
O04615,C0893,V095,P0414,2025-10-23,5,5663.43,5.4,0,0,4.5
O04616,C1717,V052,P0083,2025-08-31,2,807.54,6.3,0,0,5.0
O04617,C0011,V067,P0954,2025-11-05,3,2638.07,2.8,0,1,3.4
O04618,C2245,V068,P0822,2025-10-16,4,2119.4,2.6,0,0,3.5
O04619,C0964,V091,P0707,2025-07-12,3,2903.23,2.0,0,0,3.2
O04620,C1263,V007,P0009,2025-02-01,1,625.84,4.6,0,0,4.3
O04621,C0740,V044,P0279,2025-10-10,4,3796.76,3.2,0,0,4.3
O04622,C0696,V066,P0931,2025-06-08,2,1907.96,3.5,0,0,4.4
O04623,C1368,V006,P0428,2025-11-06,3,1442.08,5.8,0,0,4.4
O04624,C0288,V045,P0745,2025-03-22,1,270.97,1.9,0,0,4.3
O04625,C0945,V035,P0805,2025-02-10,2,774.38,4.8,1,0,4.5
O04626,C0185,V035,P0833,2025-03-10,1,1088.45,4.8,0,0,3.8
O04627,C2233,V065,P0966,2025-07-24,2,1828.83,5.0,0,0,4.6
O04628,C0173,V100,P0820,2025-01-12,2,2746.09,3.7,0,0,4.4
O04629,C1095,V025,P0807,2025-07-12,4,2324.37,2.0,0,0,5.0
O04630,C0394,V089,P0437,2025-05-23,4,2434.82,4.9,0,0,4.2
O04631,C0071,V065,P0451,2025-03-31,4,5665.06,2.5,0,1,4.0
O04632,C0971,V076,P0761,2025-10-14,1,617.32,4.7,0,0,3.7
O04633,C1700,V041,P0463,2025-09-29,2,871.33,1.6,0,0,3.1
O04634,C1976,V074,P0165,2025-09-06,1,414.26,4.5,0,0,4.4
O04635,C1178,V081,P0074,2025-10-16,2,964.77,3.9,0,0,3.8
O04636,C0727,V097,P0456,2025-04-13,3,1043.32,4.1,0,0,3.8
O04637,C2440,V024,P0472,2025-01-03,1,429.64,4.7,0,0,3.3
O04638,C0039,V022,P0477,2025-07-29,3,1389.39,3.0,0,0,4.4
O04639,C1790,V068,P0042,2025-02-08,4,2739.73,3.1,0,0,4.0
O04640,C1742,V090,P0219,2025-08-04,1,437.28,4.6,0,0,4.5
O04641,C1399,V062,P0834,2025-09-12,2,537.5,5.6,0,0,4.8
O04642,C0309,V029,P0022,2025-10-23,1,446.27,5.4,0,0,3.9
O04643,C0983,V031,P0613,2025-12-27,2,1923.45,2.3,0,0,4.8
O04644,C1753,V035,P0574,2025-11-04,3,961.43,6.2,0,0,4.5
O04645,C1057,V082,P0265,2025-01-03,1,500.14,4.4,0,0,4.5
O04646,C0459,V017,P0811,2025-11-09,3,3481.67,2.6,0,0,4.4
O04647,C2437,V076,P0419,2025-06-13,2,1186.21,4.6,0,0,4.8
O04648,C2449,V089,P0779,2025-12-14,3,2033.15,3.8,0,0,3.8
O04649,C0392,V096,P0266,2025-11-08,1,548.97,6.5,0,0,4.4
O04650,C0091,V033,P0629,2025-06-11,3,2649.96,6.5,0,1,4.2
O04651,C1941,V017,P0769,2025-06-27,4,2207.17,4.0,0,0,3.4
O04652,C1480,V060,P0043,2025-02-24,1,479.06,3.8,0,0,4.2
O04653,C1135,V056,P0646,2025-12-29,1,303.55,5.5,1,0,4.4
O04654,C1528,V089,P0057,2025-10-16,6,2712.86,4.8,1,0,4.4
O04655,C1983,V041,P0605,2025-07-28,1,388.71,2.9,1,0,3.2
O04656,C0195,V083,P0528,2025-08-21,2,1846.54,5.4,0,0,4.2
O04657,C1509,V081,P0719,2025-02-18,1,518.64,5.3,0,0,4.2
O04658,C0778,V048,P0430,2025-08-05,3,1267.78,4.7,0,0,3.9
O04659,C2460,V090,P0219,2025-05-29,3,1501.97,4.0,0,0,4.3
O04660,C2390,V005,P0527,2025-05-25,4,2960.7,3.9,1,0,3.9
O04661,C0198,V017,P0403,2025-05-20,6,4075.99,4.8,0,0,4.0
O04662,C2382,V002,P0339,2025-10-22,3,1288.54,5.0,0,0,4.4
O04663,C0835,V011,P0525,2025-12-01,1,900.88,4.3,0,0,4.4
O04664,C1028,V074,P0714,2025-05-05,2,1951.97,1.2,0,0,4.2
O04665,C1331,V062,P0515,2025-08-08,3,1658.8,4.3,0,0,4.5
O04666,C1527,V040,P0347,2025-04-29,3,2210.9,3.8,0,0,3.7
O04667,C0546,V089,P0057,2025-05-02,3,1523.44,4.4,0,0,4.7
O04668,C0673,V072,P0967,2025-01-24,1,850.94,5.2,0,0,4.9
O04669,C1801,V036,P0540,2025-07-26,1,537.49,3.6,1,0,3.1
O04670,C2373,V033,P0006,2025-08-23,3,2540.64,4.0,0,0,4.6
O04671,C0158,V093,P0955,2025-07-16,5,4538.98,5.8,0,0,4.5
O04672,C2356,V086,P0450,2025-03-16,1,497.14,4.7,0,0,3.4
O04673,C0524,V077,P0867,2025-04-08,4,3571.96,5.3,0,0,4.6
O04674,C2274,V014,P0421,2025-05-27,4,3175.09,3.6,0,0,3.6
O04675,C1472,V046,P0948,2025-12-20,2,670.05,2.8,0,0,4.1
O04676,C0338,V084,P0278,2025-05-25,1,478.58,6.2,0,0,2.9
O04677,C0896,V007,P0329,2025-05-21,2,1423.26,3.7,0,0,4.2
O04678,C0220,V069,P0750,2025-11-17,3,3143.3,3.8,0,0,4.6
O04679,C2349,V100,P0619,2025-01-18,3,1618.47,3.3,0,0,4.5
O04680,C1204,V071,P0592,2025-02-27,4,2712.05,2.3,0,0,4.0
O04681,C0571,V010,P0050,2025-12-26,2,583.9,5.2,0,0,4.6
O04682,C0563,V036,P0578,2025-08-06,4,2333.04,6.1,0,0,3.3
O04683,C2439,V012,P0194,2025-10-13,2,1081.01,3.0,1,0,3.4
O04684,C1544,V073,P0767,2025-04-26,1,505.17,5.3,0,0,3.3
O04685,C0048,V037,P0681,2025-07-20,2,1120.48,4.1,0,0,4.1
O04686,C0353,V025,P0712,2025-04-12,3,744.05,3.0,0,0,4.6
O04687,C1953,V090,P0689,2025-12-01,1,695.58,5.9,0,0,3.7
O04688,C2268,V005,P0185,2025-04-14,1,186.52,4.6,0,1,5.0
O04689,C1555,V054,P0308,2025-09-23,1,380.33,5.1,0,0,4.7
O04690,C1519,V014,P0173,2025-01-21,1,661.34,2.4,0,0,4.1
O04691,C1836,V008,P0398,2025-07-15,2,692.41,2.8,0,0,4.0
O04692,C0112,V007,P0009,2025-04-08,2,1385.95,5.0,0,0,4.3
O04693,C2320,V039,P0175,2025-10-06,3,1900.14,5.0,0,0,4.2
O04694,C1388,V065,P0637,2025-02-12,1,382.99,3.7,0,0,4.6
O04695,C0775,V081,P0854,2025-09-27,1,495.48,4.0,1,0,4.9
O04696,C1511,V052,P0083,2025-07-27,3,1144.94,2.8,0,0,4.9
O04697,C0239,V100,P0400,2025-10-08,1,1338.74,3.9,0,0,4.0
O04698,C0662,V097,P0276,2025-12-14,3,2422.69,5.8,0,0,4.6
O04699,C0861,V079,P0794,2025-10-20,2,845.88,2.4,0,0,4.6
O04700,C0387,V042,P0268,2025-06-29,3,2149.4,4.8,0,0,4.5
O04701,C1279,V004,P0186,2025-05-30,1,844.61,1.9,0,0,4.4
O04702,C0248,V025,P0914,2025-06-17,4,2824.54,2.4,0,0,4.5
O04703,C0852,V044,P0903,2025-11-23,2,1697.16,2.9,0,0,4.1
O04704,C0194,V048,P0521,2025-06-18,3,918.43,5.5,0,0,4.9
O04705,C0487,V037,P0803,2025-04-25,2,1931.06,3.5,0,0,3.9
O04706,C0942,V089,P0898,2025-05-25,2,1710.3,2.9,0,0,3.7
O04707,C0079,V039,P0462,2025-02-04,3,1885.61,5.8,0,1,4.8
O04708,C0354,V013,P0007,2025-02-08,1,225.98,4.3,0,0,4.7
O04709,C1541,V065,P0586,2025-07-21,2,1000.43,4.0,0,0,3.7
O04710,C1166,V077,P0881,2025-04-02,1,340.99,4.6,0,0,4.0
O04711,C0580,V012,P0283,2025-10-02,3,1597.03,3.5,0,0,4.6
O04712,C1498,V056,P1000,2025-01-23,4,2058.7,4.0,0,0,3.9
O04713,C1875,V074,P0690,2025-08-10,1,1290.7,4.0,0,0,4.6
O04714,C0718,V065,P0417,2025-06-18,5,2944.78,4.1,1,0,4.1
O04715,C0150,V077,P0865,2025-10-29,2,2260.31,3.8,0,1,4.4
O04716,C2035,V002,P0716,2025-03-04,4,1640.63,4.0,0,0,4.0
O04717,C0944,V031,P0223,2025-03-05,2,1229.95,1.2,0,1,4.2
O04718,C2240,V016,P0666,2025-10-24,3,2693.67,4.7,1,0,4.9
O04719,C0431,V053,P0128,2025-11-13,3,1715.49,4.8,0,0,3.8
O04720,C0026,V081,P0368,2025-01-09,1,530.29,2.6,0,0,4.3
O04721,C0751,V067,P0682,2025-12-12,3,1525.31,3.2,0,0,4.1
O04722,C2132,V062,P0727,2025-07-25,1,515.61,3.5,0,0,3.7
O04723,C0856,V083,P0929,2025-11-14,1,484.52,3.9,0,0,3.9
O04724,C0917,V026,P0746,2025-01-01,2,1415.49,3.7,0,0,4.8
O04725,C0345,V081,P0804,2025-01-27,3,1545.19,3.3,0,0,4.0
O04726,C1232,V075,P0059,2025-04-10,1,774.67,4.6,0,0,5.0
O04727,C0052,V086,P0407,2025-03-30,2,1258.54,3.1,0,0,3.8
O04728,C0194,V074,P0782,2025-07-23,1,771.94,2.9,1,0,3.3
O04729,C1983,V031,P0387,2025-07-26,1,475.25,3.2,0,0,4.1
O04730,C0005,V019,P0001,2025-03-17,3,1832.42,5.3,0,0,4.6
O04731,C1820,V069,P0711,2025-01-02,3,746.61,2.6,0,0,4.3
O04732,C0274,V047,P0244,2025-08-20,3,949.72,3.1,0,0,4.1
O04733,C1463,V051,P0496,2025-04-21,3,1920.05,5.3,0,0,4.7
O04734,C1198,V074,P0165,2025-10-11,4,1666.13,3.4,0,0,4.1
O04735,C1420,V075,P0131,2025-05-11,1,701.2,6.2,0,0,4.3
O04736,C1465,V039,P0229,2025-07-31,3,920.37,2.5,0,0,3.7
O04737,C2454,V021,P0315,2025-06-09,1,1049.78,4.5,0,0,4.8
O04738,C0037,V053,P0425,2025-01-27,2,563.15,5.3,0,0,3.3
O04739,C0744,V005,P0132,2025-11-23,3,1874.12,6.1,0,0,4.1
O04740,C1876,V048,P0430,2025-09-30,1,447.94,5.1,0,0,3.6
O04741,C0331,V003,P0032,2025-04-29,3,1596.7,4.7,0,0,4.2
O04742,C2411,V060,P0240,2025-02-06,3,1482.61,2.8,0,1,3.1
O04743,C0945,V033,P0832,2025-06-11,3,2050.08,4.1,0,0,3.6
O04744,C1361,V037,P0803,2025-04-23,3,2737.16,3.4,0,0,4.3
O04745,C2204,V099,P0986,2025-06-04,1,634.31,5.5,0,0,3.7
O04746,C0967,V039,P0455,2025-02-12,1,944.3,6.2,0,0,4.1
O04747,C0459,V052,P0626,2025-01-17,2,1622.27,4.3,0,0,4.6
O04748,C0464,V095,P0118,2025-12-27,2,1988.21,5.5,0,0,4.9
O04749,C2379,V052,P0956,2025-02-26,1,810.36,5.8,1,0,4.2
O04750,C2309,V048,P0255,2025-03-12,1,867.96,6.1,0,0,4.9
O04751,C0889,V085,P0098,2025-03-27,1,447.0,6.5,0,0,3.7
O04752,C0866,V083,P0528,2025-01-11,1,923.56,4.8,0,0,3.8
O04753,C1591,V045,P0770,2025-04-28,1,935.99,3.9,0,0,4.4
O04754,C0600,V002,P0722,2025-05-30,1,1158.92,3.9,0,1,3.5
O04755,C1193,V004,P0944,2025-08-21,6,1394.53,1.6,0,0,3.6
O04756,C2128,V031,P0620,2025-06-10,5,4232.68,2.7,0,0,5.0
O04757,C1879,V075,P0131,2025-06-18,2,1349.88,3.0,0,0,4.0
O04758,C0176,V014,P0421,2025-06-23,5,4178.18,2.1,0,0,4.0
O04759,C1752,V021,P0431,2025-02-26,2,562.71,2.6,0,0,4.0
O04760,C1584,V038,P0561,2025-06-16,3,1457.04,5.0,0,0,5.0
O04761,C1971,V066,P0538,2025-04-29,2,2147.49,4.8,1,0,4.2
O04762,C1268,V088,P0112,2025-03-27,3,1496.53,4.7,0,0,4.8
O04763,C1446,V072,P0199,2025-07-22,5,2405.87,4.7,0,0,4.5
O04764,C1824,V066,P0035,2025-05-29,1,825.14,3.5,1,0,4.3
O04765,C1354,V059,P0235,2025-11-12,1,714.29,4.1,0,0,4.1
O04766,C0733,V100,P0619,2025-05-17,4,2548.78,4.4,0,0,3.6
O04767,C1920,V006,P0428,2025-05-17,4,1972.6,6.2,0,0,3.9
O04768,C1485,V039,P0462,2025-06-07,5,3065.47,3.3,0,0,4.4
O04769,C1318,V066,P0931,2025-10-28,1,1053.4,3.3,0,0,4.2
O04770,C2025,V061,P0652,2025-11-08,2,1861.14,5.0,0,0,4.5
O04771,C0994,V015,P0150,2025-05-12,3,1553.63,3.9,0,0,4.0
O04772,C1145,V003,P0288,2025-02-28,1,698.66,1.0,1,0,5.0
O04773,C0349,V005,P0511,2025-03-10,1,346.94,7.4,0,0,4.6
O04774,C1055,V016,P0294,2025-07-08,1,242.56,5.9,0,0,4.1
O04775,C2297,V056,P0504,2025-07-08,2,433.32,4.9,0,0,5.0
O04776,C2322,V042,P0492,2025-06-16,3,1323.97,5.1,0,0,3.9
O04777,C1102,V085,P0345,2025-09-11,1,227.12,4.9,0,0,3.5
O04778,C1362,V076,P0360,2025-08-03,2,481.78,4.5,0,0,4.5
O04779,C1877,V042,P0081,2025-08-09,3,982.14,2.2,1,0,3.4
O04780,C0647,V031,P0277,2025-05-04,2,2388.29,1.7,0,0,4.0
O04781,C1075,V100,P0596,2025-05-27,1,420.31,5.4,1,0,4.2
O04782,C2238,V019,P0508,2025-01-13,4,1047.69,4.0,0,0,4.8
O04783,C1030,V097,P0526,2025-03-29,1,621.45,4.7,0,0,4.3
O04784,C0922,V058,P0741,2025-09-08,3,1566.29,3.0,0,0,3.6
O04785,C1764,V017,P0856,2025-08-10,2,1375.98,2.6,0,0,4.7
O04786,C0311,V065,P0507,2025-01-27,4,1952.66,2.6,0,0,3.4
O04787,C1791,V061,P0652,2025-10-11,1,1030.28,4.3,0,0,4.8
O04788,C2317,V004,P0297,2025-08-06,3,1085.57,1.2,0,0,3.9
O04789,C0320,V090,P0053,2025-03-17,1,350.76,5.6,0,0,4.0
O04790,C2406,V055,P0801,2025-05-23,2,1337.58,2.3,0,0,3.5
O04791,C0016,V042,P0756,2025-11-24,1,494.53,4.5,0,1,4.0
O04792,C0165,V011,P0525,2025-02-09,3,2725.23,3.4,0,0,4.3
O04793,C2025,V059,P0969,2025-09-30,4,1937.17,2.8,0,0,4.6
O04794,C0106,V057,P0418,2025-10-06,2,988.29,4.0,0,0,3.6
O04795,C0764,V099,P0070,2025-10-07,1,354.61,5.5,0,0,4.3
O04796,C1199,V031,P0387,2025-03-08,4,1936.26,3.1,0,0,4.4
O04797,C0466,V073,P0617,2025-01-28,2,1000.63,5.4,0,0,4.0
O04798,C2016,V070,P0084,2025-02-04,6,3484.78,3.8,0,0,4.6
O04799,C1860,V085,P0166,2025-09-27,4,3996.28,4.7,0,1,4.3
O04800,C1892,V044,P0796,2025-03-06,1,560.1,3.7,0,0,4.9
O04801,C2415,V042,P0621,2025-12-13,1,576.53,3.6,0,0,4.1
O04802,C2112,V033,P0554,2025-03-02,2,793.66,5.5,1,0,3.7
O04803,C2261,V015,P0327,2025-12-03,1,730.83,3.5,0,0,4.2
O04804,C2063,V052,P0313,2025-08-02,2,1319.27,5.3,0,0,4.5
O04805,C2369,V046,P0739,2025-06-13,2,681.05,1.6,0,0,4.2
O04806,C0515,V065,P0637,2025-01-06,2,1042.36,2.7,0,0,4.8
O04807,C1499,V010,P0658,2025-11-11,1,660.12,4.7,0,1,4.0
O04808,C1351,V059,P0665,2025-12-12,1,287.82,1.9,0,0,4.2
O04809,C0680,V068,P0822,2025-11-14,4,2328.14,3.4,0,1,3.2
O04810,C1846,V044,P0560,2025-02-09,3,1936.53,5.8,0,0,3.7
O04811,C0300,V055,P0552,2025-09-27,2,1126.45,3.9,0,0,4.8
O04812,C0162,V055,P0677,2025-07-10,3,1770.61,4.6,0,0,4.8
O04813,C0422,V017,P0769,2025-01-09,6,3639.53,4.8,1,0,3.7
O04814,C0564,V038,P0295,2025-09-30,3,3735.83,3.9,0,0,4.4
O04815,C1058,V090,P0844,2025-05-09,6,1784.54,5.3,0,0,3.4
O04816,C2415,V093,P0698,2025-07-03,6,3176.62,4.9,0,0,4.3
O04817,C1322,V019,P0447,2025-09-01,4,1760.34,3.2,0,0,3.8
O04818,C0828,V083,P0893,2025-01-02,2,794.66,4.5,0,0,3.2
O04819,C2325,V051,P0786,2025-03-28,3,1521.48,3.3,0,0,3.6
O04820,C0947,V054,P0027,2025-06-27,4,1496.71,4.7,0,0,4.2
O04821,C1416,V099,P0567,2025-02-12,1,484.44,4.1,0,0,4.0
O04822,C2417,V047,P0548,2025-02-12,2,2519.47,2.8,0,1,3.3
O04823,C0753,V015,P0147,2025-09-09,3,4405.65,4.9,0,0,4.8
O04824,C1395,V017,P0310,2025-01-27,3,1487.27,2.7,0,0,4.0
O04825,C0472,V068,P0155,2025-06-11,2,1780.22,3.3,1,0,4.8
O04826,C0314,V001,P0584,2025-10-24,3,1234.8,5.2,0,0,4.7
O04827,C0474,V054,P0274,2025-07-04,4,2193.81,5.5,0,0,4.0
O04828,C0401,V051,P0065,2025-04-28,1,570.42,3.4,0,0,4.5
O04829,C0878,V023,P0082,2025-01-24,2,1726.14,5.0,0,0,4.6
O04830,C0004,V002,P0049,2025-01-21,1,312.04,4.3,0,0,3.7
O04831,C1824,V039,P0985,2025-04-15,4,2683.65,5.1,0,0,4.4
O04832,C0452,V063,P0502,2025-07-03,4,3906.32,2.9,0,0,4.2
O04833,C2324,V005,P0270,2025-02-09,2,792.07,3.4,0,1,3.6
O04834,C0215,V099,P0575,2025-06-11,2,1998.73,6.4,0,0,4.2
O04835,C0263,V059,P0235,2025-10-06,3,2081.28,3.5,0,0,3.6
O04836,C2221,V072,P0479,2025-10-28,3,1191.15,6.6,0,0,3.9
O04837,C0887,V046,P0438,2025-10-30,2,1823.54,1.9,0,0,3.1
O04838,C2309,V040,P0347,2025-04-08,1,849.94,4.8,0,0,3.8
O04839,C0672,V095,P0999,2025-09-21,3,1269.28,6.7,0,0,4.6
O04840,C2448,V009,P0816,2025-04-25,1,483.96,4.0,0,0,4.0
O04841,C0144,V021,P0158,2025-06-02,3,1246.56,5.4,0,0,3.8
O04842,C2218,V086,P0407,2025-04-10,2,1407.73,6.0,0,0,4.7
O04843,C0455,V036,P0401,2025-06-04,1,684.51,2.8,0,0,4.1
O04844,C2176,V070,P0871,2025-09-23,1,446.54,3.8,0,0,4.4
O04845,C1722,V039,P0928,2025-08-27,7,5490.33,4.9,1,0,4.7
O04846,C1155,V075,P0616,2025-03-22,1,580.25,3.6,0,0,4.4
O04847,C0698,V035,P0211,2025-07-13,2,1286.3,4.5,0,0,3.8
O04848,C0520,V007,P0009,2025-01-10,3,2078.3,4.8,0,0,5.0
O04849,C1412,V072,P0967,2025-02-28,2,1786.7,4.2,0,0,4.2
O04850,C1347,V085,P0092,2025-08-19,4,1251.21,4.3,0,0,3.1
O04851,C0917,V064,P0107,2025-01-07,1,776.35,2.6,0,0,4.3
O04852,C1608,V033,P0554,2025-08-18,1,376.43,2.6,0,0,4.6
O04853,C0593,V073,P0936,2025-05-11,5,2216.73,5.8,0,0,4.9
O04854,C0588,V086,P0551,2025-03-17,5,2131.58,6.0,0,0,4.2
O04855,C2487,V035,P0805,2025-01-03,3,989.16,3.5,0,0,4.5
O04856,C1316,V058,P0963,2025-06-17,2,773.27,3.3,0,0,4.4
O04857,C0105,V082,P0916,2025-06-01,2,1448.77,3.7,0,0,4.3
O04858,C0077,V058,P0808,2025-01-13,1,322.21,3.0,0,0,3.9
O04859,C1596,V089,P0108,2025-09-17,2,702.43,2.8,0,0,4.1
O04860,C1580,V025,P0957,2025-10-30,3,2109.86,3.1,0,0,4.3
O04861,C1282,V003,P0587,2025-10-20,2,1584.62,4.6,0,0,4.6
O04862,C1768,V073,P0767,2025-05-23,3,1423.64,4.6,0,0,4.4
O04863,C0845,V082,P0301,2025-03-30,6,3080.16,5.0,0,0,3.9
O04864,C0865,V057,P0591,2025-04-26,3,1688.1,4.2,0,0,4.1
O04865,C1404,V068,P0797,2025-09-21,1,671.11,2.7,0,0,4.1
O04866,C1790,V041,P0386,2025-06-18,1,460.0,4.3,0,0,3.7
O04867,C1503,V084,P0156,2025-12-18,1,358.37,6.0,0,0,3.2
O04868,C1790,V041,P0386,2025-07-01,6,3137.03,3.6,0,0,3.7
O04869,C0279,V018,P0130,2025-04-22,3,1951.52,6.8,0,0,3.8
O04870,C1437,V077,P0566,2025-01-28,5,2072.63,4.0,0,0,4.0
O04871,C1689,V081,P0854,2025-11-18,2,892.05,2.9,1,0,4.6
O04872,C1661,V074,P0546,2025-03-12,3,1961.45,2.8,0,0,4.3
O04873,C1836,V056,P0504,2025-10-25,1,184.68,3.4,0,0,4.3
O04874,C0339,V072,P0005,2025-02-05,1,510.72,6.1,0,0,4.9
O04875,C2110,V023,P0161,2025-09-23,3,1455.61,3.2,0,0,4.3
O04876,C1234,V068,P0797,2025-03-04,1,610.85,2.2,0,0,4.3
O04877,C0574,V004,P0923,2025-10-03,2,1919.72,2.0,0,0,3.7
O04878,C0073,V100,P0400,2025-04-13,4,4783.37,5.7,0,0,4.1
O04879,C1681,V024,P0859,2025-08-18,3,1012.23,1.0,1,0,5.0
O04880,C0853,V035,P0574,2025-03-22,2,646.19,4.9,1,0,4.2
O04881,C1422,V074,P0282,2025-06-22,1,720.51,3.6,0,0,4.5
O04882,C1734,V025,P0788,2025-05-09,1,639.16,4.1,0,0,4.5
O04883,C1950,V083,P0221,2025-06-12,3,1382.87,4.6,0,0,4.5
O04884,C1578,V089,P0437,2025-11-13,3,1662.85,3.5,0,0,3.8
O04885,C1781,V077,P0062,2025-08-14,1,329.33,6.1,1,0,3.7
O04886,C0939,V036,P0540,2025-02-19,2,1279.58,4.7,0,0,3.9
O04887,C1794,V042,P0621,2025-12-05,3,1775.43,4.4,0,0,4.1
O04888,C2171,V029,P0541,2025-06-19,2,2441.47,4.3,0,0,3.8
O04889,C0764,V087,P0499,2025-09-19,2,790.06,6.3,0,0,4.4
O04890,C0622,V029,P0101,2025-05-02,2,663.99,3.7,0,0,3.8
O04891,C0803,V042,P0374,2025-02-24,2,928.36,4.9,0,0,4.4
O04892,C1028,V047,P0063,2025-06-07,3,2731.89,3.2,0,0,4.4
O04893,C1991,V075,P0024,2025-03-07,1,462.42,3.7,0,0,4.1
O04894,C0193,V070,P0141,2025-04-01,1,597.79,5.4,0,1,4.2
O04895,C2385,V032,P0571,2025-09-14,3,1155.72,4.8,0,1,4.6
O04896,C1303,V043,P0630,2025-02-20,1,978.07,4.2,0,0,5.0
O04897,C0713,V016,P0501,2025-08-15,2,774.45,5.7,0,0,5.0
O04898,C1651,V046,P0505,2025-09-09,5,1945.38,1.1,0,0,3.8
O04899,C1274,V082,P0544,2025-09-14,1,254.37,4.7,0,0,4.1
O04900,C0675,V013,P0135,2025-01-16,2,917.99,4.2,0,0,4.5
O04901,C1910,V031,P0742,2025-04-18,3,1772.38,2.6,0,0,5.0
O04902,C2042,V083,P0324,2025-01-26,1,354.2,2.3,0,0,3.0
O04903,C0487,V071,P0457,2025-03-21,1,1889.19,1.9,1,0,3.7
O04904,C1160,V038,P0295,2025-11-01,2,2685.34,3.3,0,0,4.8
O04905,C1224,V084,P0156,2025-04-12,2,667.94,5.6,0,0,3.7
O04906,C1851,V034,P0641,2025-03-27,3,1808.59,2.9,0,0,3.8
O04907,C1025,V025,P0034,2025-10-22,1,267.66,1.6,0,0,4.7
O04908,C1882,V039,P0226,2025-05-07,5,2244.87,7.3,0,0,4.4
O04909,C1909,V079,P0647,2025-03-10,1,600.26,6.2,0,0,3.3
O04910,C1779,V095,P0264,2025-06-22,2,2160.56,5.7,0,1,4.2
O04911,C1188,V060,P0975,2025-06-19,2,907.99,1.7,0,0,3.0
O04912,C0908,V056,P0504,2025-10-06,3,714.26,3.0,0,0,4.9
O04913,C0688,V016,P0501,2025-06-15,1,369.97,3.7,0,0,4.2
O04914,C1173,V034,P0906,2025-07-11,1,598.71,4.4,0,0,4.7
O04915,C0379,V051,P0122,2025-11-28,2,2015.41,4.8,0,0,4.4
O04916,C2089,V092,P0152,2025-02-24,3,2132.24,6.2,0,0,4.1
O04917,C1150,V035,P0110,2025-10-09,1,1337.08,5.1,0,0,3.1
O04918,C0503,V066,P0035,2025-06-14,3,2866.37,4.5,0,0,4.6
O04919,C1966,V096,P0842,2025-03-06,1,606.23,5.5,0,0,3.7
O04920,C1600,V031,P0277,2025-01-07,3,3494.06,2.0,0,0,4.1
O04921,C1294,V073,P0341,2025-01-31,2,986.57,4.6,0,0,3.9
O04922,C1972,V059,P0775,2025-08-01,2,805.83,2.7,0,0,4.0
O04923,C0015,V006,P0019,2025-09-08,1,462.8,8.2,0,0,3.5
O04924,C0306,V043,P0020,2025-05-12,3,2964.09,7.6,0,0,4.1
O04925,C0179,V067,P0954,2025-10-24,3,2840.65,3.2,0,0,3.6
O04926,C1272,V065,P0171,2025-04-22,3,2479.59,1.8,0,0,3.3
O04927,C0755,V001,P0702,2025-06-25,3,1840.38,5.6,0,0,4.1
O04928,C1259,V049,P0293,2025-05-14,2,809.42,3.2,0,0,3.9
O04929,C1855,V062,P0302,2025-04-25,1,371.99,4.0,0,0,4.0
O04930,C1112,V026,P0106,2025-03-30,6,2104.1,3.8,0,0,4.5
O04931,C2348,V074,P0096,2025-03-02,3,1664.51,3.9,0,0,4.3
O04932,C1605,V068,P0860,2025-10-11,2,1101.64,4.3,0,1,3.3
O04933,C1983,V086,P0752,2025-03-17,1,586.01,4.9,0,0,4.4
O04934,C0950,V041,P0091,2025-10-23,1,408.1,2.5,1,0,3.6
O04935,C2440,V028,P0489,2025-05-22,2,1751.72,5.0,0,0,3.9
O04936,C1391,V076,P0774,2025-04-17,2,1979.83,4.0,0,0,5.0
O04937,C2162,V065,P0509,2025-12-21,1,362.19,5.4,0,0,4.2
O04938,C2239,V085,P0052,2025-08-13,1,582.87,6.3,0,0,3.6
O04939,C1056,V067,P0162,2025-07-02,2,544.45,3.1,0,0,4.4
O04940,C1927,V055,P0552,2025-09-01,2,1008.72,4.7,0,0,4.4
O04941,C1773,V039,P0226,2025-12-10,1,489.11,6.3,1,0,4.4
O04942,C0998,V062,P0834,2025-03-27,5,1770.19,6.0,0,0,4.4
O04943,C1029,V014,P0263,2025-09-27,1,279.4,2.2,0,0,4.1
O04944,C0079,V100,P0549,2025-05-21,2,900.52,3.4,0,0,3.9
O04945,C0436,V023,P0623,2025-11-09,1,323.81,2.3,0,0,4.0
O04946,C1281,V074,P0714,2025-06-14,1,983.68,3.6,1,0,4.3
O04947,C2209,V027,P0309,2025-05-30,3,1193.41,5.0,0,0,4.2
O04948,C1065,V030,P0246,2025-05-15,4,2231.41,4.7,1,0,4.6
O04949,C2392,V006,P0019,2025-06-12,2,860.05,5.2,0,0,3.9
O04950,C2322,V012,P0483,2025-11-27,6,1649.14,2.5,0,0,4.1
O04951,C1192,V011,P0564,2025-08-03,2,1791.42,2.2,0,0,3.6
O04952,C1656,V091,P0627,2025-03-24,1,897.93,4.9,0,0,4.0
O04953,C2310,V019,P0209,2025-08-24,5,2464.22,5.0,0,0,4.3
O04954,C0912,V091,P0475,2025-03-08,2,1961.88,2.1,0,0,3.4
O04955,C0539,V020,P0071,2025-07-06,3,1023.66,4.0,0,0,4.4
O04956,C0734,V009,P0445,2025-11-27,2,1381.18,3.7,1,0,4.2
O04957,C0598,V023,P0161,2025-06-09,1,435.91,5.3,0,0,3.8
O04958,C1853,V045,P0821,2025-10-04,2,1400.98,2.0,0,1,4.2
O04959,C1013,V051,P0810,2025-08-27,3,1007.14,5.2,0,0,3.9
O04960,C1257,V011,P0896,2025-07-31,3,1396.97,3.5,0,0,4.4
O04961,C1984,V027,P0870,2025-10-17,5,2113.55,4.4,0,0,3.2
O04962,C0538,V005,P0105,2025-11-20,3,973.18,2.2,0,0,4.1
O04963,C1551,V020,P0696,2025-09-15,1,584.47,5.0,1,0,4.5
O04964,C2195,V053,P0710,2025-03-07,2,2905.77,4.8,0,0,3.8
O04965,C2394,V100,P0609,2025-11-13,1,570.81,4.0,0,0,4.2
O04966,C1609,V039,P0455,2025-01-13,2,1775.79,4.3,0,0,4.8
O04967,C2010,V002,P0339,2025-01-07,2,1133.87,3.5,0,0,3.4
O04968,C1670,V020,P0090,2025-04-12,1,559.41,3.4,0,0,4.0
O04969,C1404,V093,P0330,2025-03-27,4,2500.83,3.0,0,0,3.8
O04970,C1158,V039,P0175,2025-05-03,1,574.06,5.4,0,0,4.0
O04971,C0747,V013,P0493,2025-11-04,1,616.32,1.8,0,0,4.5
O04972,C0489,V063,P0321,2025-09-04,4,1046.42,2.0,0,0,4.7
O04973,C0460,V093,P0946,2025-03-16,1,626.01,4.5,1,0,4.0
O04974,C2058,V031,P0424,2025-12-16,2,1163.22,1.0,0,0,4.0
O04975,C2355,V085,P0915,2025-03-29,2,398.58,6.3,0,0,4.6
O04976,C2142,V070,P0871,2025-02-27,3,1508.24,3.9,1,0,4.0
O04977,C0939,V038,P0561,2025-11-09,3,1040.68,2.9,0,0,4.1
O04978,C1479,V017,P0772,2025-02-26,3,1309.63,4.3,0,0,4.4
O04979,C0758,V002,P0339,2025-07-14,2,810.58,3.7,1,0,4.5
O04980,C0821,V060,P0043,2025-05-28,2,838.93,3.9,0,0,4.4
O04981,C0806,V074,P0638,2025-10-30,4,1069.97,2.4,0,0,4.2
O04982,C1499,V100,P0609,2025-12-15,2,923.58,6.0,0,0,3.9
O04983,C0349,V092,P0126,2025-05-25,1,304.01,6.9,0,0,4.3
O04984,C1250,V026,P0408,2025-06-10,2,824.39,6.5,0,0,4.1
O04985,C0414,V044,P0030,2025-12-13,4,2111.32,4.6,0,0,4.4
O04986,C1829,V097,P0751,2025-11-02,2,654.81,8.7,0,0,4.0
O04987,C1687,V062,P0983,2025-01-14,2,2587.14,3.1,0,0,4.3
O04988,C2243,V080,P0298,2025-05-23,2,2772.65,4.8,0,0,4.3
O04989,C1340,V050,P0989,2025-06-15,1,506.08,3.8,0,0,4.8
O04990,C2432,V090,P0053,2025-02-03,4,1208.2,4.7,1,0,4.0
O04991,C1974,V047,P0245,2025-10-10,2,902.34,3.6,0,0,3.6
O04992,C2133,V080,P0866,2025-10-18,3,950.91,6.6,0,0,4.3
O04993,C0240,V064,P0812,2025-03-05,4,2640.15,3.0,0,1,3.8
O04994,C0882,V037,P0299,2025-10-03,3,1621.36,4.5,0,0,3.9
O04995,C2231,V052,P0667,2025-08-26,5,1742.31,4.1,1,0,4.1
O04996,C1141,V058,P0328,2025-04-03,3,1606.46,2.7,0,0,4.8
O04997,C0043,V077,P0942,2025-11-14,3,1343.55,4.8,0,0,4.5
O04998,C1068,V019,P0508,2025-06-13,2,514.99,4.2,0,1,5.0
O04999,C2286,V023,P0701,2025-02-25,1,595.89,4.1,0,0,4.0
O05000,C2271,V087,P0580,2025-05-23,3,1159.32,5.8,0,0,4.7
O05001,C2051,V056,P0504,2025-07-19,1,230.59,3.2,1,0,4.2
O05002,C1007,V074,P0782,2025-01-28,2,1136.17,3.0,0,0,4.1
O05003,C0632,V004,P0713,2025-03-02,2,1530.66,1.3,1,0,4.2
O05004,C0380,V081,P0227,2025-07-22,2,2026.1,3.6,0,0,4.7
O05005,C0554,V059,P0389,2025-11-13,1,643.41,5.1,0,0,3.8
O05006,C1714,V023,P0701,2025-08-19,1,593.69,4.0,0,0,4.8
O05007,C1468,V060,P0240,2025-01-28,1,437.28,1.8,1,0,3.7
O05008,C0181,V086,P0679,2025-03-10,1,321.65,3.6,0,0,3.9
O05009,C0335,V026,P0408,2025-08-12,1,449.62,2.1,0,1,3.9
O05010,C0632,V051,P0349,2025-02-17,2,1397.99,5.3,0,0,3.7
O05011,C1193,V076,P0602,2025-05-03,5,6468.65,5.0,0,0,5.0
O05012,C1588,V013,P0143,2025-04-05,4,2898.15,5.6,0,0,5.0
O05013,C0769,V073,P0284,2025-03-20,3,1420.54,4.1,0,0,4.3
O05014,C1588,V091,P0095,2025-10-17,2,615.26,3.5,0,0,3.1
O05015,C0606,V089,P0206,2025-12-29,2,1798.32,3.9,1,0,3.8
O05016,C0092,V039,P0985,2025-11-24,6,4459.37,4.8,0,0,4.4
O05017,C0561,V047,P0548,2025-02-07,2,2767.85,4.8,0,0,3.9
O05018,C0556,V013,P0135,2025-01-14,3,1454.91,3.3,0,0,4.7
O05019,C2151,V061,P0182,2025-11-07,6,4220.15,4.7,0,0,3.6
O05020,C0722,V031,P0201,2025-07-28,3,937.5,3.5,0,0,4.6
O05021,C1004,V032,P0971,2025-01-10,1,1604.58,4.3,0,0,3.8
O05022,C2448,V057,P0531,2025-06-13,1,289.81,3.5,0,0,4.5
O05023,C1729,V061,P0078,2025-03-31,2,428.16,5.7,0,0,3.9
O05024,C0429,V100,P0869,2025-11-14,1,210.28,4.3,0,0,4.1
O05025,C1056,V039,P0953,2025-03-02,1,234.43,4.4,0,0,4.8
O05026,C1604,V095,P0340,2025-11-04,4,7459.83,6.8,0,0,4.4
O05027,C0225,V031,P0413,2025-03-29,2,779.31,1.6,0,0,4.7
O05028,C1204,V054,P0661,2025-09-15,2,395.26,3.1,0,1,3.4
O05029,C0107,V079,P0773,2025-03-07,1,385.09,2.7,0,0,4.4
O05030,C0073,V047,P0429,2025-07-17,5,2187.57,3.0,0,0,4.1
O05031,C1180,V080,P0866,2025-12-22,5,1614.04,4.2,0,0,4.0
O05032,C2475,V085,P0892,2025-08-29,1,565.89,6.2,0,0,4.2
O05033,C1635,V070,P0084,2025-01-17,1,691.81,5.1,0,0,4.7
O05034,C1367,V056,P1000,2025-11-04,1,601.0,1.7,0,0,4.0
O05035,C1776,V065,P0416,2025-07-14,3,3284.91,4.2,0,0,4.7
O05036,C0519,V097,P0456,2025-07-05,1,330.91,4.9,0,0,4.7
O05037,C2134,V056,P0646,2025-01-28,1,254.39,4.5,0,0,4.1
O05038,C1992,V012,P0593,2025-03-28,2,1406.23,5.6,0,0,4.1
O05039,C2050,V062,P0037,2025-01-07,4,627.43,4.3,0,0,3.8
O05040,C2099,V025,P0196,2025-01-12,7,2779.95,3.9,0,0,4.6
O05041,C1299,V062,P0469,2025-01-15,1,512.54,3.9,0,0,4.0
O05042,C2307,V093,P0955,2025-05-18,2,1758.86,2.3,0,0,4.7
O05043,C1371,V100,P0889,2025-07-17,1,526.27,5.3,0,0,3.9
O05044,C0146,V077,P0062,2025-11-10,2,784.27,3.9,1,0,4.5
O05045,C0266,V080,P0669,2025-08-11,1,283.04,2.4,0,0,3.8
O05046,C0906,V032,P0933,2025-12-31,3,560.94,5.6,0,0,4.8
O05047,C1830,V015,P0950,2025-06-16,5,1210.65,5.1,0,0,4.6
O05048,C1296,V041,P0091,2025-07-21,1,467.33,4.3,0,0,4.0
O05049,C1442,V032,P0571,2025-08-10,2,795.48,5.6,0,0,4.3
O05050,C1559,V039,P0481,2025-08-06,3,2225.04,4.5,0,1,4.5
O05051,C0234,V076,P0774,2025-03-13,2,1701.99,2.5,0,0,3.6
O05052,C0820,V071,P0457,2025-09-17,3,4950.8,1.0,1,0,4.3
O05053,C0165,V079,P0773,2025-04-13,2,792.5,1.3,0,0,4.1
O05054,C0906,V095,P0656,2025-05-12,1,273.93,5.6,0,0,4.5
O05055,C1793,V046,P0200,2025-08-31,2,726.76,1.6,0,0,4.0
O05056,C1816,V044,P0796,2025-04-08,4,2681.29,6.6,0,0,4.7
O05057,C1492,V100,P0869,2025-11-01,1,216.14,4.0,0,0,4.0
O05058,C2474,V084,P0570,2025-02-05,2,1287.27,5.3,0,0,3.4
O05059,C0281,V100,P0820,2025-01-18,1,1311.26,5.7,0,0,3.9
O05060,C0216,V100,P0596,2025-02-07,3,1376.33,5.1,1,0,4.8
O05061,C1757,V075,P0616,2025-01-19,3,1569.18,5.6,0,0,3.7
O05062,C2126,V022,P0692,2025-05-05,2,1461.27,5.4,0,1,3.9
O05063,C1233,V015,P0970,2025-09-10,2,339.66,3.9,0,0,4.3
O05064,C1793,V049,P0835,2025-02-28,1,426.16,6.4,0,0,4.7
O05065,C1428,V037,P0249,2025-04-04,3,619.3,3.5,0,0,3.4
O05066,C0891,V034,P0798,2025-10-10,1,773.6,2.7,0,0,3.9
O05067,C1495,V096,P0304,2025-03-09,2,775.42,5.7,0,0,4.1
O05068,C2339,V076,P0104,2025-05-08,1,600.54,2.6,0,0,4.7
O05069,C1878,V090,P0689,2025-10-27,1,616.96,4.3,0,0,3.6
O05070,C1372,V056,P0988,2025-02-10,1,928.51,3.5,0,0,4.7
O05071,C1203,V026,P0476,2025-10-06,5,1098.77,3.8,0,0,4.1
O05072,C0358,V071,P0457,2025-01-02,5,8698.86,3.0,0,0,3.9
O05073,C0870,V052,P0911,2025-03-23,1,824.17,3.4,0,0,3.5
O05074,C0639,V019,P0001,2025-09-21,2,1094.46,2.5,0,0,4.1
O05075,C2141,V067,P0682,2025-01-17,1,586.13,2.7,0,0,3.4
O05076,C1374,V043,P0768,2025-05-25,2,1393.97,7.7,0,0,3.8
O05077,C2021,V040,P0754,2025-10-11,1,239.16,4.5,0,0,4.4
O05078,C0916,V087,P0320,2025-02-17,2,1656.09,5.5,1,0,4.6
O05079,C0635,V059,P0569,2025-08-13,6,2563.69,2.8,0,1,4.1
O05080,C2400,V070,P0084,2025-07-17,4,2754.39,5.1,0,0,4.0
O05081,C2295,V028,P0489,2025-09-13,1,876.89,3.9,0,0,4.0
O05082,C1763,V073,P0976,2025-01-16,5,2253.88,6.9,1,0,3.8
O05083,C0499,V083,P0324,2025-10-16,3,1222.97,6.4,0,0,4.3
O05084,C1116,V057,P0351,2025-02-23,2,1035.03,6.5,0,0,4.0
O05085,C1868,V075,P0362,2025-01-21,3,2147.04,4.3,0,0,4.5
O05086,C1366,V070,P0941,2025-07-22,1,404.39,3.2,0,0,4.4
O05087,C0967,V027,P0261,2025-02-21,2,886.51,2.3,1,0,4.2
O05088,C1711,V013,P0763,2025-08-23,2,1038.88,3.6,0,0,4.2
O05089,C0766,V026,P0448,2025-04-24,1,986.77,2.9,0,0,5.0
O05090,C1520,V067,P0954,2025-11-24,4,3997.68,3.7,0,0,3.4
O05091,C1812,V077,P0153,2025-12-14,1,512.1,5.2,0,1,4.6
O05092,C0764,V025,P0788,2025-07-30,2,1388.47,3.4,0,0,4.4
O05093,C0975,V033,P0006,2025-08-23,3,2498.57,6.4,0,0,4.5
O05094,C1864,V044,P0875,2025-08-12,6,3438.19,2.9,0,0,4.0
O05095,C1872,V024,P0177,2025-11-10,1,501.75,4.1,0,0,4.3
O05096,C0722,V064,P0107,2025-11-20,3,1958.31,3.3,0,1,3.5
O05097,C1547,V042,P0081,2025-02-22,1,310.99,4.7,0,0,3.8
O05098,C1787,V034,P0068,2025-08-23,1,371.17,3.0,0,0,3.7
O05099,C0459,V033,P0601,2025-11-29,4,2536.73,6.0,0,0,4.0
O05100,C2073,V067,P0749,2025-06-17,5,1878.16,5.1,1,0,4.3
O05101,C0754,V095,P0118,2025-05-06,5,4322.55,5.2,1,0,4.0
O05102,C1711,V021,P0784,2025-03-03,4,1988.57,3.7,0,0,4.4
O05103,C0963,V026,P0486,2025-02-04,2,1175.62,1.8,1,0,4.3
O05104,C1891,V038,P0668,2025-11-03,1,243.93,4.8,0,1,3.9
O05105,C2199,V059,P0775,2025-08-19,3,1101.63,2.7,1,0,3.6
O05106,C0504,V060,P0975,2025-12-07,2,720.28,3.7,0,0,3.7
O05107,C1793,V086,P0407,2025-04-24,1,683.36,5.1,0,0,4.1
O05108,C0089,V047,P0726,2025-03-13,4,1868.75,3.1,0,0,3.1
O05109,C0639,V066,P0729,2025-01-26,6,3330.56,3.5,0,0,4.2
O05110,C2464,V096,P0174,2025-06-10,3,940.8,4.6,0,0,3.6
O05111,C1403,V097,P0705,2025-06-29,2,1101.97,4.9,0,0,4.2
O05112,C1386,V058,P0328,2025-12-25,1,608.51,3.2,0,1,4.3
O05113,C0986,V009,P0188,2025-12-05,2,1036.89,3.2,0,0,3.7
O05114,C1919,V038,P0203,2025-07-02,7,5063.1,5.1,0,0,4.3
O05115,C2062,V005,P0350,2025-02-08,3,3413.36,5.1,0,0,4.3
O05116,C0153,V070,P0084,2025-04-02,1,710.11,5.5,0,0,4.5
O05117,C2337,V041,P0693,2025-09-14,1,341.74,3.1,0,0,4.0
O05118,C1194,V086,P0679,2025-08-31,2,679.44,4.8,0,0,3.4
O05119,C0277,V048,P0521,2025-02-25,2,656.53,5.8,1,0,4.5
O05120,C0983,V053,P0307,2025-07-30,5,2527.03,4.8,1,0,4.3
O05121,C2389,V081,P0487,2025-05-11,3,820.15,4.0,0,1,3.9
O05122,C1300,V061,P0624,2025-06-02,2,1059.86,4.5,0,0,4.4
O05123,C0039,V026,P0857,2025-12-23,2,3371.66,5.4,0,0,3.7
O05124,C1225,V041,P0585,2025-08-03,5,4258.13,2.8,0,0,4.6
O05125,C0616,V015,P0876,2025-08-21,4,5117.34,5.2,0,0,4.3
O05126,C0616,V042,P0492,2025-01-26,4,1994.59,4.4,0,0,4.4
O05127,C2490,V095,P0120,2025-04-08,4,2184.47,5.7,0,0,4.0
O05128,C2229,V030,P0246,2025-08-11,4,1778.23,4.5,1,0,4.2
O05129,C1784,V016,P0085,2025-05-04,2,1975.79,3.6,0,0,4.4
O05130,C0994,V097,P0276,2025-10-13,2,1618.08,3.8,0,0,4.7
O05131,C0360,V006,P0577,2025-01-10,2,1336.36,6.2,0,0,4.5
O05132,C2376,V057,P0021,2025-10-01,1,342.55,6.1,0,0,4.3
O05133,C2262,V046,P0739,2025-12-23,3,789.44,2.9,0,0,3.8
O05134,C1604,V046,P0594,2025-10-24,3,1311.99,2.8,0,0,3.4
O05135,C1502,V044,P0903,2025-01-26,1,868.58,5.3,0,0,4.5
O05136,C1571,V038,P0561,2025-01-07,2,926.39,4.8,0,0,4.1
O05137,C1543,V026,P0272,2025-03-14,4,2346.12,4.7,0,1,4.3
O05138,C2114,V062,P0727,2025-08-28,1,519.48,2.2,0,0,4.7
O05139,C0166,V063,P0663,2025-12-29,1,312.75,2.3,1,0,4.6
O05140,C1984,V080,P0686,2025-09-23,2,927.79,4.0,0,0,3.8
O05141,C1090,V041,P0404,2025-12-17,6,3915.79,2.8,0,0,4.0
O05142,C1883,V039,P0740,2025-04-22,1,408.89,5.2,0,0,4.6
O05143,C0728,V070,P0084,2025-03-19,2,1281.09,7.1,1,0,3.6
O05144,C2243,V026,P0813,2025-06-09,2,1426.61,4.1,0,0,4.2
O05145,C1416,V014,P0421,2025-01-05,2,1629.37,3.4,1,0,3.8
O05146,C2240,V014,P0850,2025-01-19,2,1179.17,3.1,0,0,3.6
O05147,C1214,V068,P0155,2025-07-25,4,2966.01,3.6,0,0,4.8
O05148,C1364,V017,P0271,2025-01-11,4,3628.49,3.5,0,0,3.7
O05149,C2176,V075,P0024,2025-09-05,3,1493.13,3.6,1,0,4.3
O05150,C1588,V092,P0126,2025-05-30,3,929.84,4.5,0,0,4.5
O05151,C2133,V047,P0244,2025-08-12,2,663.14,2.7,0,0,3.9
O05152,C1345,V013,P0135,2025-07-31,1,457.21,4.1,0,0,5.0
O05153,C1451,V047,P0245,2025-08-22,2,1008.4,4.2,1,0,3.8
O05154,C1194,V058,P0208,2025-10-14,4,4381.37,4.4,0,0,3.9
O05155,C1780,V034,P0981,2025-03-07,2,1067.47,3.6,1,0,4.2
O05156,C1875,V040,P0913,2025-02-10,1,294.66,4.0,0,0,4.4
O05157,C0298,V002,P0783,2025-03-26,1,423.75,6.1,0,0,4.1
O05158,C2336,V052,P0791,2025-06-01,3,2256.7,4.0,0,0,3.5
O05159,C1677,V087,P0499,2025-02-17,3,1392.25,5.3,0,0,4.0
O05160,C0363,V096,P0388,2025-01-09,1,688.71,4.1,0,0,4.2
O05161,C2069,V046,P0359,2025-08-08,1,482.97,3.8,0,0,3.8
O05162,C2462,V060,P0995,2025-06-30,1,428.42,4.2,0,0,4.1
O05163,C1870,V081,P0618,2025-11-16,3,1888.21,2.5,0,0,4.2
O05164,C0347,V048,P0430,2025-07-04,2,962.93,3.5,0,0,4.2
O05165,C1911,V026,P0746,2025-06-14,1,772.97,5.3,0,0,4.6
O05166,C0161,V046,P0948,2025-10-29,5,1483.63,4.3,1,0,3.2
O05167,C0751,V010,P0777,2025-01-07,4,6803.37,3.7,0,0,4.5
O05168,C1784,V091,P0627,2025-11-03,1,755.36,5.3,1,0,3.7
O05169,C0348,V050,P0989,2025-10-08,1,522.0,5.5,0,0,4.6
O05170,C1852,V042,P0268,2025-02-16,4,3095.46,4.3,0,0,4.5
O05171,C1630,V039,P0985,2025-05-26,2,1343.19,6.0,0,0,3.4
O05172,C0798,V052,P0956,2025-04-29,1,837.13,4.3,0,0,5.0
O05173,C0672,V035,P0833,2025-02-12,2,2055.56,4.4,0,0,3.8
O05174,C1608,V011,P0525,2025-10-29,1,769.47,3.2,0,0,4.7
O05175,C0273,V082,P0488,2025-03-21,4,1578.42,5.3,1,0,4.9
O05176,C0316,V003,P0895,2025-08-14,2,502.21,1.3,0,0,4.4
O05177,C0034,V082,P0301,2025-09-14,2,1081.07,4.9,0,0,4.3
O05178,C0740,V017,P0769,2025-05-23,1,553.51,3.6,0,0,4.0
O05179,C2340,V100,P0619,2025-10-04,4,2443.05,4.3,0,1,4.8
O05180,C1197,V036,P0334,2025-12-03,2,642.99,4.1,0,0,4.1
O05181,C1875,V046,P0664,2025-06-11,3,3209.4,2.9,0,0,3.6
O05182,C0423,V030,P0523,2025-04-19,3,1432.39,5.2,0,0,3.8
O05183,C0572,V009,P0188,2025-04-14,3,1221.41,3.0,0,0,4.4
O05184,C2315,V041,P0585,2025-08-02,2,1683.21,2.8,0,0,4.4
O05185,C0993,V026,P0486,2025-12-02,4,2564.96,4.9,0,0,4.6
O05186,C1530,V043,P0849,2025-11-18,2,2225.11,5.4,0,0,3.4
O05187,C2147,V039,P0740,2025-11-06,4,1911.27,4.8,1,0,3.8
O05188,C0745,V078,P0086,2025-08-29,3,2025.6,3.3,0,0,3.4
O05189,C1591,V048,P0094,2025-05-13,1,934.64,4.9,0,0,4.8
O05190,C2277,V085,P0892,2025-11-12,6,3812.82,5.2,0,0,3.5
O05191,C1639,V076,P0419,2025-10-20,3,2044.71,1.8,0,0,4.2
O05192,C1570,V093,P0491,2025-04-21,1,431.3,6.0,0,0,3.9
O05193,C0040,V051,P0384,2025-02-01,1,466.53,3.0,0,0,3.7
O05194,C1817,V089,P0437,2025-07-27,2,1282.89,4.2,0,0,4.0
O05195,C0897,V013,P0412,2025-08-02,1,515.39,3.3,0,0,4.1
O05196,C1559,V066,P0035,2025-03-21,2,1893.45,7.0,0,0,4.0
O05197,C1849,V091,P0475,2025-01-20,3,3022.41,3.6,0,1,3.4
O05198,C2271,V014,P0850,2025-08-19,3,1754.3,3.0,1,0,4.2
O05199,C0110,V056,P0894,2025-10-25,3,2087.35,4.7,0,0,3.8
O05200,C1593,V094,P0281,2025-01-10,1,1013.74,2.5,0,0,4.1
O05201,C1506,V019,P0187,2025-12-04,4,1743.98,4.7,0,0,5.0
O05202,C1102,V073,P0767,2025-01-11,1,515.02,5.1,0,0,4.1
O05203,C0304,V064,P0361,2025-02-28,2,699.85,3.3,0,0,3.4
O05204,C0141,V077,P0062,2025-10-15,1,361.88,5.9,0,0,4.9
O05205,C1775,V078,P0968,2025-10-01,1,282.85,2.2,0,0,4.0
O05206,C2374,V090,P0919,2025-08-14,6,6522.42,5.1,0,0,4.9
O05207,C0909,V057,P0418,2025-03-21,1,521.4,3.5,1,0,4.7
O05208,C0998,V021,P0819,2025-11-01,2,669.69,3.5,0,0,4.6
O05209,C0364,V077,P0865,2025-12-21,1,1289.5,6.3,1,0,4.3
O05210,C0653,V002,P0722,2025-01-10,3,3586.53,4.5,0,0,3.8
O05211,C1403,V048,P0255,2025-02-12,1,984.7,4.7,1,0,4.5
O05212,C1638,V093,P0977,2025-10-14,3,2648.52,5.2,0,1,4.0
O05213,C0546,V085,P0166,2025-10-16,4,4069.5,8.2,1,0,3.8
O05214,C1248,V054,P0498,2025-05-11,1,542.99,3.6,0,0,4.4
O05215,C1091,V037,P0452,2025-10-27,2,982.72,3.5,0,1,4.3
O05216,C1757,V054,P0241,2025-05-23,2,1340.51,3.7,0,0,4.7
O05217,C0174,V096,P0304,2025-08-11,5,2095.4,3.6,0,0,3.9
O05218,C1487,V092,P0152,2025-11-18,1,738.03,6.8,1,0,4.7
O05219,C1732,V015,P0327,2025-04-03,1,749.93,4.6,0,1,5.0
O05220,C1674,V048,P0094,2025-09-23,1,1059.48,5.8,0,1,4.4
O05221,C2346,V007,P0329,2025-07-02,3,2418.95,2.9,0,0,4.2
O05222,C1638,V074,P0546,2025-09-03,2,1339.56,3.2,1,0,3.8
O05223,C0790,V054,P0498,2025-07-21,2,1048.55,4.1,0,0,4.2
O05224,C0100,V080,P0026,2025-10-22,2,975.86,4.1,0,0,4.1
O05225,C0677,V093,P0920,2025-01-01,3,1234.16,3.2,0,0,4.6
O05226,C1070,V023,P0446,2025-09-19,3,1084.1,2.1,0,0,4.9
O05227,C1497,V058,P0208,2025-11-06,2,1966.94,1.5,0,0,3.8
O05228,C1100,V041,P0386,2025-09-14,3,1494.85,3.5,0,0,3.9
O05229,C0100,V025,P0807,2025-07-05,1,716.77,4.4,0,0,5.0
O05230,C1936,V069,P0365,2025-01-06,3,1476.57,3.5,0,0,3.7
O05231,C0330,V027,P0261,2025-10-17,1,447.0,3.9,0,1,3.7
O05232,C1167,V051,P0496,2025-08-15,2,1147.51,4.1,0,0,4.6
O05233,C1079,V066,P0138,2025-01-29,3,2800.2,4.7,0,0,4.7
O05234,C1562,V026,P0857,2025-01-04,2,3193.66,3.8,0,0,4.4
O05235,C2244,V027,P0870,2025-11-26,4,1876.11,2.2,0,0,3.2
O05236,C1357,V003,P0288,2025-11-02,4,3066.42,4.4,0,0,4.9
O05237,C0091,V003,P0204,2025-01-07,1,512.14,1.2,0,1,4.5
O05238,C1784,V067,P0357,2025-12-31,1,337.68,3.5,0,0,4.5
O05239,C0737,V033,P0554,2025-05-27,3,1256.15,5.0,0,0,3.7
O05240,C1493,V043,P0073,2025-09-24,2,549.19,6.8,0,0,4.1
O05241,C2225,V062,P0597,2025-09-02,1,359.0,6.9,0,0,4.1
O05242,C1188,V065,P0171,2025-07-29,1,1046.37,2.7,0,0,4.3
O05243,C1696,V084,P0570,2025-06-16,1,623.08,5.0,0,0,3.7
O05244,C1435,V073,P0767,2025-11-27,1,541.0,5.6,0,0,3.7
O05245,C1098,V043,P0991,2025-10-21,3,2590.95,4.1,0,0,4.6
O05246,C2207,V013,P0559,2025-07-10,1,995.59,1.8,0,0,4.4
O05247,C1284,V091,P0707,2025-06-21,1,918.51,5.1,1,0,3.4
O05248,C1929,V021,P0503,2025-02-06,1,463.75,4.3,0,0,4.8
O05249,C2012,V088,P0192,2025-06-24,1,805.38,4.3,0,0,4.0
O05250,C1410,V057,P0366,2025-06-27,1,251.54,4.1,0,0,5.0
O05251,C2145,V070,P0141,2025-12-04,1,618.3,5.7,0,0,5.0
O05252,C1938,V027,P0309,2025-01-10,1,370.15,4.2,0,0,4.2
O05253,C1894,V078,P0685,2025-01-01,3,833.93,6.0,0,0,4.1
O05254,C0218,V031,P0413,2025-06-29,2,920.38,1.4,0,0,4.8
O05255,C1834,V054,P0405,2025-07-11,1,278.35,4.5,0,0,3.6
O05256,C0921,V086,P0535,2025-01-23,1,931.52,2.0,0,0,3.8
O05257,C0666,V025,P0914,2025-02-24,2,1283.28,2.6,0,0,4.8
O05258,C2385,V099,P0567,2025-07-26,1,550.64,2.9,0,0,4.5
O05259,C2276,V091,P0239,2025-01-06,2,963.05,2.9,0,0,4.2
O05260,C0567,V005,P0789,2025-12-16,2,1226.98,4.4,0,0,4.1
O05261,C0124,V066,P0138,2025-03-26,5,5299.18,4.6,0,0,4.2
O05262,C0981,V057,P0847,2025-12-29,3,2451.24,3.1,1,0,4.6
O05263,C0618,V002,P0781,2025-12-25,1,949.44,4.6,0,0,4.3
O05264,C0058,V053,P0257,2025-10-30,2,1530.04,4.8,1,0,4.0
O05265,C1731,V037,P0785,2025-02-10,1,375.03,4.5,0,0,3.5
O05266,C2219,V100,P0010,2025-12-12,2,2078.83,6.8,0,0,3.9
O05267,C0144,V067,P0749,2025-04-12,1,447.51,2.2,0,0,3.7
O05268,C1688,V044,P0207,2025-09-11,1,783.14,4.2,0,0,4.6
O05269,C1004,V036,P0598,2025-12-11,2,796.41,4.2,0,0,3.3
O05270,C0039,V029,P0541,2025-01-07,1,1189.87,2.5,0,0,3.7
O05271,C2000,V085,P0780,2025-09-21,4,1443.97,5.5,0,0,3.5
O05272,C1085,V066,P0538,2025-08-14,4,5270.12,5.5,0,0,5.0
O05273,C0093,V037,P0695,2025-12-23,2,2268.96,5.0,1,0,4.0
O05274,C1600,V015,P0184,2025-09-02,6,5299.65,4.2,0,0,4.2
O05275,C0303,V027,P0877,2025-02-19,4,1034.27,4.4,0,0,3.8
O05276,C2372,V007,P0485,2025-12-12,1,539.83,2.8,0,0,4.2
O05277,C2427,V027,P0394,2025-03-11,2,1142.55,2.1,0,0,4.0
O05278,C0637,V031,P0620,2025-07-15,1,797.58,1.3,0,0,4.8
O05279,C1709,V068,P0978,2025-09-18,2,1631.7,4.2,0,0,4.3
O05280,C2184,V026,P0857,2025-04-30,2,3243.79,4.5,0,0,3.8
O05281,C0969,V071,P0015,2025-07-24,3,1451.34,2.4,0,0,3.3
O05282,C1768,V070,P0141,2025-11-22,2,1386.08,4.8,0,0,4.2
O05283,C1670,V067,P0357,2025-04-20,2,685.98,4.3,0,0,4.1
O05284,C1830,V013,P0135,2025-04-27,5,1962.95,4.7,0,0,4.4
O05285,C1476,V055,P0862,2025-04-29,3,2106.19,2.0,0,0,4.1
O05286,C1789,V005,P0527,2025-05-15,1,730.56,2.9,0,0,3.6
O05287,C0228,V091,P0236,2025-01-27,1,513.11,4.8,1,0,3.8
O05288,C0547,V051,P0607,2025-05-17,2,1014.47,4.2,0,0,5.0
O05289,C1691,V013,P0412,2025-09-20,3,1478.74,3.7,0,0,4.6
O05290,C0013,V045,P0198,2025-06-28,3,2734.96,2.1,0,0,5.0
O05291,C0651,V089,P0512,2025-07-29,6,3015.05,1.0,0,0,4.1
O05292,C0994,V060,P0995,2025-11-12,1,357.07,4.4,0,0,4.3
O05293,C0234,V024,P0472,2025-08-14,2,860.71,3.6,0,1,4.1
O05294,C1927,V096,P0388,2025-07-12,1,759.33,5.3,0,0,4.0
O05295,C1367,V020,P0090,2025-03-02,3,2189.75,4.0,0,0,4.1
O05296,C1096,V083,P0893,2025-02-20,1,403.21,3.2,0,0,4.0
O05297,C2415,V020,P0154,2025-07-28,2,1336.89,5.7,0,0,3.2
O05298,C1949,V077,P0153,2025-04-01,1,467.34,5.6,1,0,3.1
O05299,C1341,V042,P0268,2025-01-04,1,721.13,4.8,0,0,4.7
O05300,C0271,V013,P0412,2025-12-20,1,466.61,4.8,0,0,4.4
O05301,C0279,V065,P0649,2025-06-28,1,486.19,5.1,0,0,4.5
O05302,C0586,V014,P0748,2025-03-14,6,1959.88,1.9,0,0,4.1
O05303,C1342,V057,P0021,2025-12-13,2,746.96,3.4,0,0,3.6
O05304,C0174,V063,P0838,2025-04-17,2,1760.92,1.5,0,0,3.8
O05305,C1705,V038,P0888,2025-08-02,2,1791.06,5.1,0,0,3.9
O05306,C0803,V021,P0431,2025-05-23,1,248.58,4.7,1,0,3.9
O05307,C1930,V068,P0197,2025-06-26,2,1826.96,4.0,0,0,4.0
O05308,C0327,V034,P0300,2025-11-20,2,1181.95,3.4,0,0,3.4
O05309,C1527,V012,P0033,2025-09-28,4,3914.07,3.4,0,0,4.2
O05310,C0733,V087,P0565,2025-06-03,1,415.68,5.3,0,0,4.0
O05311,C1354,V087,P0633,2025-12-01,2,1423.41,6.0,1,0,4.1
O05312,C0875,V058,P0808,2025-06-19,1,362.98,4.2,0,0,4.7
O05313,C0846,V037,P0785,2025-02-20,1,348.15,1.9,0,0,4.5
O05314,C0344,V048,P0038,2025-01-24,1,571.6,4.7,1,0,4.0
O05315,C0037,V016,P0167,2025-04-03,2,846.27,4.2,0,0,4.8
O05316,C0151,V088,P0112,2025-05-14,1,499.86,6.2,1,0,5.0
O05317,C1229,V084,P0332,2025-12-09,1,282.78,2.5,0,0,3.9
O05318,C2345,V024,P0177,2025-03-04,2,1196.34,4.2,0,0,4.5
O05319,C1496,V082,P0544,2025-07-12,2,628.65,3.3,0,0,5.0
O05320,C1490,V036,P0540,2025-01-25,4,1996.84,2.9,0,0,3.9
O05321,C2429,V003,P0895,2025-11-27,2,466.54,3.8,0,0,4.0
O05322,C0961,V025,P0788,2025-07-03,5,3106.85,4.0,1,0,3.7
O05323,C1801,V048,P0255,2025-11-05,3,3242.17,4.7,0,0,4.4
O05324,C1580,V021,P0378,2025-09-07,3,1015.72,4.9,0,0,4.2
O05325,C1359,V035,P0211,2025-08-25,1,615.82,4.3,0,0,3.9
O05326,C1938,V095,P0999,2025-08-14,4,1544.76,3.3,0,0,3.7
O05327,C1470,V084,P0191,2025-04-24,3,1877.48,3.9,0,0,3.9
O05328,C1484,V091,P0644,2025-08-04,1,291.83,3.9,0,0,2.7
O05329,C0960,V012,P0473,2025-10-07,1,414.04,3.9,0,0,4.2
O05330,C0510,V093,P0955,2025-05-21,2,1721.46,5.5,0,0,4.5
O05331,C1377,V074,P0139,2025-11-01,1,571.34,2.1,0,1,4.2
O05332,C2017,V076,P0453,2025-05-01,3,1458.76,3.5,0,0,3.9
O05333,C1542,V004,P0319,2025-07-10,2,776.07,2.4,0,0,3.6
O05334,C2269,V086,P0551,2025-10-12,2,908.81,1.1,0,0,3.6
O05335,C0327,V081,P0854,2025-02-24,3,1250.32,3.6,0,0,3.8
O05336,C1750,V041,P0943,2025-04-06,1,553.15,3.5,0,0,3.6
O05337,C1000,V031,P0277,2025-02-05,3,3657.58,2.8,0,0,4.6
O05338,C1321,V071,P0592,2025-09-20,1,624.54,1.0,0,0,4.2
O05339,C0613,V017,P0271,2025-07-22,2,1714.27,3.7,0,0,4.4
O05340,C0850,V019,P0187,2025-04-30,2,976.01,3.5,0,0,4.0
O05341,C1089,V037,P0803,2025-12-24,1,874.29,3.7,0,0,4.1
O05342,C1731,V027,P0877,2025-06-18,1,255.73,3.5,1,0,3.6
O05343,C1362,V040,P0790,2025-12-11,1,442.76,2.9,0,0,3.6
O05344,C1048,V081,P0618,2025-09-28,2,1381.22,1.2,1,0,3.7
O05345,C2215,V030,P0523,2025-08-02,3,1363.91,4.9,0,0,3.7
O05346,C1040,V074,P0782,2025-09-24,2,1357.65,3.6,0,0,4.0
O05347,C1654,V017,P0310,2025-03-04,2,839.54,2.3,0,0,4.3
O05348,C1815,V038,P0738,2025-06-27,1,283.51,5.3,0,0,4.4
O05349,C0320,V084,P0570,2025-12-13,2,1368.95,5.2,0,0,3.6
O05350,C2299,V066,P0931,2025-11-05,1,961.47,5.3,0,0,4.0
O05351,C2296,V092,P0436,2025-07-01,4,3680.27,4.3,0,0,3.4
O05352,C0847,V082,P0488,2025-06-02,3,1322.99,4.5,0,0,4.6
O05353,C0344,V020,P0765,2025-05-31,3,741.49,4.8,0,0,4.1
O05354,C0629,V081,P0618,2025-02-21,3,1798.58,4.0,0,0,3.8
O05355,C1873,V075,P0169,2025-01-08,3,2629.81,3.5,0,0,3.6
O05356,C1169,V082,P0426,2025-11-03,3,2304.88,5.5,0,0,4.2
O05357,C1451,V021,P0503,2025-03-15,2,868.84,3.9,0,0,4.2
O05358,C0501,V073,P0341,2025-12-02,1,572.33,6.1,0,0,4.5
O05359,C2337,V029,P0291,2025-07-29,1,1047.14,3.8,0,1,4.1
O05360,C0315,V054,P0736,2025-06-22,5,3842.81,4.1,0,0,4.2
O05361,C1081,V071,P0121,2025-03-16,1,410.64,2.1,0,0,3.5
O05362,C2010,V060,P0995,2025-09-14,3,997.65,4.8,0,0,4.1
O05363,C0862,V066,P0931,2025-10-02,1,926.96,4.3,1,0,4.0
O05364,C0775,V002,P0843,2025-10-20,3,2900.16,3.4,0,0,3.8
O05365,C0792,V069,P0550,2025-03-19,4,2070.93,3.4,0,0,4.1
O05366,C0560,V052,P0791,2025-04-21,1,603.19,3.8,1,0,3.7
O05367,C0033,V044,P0560,2025-01-07,2,1062.39,5.2,1,0,3.9
O05368,C1327,V074,P0782,2025-01-15,2,1402.29,6.4,0,0,3.6
O05369,C1990,V004,P0319,2025-09-26,1,368.94,4.2,0,0,3.8
O05370,C1627,V013,P0093,2025-02-15,4,2200.84,2.7,0,0,4.6
O05371,C2184,V079,P0922,2025-05-24,2,808.27,4.7,0,0,4.6
O05372,C1592,V031,P0620,2025-09-29,3,2646.04,1.8,0,0,4.7
O05373,C1613,V077,P0103,2025-07-15,2,902.45,4.3,0,0,4.1
O05374,C2158,V100,P0949,2025-04-18,4,774.59,4.0,0,0,3.1
O05375,C0976,V033,P0006,2025-07-27,4,3651.95,5.2,1,0,4.1
O05376,C2186,V066,P0286,2025-03-15,3,2477.69,3.3,0,0,4.5
O05377,C1788,V052,P0231,2025-03-17,3,1843.31,4.2,0,0,4.5
O05378,C0050,V085,P0780,2025-11-19,1,323.79,5.8,0,0,3.6
O05379,C2295,V005,P0423,2025-10-31,2,1187.43,4.7,0,0,3.7
O05380,C1668,V051,P0190,2025-10-31,4,2700.02,4.7,0,0,4.6
O05381,C0014,V020,P0154,2025-06-06,2,1394.7,4.5,0,0,4.2
O05382,C1491,V020,P0090,2025-08-26,3,2141.75,4.6,0,0,4.0
O05383,C0967,V037,P0681,2025-11-16,2,1130.05,4.9,0,0,3.6
O05384,C0737,V083,P0893,2025-05-12,3,1263.81,3.5,0,0,4.0
O05385,C0491,V066,P0931,2025-04-21,4,3550.35,4.1,0,0,4.6
O05386,C2266,V080,P0518,2025-05-29,2,3249.86,4.7,0,0,4.0
O05387,C1118,V083,P0324,2025-12-29,4,1795.7,3.9,0,0,3.9
O05388,C0016,V055,P0801,2025-05-01,2,1391.41,5.9,0,0,4.0
O05389,C0742,V066,P0490,2025-12-26,4,2154.16,3.7,0,0,5.0
O05390,C1071,V057,P0588,2025-07-25,1,351.77,2.3,0,0,3.7
O05391,C1352,V014,P0725,2025-01-23,2,883.52,4.3,0,0,4.9
O05392,C0607,V048,P0051,2025-05-27,2,1599.31,5.1,0,0,4.8
O05393,C1975,V051,P0935,2025-10-14,1,815.82,3.8,0,0,3.7
O05394,C2176,V079,P0922,2025-08-19,3,1231.9,1.1,1,0,4.9
O05395,C0201,V042,P0492,2025-11-21,3,1594.13,4.1,0,0,4.5
O05396,C0819,V083,P0929,2025-05-31,1,712.78,3.5,0,0,4.1
O05397,C1200,V044,P0379,2025-11-18,5,2201.51,3.5,0,0,4.4
O05398,C2318,V063,P0636,2025-09-25,1,337.82,2.3,0,0,4.5
O05399,C0547,V087,P0565,2025-12-08,1,435.71,6.2,1,0,3.3
O05400,C1074,V007,P0485,2025-11-13,3,1599.89,4.2,0,0,3.5
O05401,C0872,V058,P0824,2025-09-18,2,1560.05,3.4,0,0,4.3
O05402,C0228,V003,P0032,2025-06-22,2,1135.25,1.8,0,0,4.5
O05403,C0961,V027,P0394,2025-01-20,1,630.93,4.7,0,0,3.9
O05404,C1831,V032,P0364,2025-02-04,4,1570.26,5.4,0,0,4.6
O05405,C1775,V033,P0017,2025-06-12,4,5312.31,5.5,0,0,4.5
O05406,C1687,V062,P0037,2025-05-09,1,146.75,4.4,1,0,4.3
O05407,C0775,V086,P0011,2025-08-31,1,534.48,4.6,0,0,4.5
O05408,C0612,V020,P0470,2025-02-21,3,2235.3,3.8,0,1,3.6
O05409,C0739,V026,P0476,2025-11-26,1,228.08,5.5,0,0,4.4
O05410,C2002,V061,P0216,2025-04-09,2,1005.58,4.9,0,0,4.0
O05411,C1734,V023,P0831,2025-02-03,3,2934.16,2.9,0,0,5.0
O05412,C1355,V088,P0112,2025-11-01,5,2544.43,6.4,0,0,4.8
O05413,C0368,V009,P0653,2025-05-06,1,427.12,3.5,0,1,4.4
O05414,C1380,V006,P0019,2025-07-25,2,779.11,6.9,0,0,3.2
O05415,C0960,V086,P0524,2025-01-07,5,3482.48,3.4,0,0,4.0
O05416,C0101,V091,P0799,2025-09-16,1,334.62,2.4,0,0,3.8
O05417,C2253,V054,P0736,2025-08-25,2,1371.14,3.5,0,0,5.0
O05418,C2389,V058,P0328,2025-04-28,2,1126.49,2.7,0,0,4.2
O05419,C2024,V081,P0227,2025-07-21,1,873.21,4.0,0,0,4.3
O05420,C2392,V089,P0898,2025-10-21,2,1995.17,4.8,0,0,4.5
O05421,C1846,V037,P0234,2025-07-08,3,1276.65,4.3,1,0,4.3
O05422,C0089,V004,P0923,2025-11-04,1,1006.16,3.1,0,0,4.3
O05423,C0864,V067,P0954,2025-02-25,1,950.55,3.4,0,0,3.9
O05424,C2302,V018,P0993,2025-03-28,2,1703.85,5.3,1,0,2.9
O05425,C0995,V047,P0611,2025-01-07,7,5288.43,4.6,0,1,4.0
O05426,C1181,V023,P0828,2025-10-06,1,310.53,1.7,0,0,4.4
O05427,C0638,V020,P0154,2025-04-19,3,2002.18,4.2,0,0,4.3
O05428,C1398,V051,P0935,2025-07-15,1,780.79,3.7,0,0,5.0
O05429,C0815,V004,P0319,2025-02-14,3,906.73,1.9,0,0,4.2
O05430,C0399,V043,P0768,2025-10-30,1,506.93,6.0,0,0,4.1
O05431,C1495,V087,P0003,2025-03-21,2,749.75,6.3,0,0,4.4
O05432,C0121,V026,P0106,2025-09-27,2,738.42,1.0,0,0,4.7
O05433,C0362,V089,P0898,2025-06-27,3,3166.9,4.4,0,0,4.0
O05434,C0011,V032,P0354,2025-10-10,1,533.22,4.2,0,0,4.0
O05435,C1882,V068,P0978,2025-05-26,2,1323.53,1.6,1,0,4.2
O05436,C2102,V042,P0374,2025-02-17,1,385.08,4.7,0,0,3.1
O05437,C2456,V068,P0860,2025-04-22,3,1512.17,4.6,0,0,4.8
O05438,C0743,V007,P0485,2025-09-24,2,1061.12,3.7,0,0,4.2
O05439,C1883,V013,P0900,2025-09-29,4,2402.8,2.6,0,0,4.3
O05440,C1795,V095,P0215,2025-12-17,2,1641.19,5.2,0,0,4.3
O05441,C1021,V041,P0693,2025-10-18,1,361.03,3.8,0,0,3.9
O05442,C0188,V013,P0559,2025-02-04,4,4224.69,3.9,0,0,4.4
O05443,C0867,V041,P0530,2025-04-30,1,612.6,2.4,0,0,3.7
O05444,C0414,V046,P0948,2025-01-05,3,952.81,3.0,0,0,4.3
O05445,C0780,V086,P0160,2025-01-31,1,1556.2,5.5,0,0,3.8
O05446,C1603,V021,P0909,2025-05-27,4,3210.25,4.9,0,0,4.5
O05447,C1426,V076,P0776,2025-06-02,1,801.44,3.7,0,0,4.3
O05448,C0109,V058,P0328,2025-03-27,2,1155.17,3.0,0,0,4.0
O05449,C2396,V017,P0290,2025-07-25,1,157.11,4.0,1,0,5.0
O05450,C2148,V057,P0591,2025-07-18,2,1194.85,2.6,0,0,4.0
O05451,C1319,V022,P0125,2025-11-23,2,1657.95,4.0,0,0,4.4
O05452,C1747,V085,P0098,2025-11-18,1,494.9,6.2,0,0,4.5
O05453,C2205,V065,P0507,2025-03-13,1,504.15,5.2,0,0,3.9
O05454,C2021,V077,P0865,2025-02-25,2,2329.35,5.4,0,0,4.1
O05455,C0597,V036,P0578,2025-03-25,3,2142.81,3.4,0,0,4.0
O05456,C1284,V046,P0443,2025-10-16,2,1000.01,2.1,1,0,4.4
O05457,C1603,V079,P0326,2025-07-08,4,1452.09,3.0,0,0,4.3
O05458,C2235,V100,P0820,2025-06-06,1,1286.73,3.6,0,0,4.1
O05459,C2174,V034,P0641,2025-01-04,5,2698.87,2.1,0,0,4.4
O05460,C2201,V023,P0433,2025-07-30,3,992.08,4.5,0,0,4.7
O05461,C1339,V030,P0170,2025-03-30,1,1890.17,4.2,0,0,3.6
O05462,C0563,V005,P0185,2025-03-27,2,331.09,2.3,0,0,4.5
O05463,C1589,V078,P0545,2025-03-12,4,4254.39,3.7,0,0,3.5
O05464,C0422,V075,P0059,2025-05-31,2,1634.57,2.9,0,1,4.7
O05465,C0734,V077,P0067,2025-01-18,1,342.71,3.5,0,0,3.8
O05466,C2227,V021,P0431,2025-06-06,4,1101.55,4.8,0,0,4.0
O05467,C0838,V014,P0850,2025-08-21,1,603.77,2.0,1,0,4.0
O05468,C2016,V012,P0987,2025-02-05,3,1839.38,5.3,0,0,4.7
O05469,C1418,V074,P0134,2025-07-24,4,4093.58,3.5,0,0,4.1
O05470,C2339,V031,P0742,2025-12-03,1,603.82,1.0,0,1,4.4
O05471,C0124,V032,P0367,2025-05-19,5,1981.65,7.0,0,0,4.8
O05472,C1015,V097,P0256,2025-11-22,4,2423.94,6.5,0,1,4.0
O05473,C0814,V021,P0378,2025-01-05,3,1052.1,4.0,0,0,4.2
O05474,C0481,V052,P0231,2025-09-08,1,586.33,6.2,0,0,4.7
O05475,C0499,V073,P0936,2025-04-09,3,1371.31,5.3,0,0,5.0
O05476,C0819,V026,P0486,2025-05-17,3,2365.43,4.4,1,0,4.9
O05477,C1502,V008,P0464,2025-07-19,3,1488.96,1.7,1,0,4.9
O05478,C0970,V046,P0438,2025-06-12,1,760.4,1.4,0,0,3.6
O05479,C0830,V091,P0314,2025-08-29,5,4147.02,2.3,0,0,3.1
O05480,C0613,V014,P0694,2025-09-29,1,598.34,2.8,0,0,4.6
O05481,C1453,V031,P0620,2025-03-18,3,2267.68,1.0,0,0,5.0
O05482,C2288,V067,P0410,2025-02-23,2,1328.52,2.9,0,0,4.0
O05483,C1023,V020,P0825,2025-02-28,5,5157.02,4.5,0,0,4.1
O05484,C1881,V048,P0038,2025-05-27,3,1762.67,4.7,1,0,3.9
O05485,C1233,V093,P0572,2025-06-24,3,3491.87,4.4,0,0,4.3
O05486,C2108,V003,P0288,2025-08-07,4,2808.1,3.0,0,0,4.4
O05487,C0486,V010,P0497,2025-08-19,2,734.09,6.6,0,0,4.7
O05488,C1047,V016,P0501,2025-12-08,4,1320.48,2.8,1,0,4.6
O05489,C1060,V026,P0448,2025-08-12,2,2030.85,5.9,0,1,4.7
O05490,C2071,V045,P0770,2025-10-06,2,1892.77,3.4,0,0,4.2
O05491,C1107,V092,P0628,2025-06-11,3,1394.18,6.8,0,0,4.0
O05492,C0585,V020,P0471,2025-03-13,2,2735.29,2.9,0,0,4.5
O05493,C0358,V088,P0285,2025-07-15,1,486.6,4.4,0,0,3.9
O05494,C1454,V093,P0946,2025-07-20,4,2549.29,3.1,0,0,3.8
O05495,C1010,V082,P0683,2025-10-31,3,2558.12,4.4,0,0,4.9
O05496,C1567,V017,P0772,2025-07-25,1,369.52,3.6,0,0,4.3
O05497,C2060,V026,P0486,2025-10-06,2,1178.63,3.2,0,0,5.0
O05498,C1879,V058,P0808,2025-07-31,1,378.46,2.6,0,0,4.1
O05499,C2464,V044,P0903,2025-10-10,1,880.02,4.7,0,0,3.7
O05500,C1083,V069,P0316,2025-02-19,1,1054.51,3.5,0,1,4.5
O05501,C2207,V072,P0994,2025-10-26,2,1083.54,5.4,0,0,4.2
O05502,C1780,V013,P0612,2025-07-30,2,1264.49,3.9,0,1,4.2
O05503,C1057,V015,P0289,2025-08-19,1,526.23,5.3,0,0,4.0
O05504,C2137,V053,P0753,2025-05-28,2,956.4,5.8,0,0,4.1
O05505,C2037,V091,P0236,2025-05-15,4,2387.25,5.0,0,0,3.7
O05506,C1998,V030,P0246,2025-12-27,2,981.63,3.6,0,0,3.6
O05507,C0318,V096,P0997,2025-05-06,1,987.32,5.5,0,0,3.7
O05508,C0789,V025,P0807,2025-09-14,3,1656.51,4.5,0,1,4.9
O05509,C0291,V051,P0818,2025-06-30,1,738.75,3.8,1,0,4.7
O05510,C2004,V068,P0039,2025-03-21,3,1086.07,3.9,0,0,3.2
O05511,C2064,V037,P0249,2025-04-17,2,375.37,5.2,0,0,3.7
O05512,C0296,V044,P0796,2025-07-13,4,2772.65,4.8,0,0,4.1
O05513,C1911,V086,P0752,2025-10-25,3,1590.67,2.8,0,0,4.2
O05514,C0924,V027,P0870,2025-12-28,1,489.37,3.6,0,0,3.6
O05515,C1016,V054,P0498,2025-12-17,1,557.04,5.3,0,1,4.5
O05516,C0760,V056,P0988,2025-02-02,2,1787.18,5.3,0,1,4.5
O05517,C0981,V064,P0918,2025-05-27,4,2438.31,4.0,0,0,4.6
O05518,C2076,V067,P0954,2025-11-14,1,958.94,2.5,1,0,3.6
O05519,C1696,V088,P0036,2025-03-02,3,3833.77,4.9,0,0,4.9
O05520,C1872,V083,P0932,2025-12-20,1,452.87,6.3,0,0,4.0
O05521,C1721,V069,P0990,2025-06-19,1,904.52,3.4,0,0,4.1
O05522,C0038,V014,P0421,2025-01-02,1,679.16,3.5,0,0,4.2
O05523,C1352,V026,P0837,2025-08-12,1,515.66,2.2,0,1,4.0
O05524,C2098,V076,P0602,2025-03-07,1,1223.76,3.9,0,0,4.7
O05525,C0024,V017,P0403,2025-08-08,1,645.23,4.3,1,0,3.8
O05526,C1777,V027,P0394,2025-01-04,3,2006.73,4.8,0,0,4.2
O05527,C0143,V042,P0492,2025-06-30,2,959.26,6.0,0,0,4.4
O05528,C1742,V069,P0550,2025-12-09,4,2118.9,4.4,0,0,3.7
O05529,C0385,V024,P0952,2025-06-20,3,1586.75,5.0,0,0,3.9
O05530,C2003,V060,P0353,2025-10-05,2,902.5,3.0,0,0,4.9
O05531,C0238,V072,P0377,2025-02-22,2,787.26,7.4,0,0,4.4
O05532,C1556,V063,P0502,2025-05-27,3,3149.35,3.0,1,0,4.3
O05533,C2403,V074,P0222,2025-11-08,1,672.22,2.1,0,0,4.1
O05534,C1747,V022,P0766,2025-08-13,1,1216.07,5.6,0,0,3.8
O05535,C0916,V100,P0382,2025-07-18,3,864.1,6.2,0,1,4.8
O05536,C1214,V017,P0811,2025-08-14,3,3243.54,3.0,0,1,4.1
O05537,C2174,V083,P0932,2025-09-11,1,411.65,4.7,1,0,4.1
O05538,C1001,V047,P0244,2025-05-25,6,1739.53,5.1,0,0,4.4
O05539,C0106,V044,P0796,2025-08-25,6,4096.71,4.3,1,0,4.3
O05540,C0540,V010,P0658,2025-04-04,5,2994.59,3.6,0,0,5.0
O05541,C1067,V048,P0151,2025-01-29,1,925.13,4.5,0,0,3.8
O05542,C1187,V003,P0495,2025-01-20,2,1535.48,5.5,0,0,4.4
O05543,C0093,V034,P0214,2025-02-05,5,4902.99,4.5,0,0,4.8
O05544,C0048,V009,P0816,2025-10-12,1,496.32,5.2,0,0,4.1
O05545,C1001,V091,P0644,2025-09-02,5,1523.53,5.1,0,0,2.2
O05546,C2335,V022,P0543,2025-09-13,1,610.39,3.3,0,0,4.5
O05547,C1705,V075,P0024,2025-09-09,5,2200.07,3.7,1,0,4.8
O05548,C1067,V027,P0394,2025-05-01,2,1151.49,2.1,1,0,4.0
O05549,C0684,V021,P0127,2025-03-19,2,495.71,5.1,0,0,4.0
O05550,C1577,V025,P0712,2025-08-05,1,208.8,3.3,0,0,4.8
O05551,C0664,V021,P0378,2025-07-13,3,1058.19,3.7,0,0,4.3
O05552,C0036,V100,P0609,2025-01-20,1,621.82,5.2,1,0,4.3
O05553,C0840,V009,P0445,2025-12-28,1,583.45,4.0,1,0,4.8
O05554,C0462,V100,P0549,2025-08-25,2,1093.24,4.4,0,0,3.9
O05555,C1942,V058,P0267,2025-10-30,2,907.5,2.7,1,0,4.4
O05556,C1217,V023,P0757,2025-10-17,1,405.19,3.1,0,0,4.6
O05557,C0517,V074,P0782,2025-10-02,1,671.99,3.1,0,0,3.9
O05558,C0165,V045,P0466,2025-04-13,1,656.39,1.4,0,0,4.8
O05559,C0456,V068,P0042,2025-08-18,3,2169.91,1.4,1,0,4.7
O05560,C1356,V037,P0803,2025-12-08,1,1020.84,4.5,1,0,3.6
O05561,C1549,V037,P0654,2025-05-12,2,1402.01,4.7,0,1,4.5
O05562,C0910,V071,P0457,2025-08-19,3,5132.41,4.7,0,0,4.3
O05563,C0883,V096,P0926,2025-05-06,3,1895.25,4.9,1,0,4.5
O05564,C1385,V047,P0245,2025-12-13,1,483.73,4.6,0,0,3.8
O05565,C1227,V020,P0470,2025-06-22,1,745.6,6.0,0,0,4.0
O05566,C2139,V020,P0471,2025-05-19,4,5426.82,3.8,0,0,3.8
O05567,C1168,V023,P0757,2025-01-26,2,700.43,1.6,0,0,4.0
O05568,C2268,V080,P0518,2025-05-28,2,2960.59,1.0,0,0,3.5
O05569,C0270,V089,P0500,2025-03-31,1,458.73,4.6,0,0,4.2
O05570,C1635,V062,P0727,2025-01-27,1,538.15,2.9,0,1,4.0
O05571,C1905,V038,P0845,2025-01-25,5,3293.23,6.5,0,1,5.0
O05572,C0224,V069,P0550,2025-08-26,1,467.18,3.5,1,0,4.2
O05573,C1467,V008,P0376,2025-12-08,2,1610.45,3.9,0,0,5.0
O05574,C2013,V011,P0631,2025-02-08,4,882.84,3.5,1,0,5.0
O05575,C0594,V066,P0931,2025-06-03,4,3322.53,3.2,0,0,3.8
O05576,C2126,V088,P0112,2025-01-20,1,461.36,5.6,0,0,4.3
O05577,C0253,V020,P0154,2025-11-06,3,2080.72,5.8,0,0,3.5
O05578,C2432,V062,P0515,2025-11-06,5,2965.38,5.1,0,0,4.2
O05579,C1973,V033,P0006,2025-01-01,2,1569.18,6.8,0,0,4.2
O05580,C1120,V066,P0172,2025-06-20,3,2186.31,5.7,0,0,4.3
O05581,C1958,V043,P0768,2025-03-15,2,1139.33,6.9,0,0,3.4
O05582,C1231,V045,P0529,2025-01-31,1,247.48,2.5,0,0,4.4
O05583,C0840,V044,P0207,2025-08-12,3,2128.94,6.3,1,0,4.3
O05584,C1447,V047,P0245,2025-01-02,2,832.49,3.5,0,0,4.0
O05585,C1271,V058,P0247,2025-10-08,2,682.11,4.2,0,0,4.4
O05586,C0967,V044,P0875,2025-03-09,1,502.55,4.2,0,0,3.6
O05587,C1397,V081,P0854,2025-11-22,5,2265.31,4.9,0,1,4.7
O05588,C0807,V046,P0505,2025-06-15,1,386.07,2.8,0,0,3.3
O05589,C2078,V037,P0234,2025-09-29,1,519.0,5.1,0,0,4.2
O05590,C2032,V090,P0371,2025-09-29,2,906.9,5.4,0,0,4.7
O05591,C2139,V064,P0717,2025-02-18,4,1943.45,4.3,0,0,4.1
O05592,C0382,V050,P0157,2025-05-13,1,571.72,5.7,0,0,4.4
O05593,C0071,V009,P0816,2025-09-02,3,1464.16,5.2,0,0,4.1
O05594,C0571,V020,P0154,2025-09-14,1,566.36,3.2,0,0,3.9
O05595,C1975,V012,P0891,2025-08-14,1,669.17,4.3,0,0,4.5
O05596,C0010,V034,P0542,2025-01-01,2,1151.1,3.2,0,0,4.0
O05597,C0353,V003,P0204,2025-07-07,1,453.9,4.7,0,0,4.9
O05598,C2466,V100,P0382,2025-10-25,4,1024.15,4.0,0,0,4.0
O05599,C0081,V090,P0219,2025-07-15,2,957.66,4.9,0,0,4.1
O05600,C1734,V072,P0377,2025-03-06,6,2438.59,5.0,0,0,4.5
O05601,C1399,V034,P0906,2025-12-07,1,680.56,2.5,0,0,4.7
O05602,C2394,V086,P0450,2025-09-07,4,2524.95,3.4,0,0,3.3
O05603,C1533,V058,P0824,2025-10-18,3,2498.59,3.7,0,0,3.6
O05604,C0158,V090,P0331,2025-06-18,3,3487.1,3.9,0,0,4.5
O05605,C2027,V073,P0959,2025-10-14,1,436.56,6.6,0,0,3.1
O05606,C0696,V095,P0340,2025-08-09,1,1865.12,7.8,0,0,4.6
O05607,C0920,V013,P0559,2025-05-25,2,2018.99,3.7,0,0,4.2
O05608,C1961,V030,P0013,2025-05-20,1,215.84,5.6,0,0,3.5
O05609,C1203,V023,P0217,2025-06-09,2,1289.51,4.1,0,0,4.5
O05610,C1406,V013,P0522,2025-05-15,1,970.95,2.8,1,0,4.4
O05611,C2383,V053,P0128,2025-07-27,3,1461.58,5.8,0,0,3.1
O05612,C1554,V094,P0281,2025-08-16,2,1949.09,3.0,0,1,3.9
O05613,C0672,V055,P0552,2025-10-14,4,2155.19,5.3,0,0,5.0
O05614,C1405,V100,P0889,2025-04-03,2,908.6,4.3,0,0,4.3
O05615,C2005,V100,P0400,2025-02-10,2,2235.28,4.6,0,1,4.3
O05616,C0518,V085,P0731,2025-11-29,1,302.27,5.8,0,0,3.5
O05617,C0658,V022,P0543,2025-06-05,2,1190.45,4.1,0,1,3.7
O05618,C1389,V017,P0290,2025-10-18,4,695.42,2.3,0,0,4.4
O05619,C1554,V085,P0098,2025-04-16,3,1464.15,5.5,0,0,4.5
O05620,C2065,V039,P0226,2025-10-15,1,467.0,8.0,0,0,4.3
O05621,C1696,V025,P0077,2025-05-21,1,530.98,3.5,1,0,4.3
O05622,C1059,V062,P0302,2025-08-11,2,612.11,5.7,0,0,4.2
O05623,C1216,V088,P0285,2025-03-03,4,2136.03,3.2,0,0,4.1
O05624,C1177,V016,P0840,2025-05-27,2,1126.66,5.8,0,0,4.1
O05625,C2217,V063,P0072,2025-01-13,2,1443.19,2.5,0,1,4.5
O05626,C1118,V091,P0964,2025-05-16,4,3636.95,4.1,0,0,4.3
O05627,C1496,V065,P0586,2025-01-05,2,923.45,4.8,0,0,4.4
O05628,C1468,V082,P0488,2025-03-13,1,471.95,6.2,0,0,5.0
O05629,C0105,V001,P0356,2025-11-24,4,753.48,6.8,1,0,5.0
O05630,C0384,V053,P0517,2025-12-26,1,516.65,6.7,0,0,4.0
O05631,C1533,V043,P0910,2025-05-26,1,482.26,6.8,0,0,4.0
O05632,C0458,V035,P0805,2025-07-10,3,993.68,5.4,1,0,4.5
O05633,C1854,V041,P0040,2025-08-24,1,829.37,3.9,0,0,3.7
O05634,C1847,V043,P0630,2025-01-02,2,2249.86,5.2,0,0,4.5
O05635,C1307,V023,P0433,2025-12-06,3,1022.73,5.5,0,0,4.8
O05636,C1793,V063,P0930,2025-05-21,1,1419.15,1.0,0,0,4.3
O05637,C1779,V012,P0283,2025-05-19,2,1111.25,3.6,0,1,4.3
O05638,C1323,V070,P0141,2025-04-17,1,709.33,5.4,0,0,4.1
O05639,C1431,V050,P0989,2025-03-16,1,514.32,4.4,0,0,4.7
O05640,C1576,V027,P0233,2025-06-18,4,2984.68,2.9,0,1,3.8
O05641,C0809,V034,P0520,2025-04-11,2,318.06,3.3,0,0,3.4
O05642,C1653,V043,P0700,2025-09-22,1,689.31,3.8,0,1,4.9
O05643,C0975,V027,P0181,2025-07-26,1,597.01,5.4,0,0,3.9
O05644,C2131,V048,P0051,2025-12-04,2,1674.04,5.1,1,0,3.9
O05645,C1864,V023,P0273,2025-01-09,1,1229.91,3.0,0,0,3.9
O05646,C2145,V039,P0060,2025-11-24,5,4637.45,7.0,0,0,4.3
O05647,C2488,V024,P0723,2025-01-25,1,251.12,5.1,0,0,4.0
O05648,C0133,V100,P0889,2025-01-20,1,539.56,2.2,0,0,3.7
O05649,C1612,V075,P0846,2025-12-31,3,2290.87,3.9,0,0,4.2
O05650,C1511,V079,P0647,2025-12-17,4,2660.67,5.6,0,0,3.7
O05651,C1212,V087,P0648,2025-11-04,4,3333.24,5.0,0,0,4.2
O05652,C2023,V029,P0541,2025-09-23,2,2283.61,2.8,0,0,4.3
O05653,C1751,V040,P0754,2025-06-15,4,811.48,2.3,0,0,4.3
O05654,C2092,V031,P0387,2025-11-06,2,1014.92,1.8,0,0,4.4
O05655,C1067,V079,P0647,2025-12-31,1,588.01,3.2,0,1,4.5
O05656,C1174,V076,P0776,2025-04-22,1,896.49,3.6,0,0,4.3
O05657,C0080,V078,P0218,2025-06-16,1,359.93,4.6,0,0,3.3
O05658,C1380,V079,P0303,2025-01-31,1,418.16,3.4,0,0,4.8
O05659,C2253,V097,P0705,2025-10-11,2,1245.37,5.6,1,0,4.7
O05660,C0751,V043,P0768,2025-01-01,3,1855.88,6.4,0,0,4.1
O05661,C0301,V097,P0697,2025-10-13,3,791.91,7.1,0,0,3.9
O05662,C2153,V043,P0630,2025-10-30,2,2186.26,6.3,0,0,4.1
O05663,C1699,V020,P0154,2025-01-20,1,664.65,2.6,0,1,3.6
O05664,C0343,V002,P0049,2025-10-07,3,796.97,5.0,0,0,2.8
O05665,C0035,V016,P0666,2025-03-27,1,831.23,5.1,0,0,4.5
O05666,C0902,V059,P0665,2025-08-21,1,253.13,3.7,0,0,4.0
O05667,C0203,V003,P0032,2025-10-18,2,1004.83,4.2,0,0,4.8
O05668,C1708,V020,P0090,2025-03-02,3,1886.89,3.1,0,0,3.7
O05669,C0736,V069,P0673,2025-03-05,1,624.98,3.4,0,0,4.7
O05670,C1783,V048,P0151,2025-01-23,2,1797.84,6.4,0,0,3.9
O05671,C1586,V016,P0294,2025-12-31,1,275.68,5.0,0,0,4.4
O05672,C0723,V037,P0785,2025-08-21,3,1138.94,5.1,0,0,3.7
O05673,C0929,V081,P0346,2025-07-07,3,1757.04,3.9,0,0,4.3
O05674,C1320,V073,P0759,2025-06-21,2,2181.59,5.5,0,0,5.0
O05675,C1975,V100,P0949,2025-06-30,3,640.21,6.1,0,0,3.9
O05676,C2286,V053,P0517,2025-05-14,2,986.34,4.2,0,0,4.1
O05677,C0281,V015,P0147,2025-08-27,2,2703.53,3.6,0,0,4.3
O05678,C0592,V011,P0851,2025-08-11,3,2961.6,2.0,0,0,4.5
O05679,C1511,V076,P0761,2025-10-11,1,562.54,3.2,0,0,4.6
O05680,C1521,V013,P0183,2025-11-04,2,573.1,3.7,0,0,4.0
O05681,C2349,V039,P0481,2025-10-09,3,2206.1,6.3,0,0,4.0
O05682,C2281,V087,P0008,2025-08-18,3,1238.26,5.6,0,0,3.9
O05683,C1432,V064,P0918,2025-08-04,2,1116.49,3.6,1,0,4.7
O05684,C2147,V095,P0414,2025-10-20,3,3011.33,4.8,0,0,4.4
O05685,C1552,V043,P0910,2025-10-01,2,879.71,4.8,0,0,4.1
O05686,C0380,V069,P0163,2025-05-27,2,505.28,2.6,0,0,4.4
O05687,C0074,V071,P0592,2025-09-17,6,3401.61,2.6,0,0,4.2
O05688,C0898,V094,P0137,2025-01-12,1,406.9,3.4,0,1,4.5
O05689,C1708,V034,P0214,2025-08-03,2,2426.67,2.9,0,0,4.5
O05690,C2088,V024,P0472,2025-08-10,2,992.42,2.7,1,0,4.0
O05691,C2447,V040,P0510,2025-09-11,5,2379.0,5.2,0,0,4.5
O05692,C0884,V037,P0195,2025-08-16,2,649.78,3.6,0,0,4.3
O05693,C2036,V042,P0492,2025-05-27,2,953.84,5.6,0,0,4.4
O05694,C2298,V031,P0613,2025-07-16,4,3744.97,1.4,0,0,5.0
O05695,C1356,V096,P0266,2025-05-01,1,567.12,4.0,0,0,4.6
O05696,C0913,V040,P0913,2025-07-25,3,906.1,4.1,0,0,5.0
O05697,C2080,V058,P0963,2025-12-23,2,761.04,3.3,0,0,4.4
O05698,C1236,V085,P0780,2025-03-09,3,997.56,4.8,0,0,4.5
O05699,C2236,V002,P0783,2025-01-07,2,730.97,5.0,0,1,3.8
O05700,C0312,V035,P0110,2025-08-02,1,1123.3,4.6,0,0,3.8
O05701,C0920,V087,P0648,2025-11-25,1,671.86,6.3,0,0,4.6
O05702,C1734,V074,P0282,2025-09-02,3,2317.68,1.0,0,0,4.5
O05703,C2100,V072,P0994,2025-12-26,2,1363.83,4.9,0,0,4.1
O05704,C1418,V064,P0361,2025-10-10,1,496.65,3.3,0,0,3.5
O05705,C0961,V096,P0174,2025-11-21,1,318.79,3.8,0,0,4.4
O05706,C1585,V077,P0865,2025-10-05,1,1273.72,5.5,0,0,4.0
O05707,C1131,V045,P0148,2025-12-07,3,3493.34,5.7,0,0,4.6
O05708,C0941,V005,P0350,2025-10-17,2,2167.49,4.7,0,0,3.9
O05709,C2041,V077,P0103,2025-02-08,1,501.94,4.2,0,0,4.2
O05710,C1892,V011,P0631,2025-03-21,1,196.84,4.9,0,0,4.5
O05711,C2135,V095,P0120,2025-10-21,4,2011.13,7.6,0,0,4.2
O05712,C0326,V065,P0416,2025-09-06,5,6730.46,2.3,0,0,4.1
O05713,C0497,V044,P0207,2025-07-15,3,2077.68,4.4,0,0,4.4
O05714,C2030,V039,P0229,2025-03-05,3,902.25,7.0,0,0,4.6
O05715,C1313,V039,P0953,2025-07-07,1,220.81,5.9,0,0,4.1
O05716,C1276,V044,P0392,2025-03-21,1,794.21,4.8,0,0,4.4
O05717,C2147,V013,P0900,2025-11-22,4,2611.67,2.6,0,0,4.2
O05718,C1503,V047,P0164,2025-09-23,4,1227.38,1.4,0,0,4.2
O05719,C0948,V097,P0751,2025-09-24,2,596.82,7.1,0,1,4.2
O05720,C0061,V076,P0761,2025-10-10,1,694.62,5.2,0,1,4.4
O05721,C0952,V087,P0633,2025-08-17,4,2648.4,6.3,0,0,4.1
O05722,C2225,V002,P0049,2025-03-23,4,1280.54,3.2,0,0,3.7
O05723,C1215,V091,P0239,2025-11-27,3,1610.01,5.4,0,0,3.3
O05724,C0731,V082,P0076,2025-02-26,2,2253.99,4.0,0,0,4.4
O05725,C0940,V041,P0463,2025-02-01,1,422.98,3.7,0,0,2.9
O05726,C0256,V031,P0620,2025-08-29,1,919.7,1.8,0,0,5.0
O05727,C2051,V060,P0975,2025-04-06,2,864.9,4.5,0,0,4.1
O05728,C1376,V084,P0156,2025-08-27,6,2121.77,4.9,1,0,3.9
O05729,C1620,V070,P0709,2025-08-27,3,1150.81,3.8,1,0,3.7
O05730,C2159,V057,P0588,2025-09-07,1,388.42,2.5,0,0,4.0
O05731,C0744,V002,P0972,2025-11-18,2,839.68,2.7,1,0,4.1
O05732,C2263,V046,P0004,2025-07-30,4,2215.14,1.1,0,0,3.8
O05733,C0421,V026,P0486,2025-12-15,2,1089.74,6.8,0,0,4.8
O05734,C0855,V090,P0689,2025-06-12,3,1971.12,2.0,0,0,4.1
O05735,C2472,V070,P0141,2025-08-24,1,709.47,5.6,0,0,4.4
O05736,C0279,V031,P0413,2025-06-11,4,1685.59,3.3,0,0,5.0
O05737,C1014,V013,P0493,2025-05-07,3,2103.46,3.6,0,0,4.7
O05738,C2257,V064,P0361,2025-11-04,3,1497.1,4.6,0,0,3.8
O05739,C0101,V050,P0099,2025-12-17,3,584.88,3.1,0,0,4.2
O05740,C1409,V030,P0246,2025-04-20,2,978.37,3.3,0,0,4.3
O05741,C2276,V026,P0253,2025-02-25,3,5924.05,5.0,0,0,3.6
O05742,C2403,V067,P0954,2025-09-21,1,987.18,3.2,0,0,3.7
O05743,C1852,V100,P0939,2025-05-09,3,1160.56,5.7,0,0,3.7
O05744,C0716,V053,P0710,2025-05-26,1,1364.1,5.6,0,0,3.9
O05745,C2418,V041,P0386,2025-03-06,1,431.06,3.8,0,0,3.9
O05746,C0451,V005,P0380,2025-12-25,1,566.91,4.8,0,1,4.3
O05747,C1239,V046,P0664,2025-03-28,4,4669.1,2.8,0,0,3.6
O05748,C0464,V040,P0347,2025-12-25,2,1707.05,4.0,0,0,3.8
O05749,C0143,V015,P0150,2025-07-14,1,438.18,4.2,0,0,4.6
O05750,C0203,V082,P0113,2025-07-17,1,557.68,3.6,0,0,4.3
O05751,C0391,V027,P0581,2025-06-12,3,1656.42,1.6,0,0,3.9
O05752,C0585,V082,P0113,2025-05-01,4,2024.96,4.0,0,1,4.2
O05753,C1000,V067,P0162,2025-03-09,3,1058.69,4.1,0,0,3.5
O05754,C0290,V012,P0343,2025-10-12,3,1320.55,4.5,0,0,4.8
O05755,C1878,V002,P0049,2025-10-14,1,297.81,4.3,0,0,3.3
O05756,C0912,V074,P0890,2025-02-16,3,744.83,3.2,1,0,3.8
O05757,C2015,V006,P0019,2025-11-09,1,401.72,4.7,0,0,3.0
O05758,C0648,V083,P0932,2025-11-06,3,1264.01,4.5,0,0,3.6
O05759,C0369,V029,P0704,2025-10-27,3,2121.85,2.0,0,0,3.9
O05760,C0188,V012,P0891,2025-01-19,1,596.9,2.2,0,0,4.3
O05761,C1820,V067,P0749,2025-01-25,2,829.21,4.1,1,0,4.1
O05762,C1554,V026,P0106,2025-03-24,2,761.1,3.0,0,0,4.5
O05763,C1493,V061,P0484,2025-08-22,1,878.48,7.3,0,0,4.3
O05764,C0903,V085,P0166,2025-10-13,3,2843.49,5.9,0,0,3.6
O05765,C0830,V020,P0471,2025-09-04,1,1455.99,3.7,0,0,4.3
O05766,C0778,V066,P0729,2025-10-13,1,450.71,6.3,0,0,4.7
O05767,C1246,V012,P0483,2025-01-21,1,343.41,4.7,0,0,3.6
O05768,C1722,V013,P0412,2025-06-09,3,1297.23,5.4,0,0,4.7
O05769,C2471,V087,P0580,2025-02-17,2,662.66,7.2,0,0,4.2
O05770,C1960,V048,P0255,2025-05-24,3,2829.62,4.2,0,0,4.7
O05771,C0460,V071,P0015,2025-07-26,2,1109.58,3.1,1,0,4.6
O05772,C0585,V034,P0641,2025-02-10,1,627.84,4.6,0,0,4.2
O05773,C1498,V027,P0877,2025-07-17,2,509.55,4.1,0,0,3.3
O05774,C1846,V033,P0296,2025-09-03,2,1368.69,4.4,0,1,4.1
O05775,C2294,V075,P0616,2025-11-04,3,1616.22,4.0,0,0,4.8
O05776,C0765,V050,P0989,2025-08-10,4,2346.59,4.8,0,0,5.0
O05777,C1508,V037,P0195,2025-11-28,4,1809.55,2.9,0,0,4.1
O05778,C1140,V034,P0798,2025-11-27,3,2436.56,3.3,0,0,4.0
O05779,C1404,V045,P0745,2025-01-10,2,740.13,3.6,0,0,4.4
O05780,C0580,V029,P0778,2025-06-25,3,1434.48,6.7,0,0,3.4
O05781,C1062,V084,P0958,2025-01-15,2,1797.54,7.5,0,0,4.1
O05782,C0856,V011,P0564,2025-08-01,2,1763.91,5.0,0,0,4.5
O05783,C2282,V021,P0378,2025-07-10,3,1135.82,2.9,0,0,4.2
O05784,C1326,V025,P0712,2025-12-21,2,445.65,3.3,0,0,4.5
O05785,C0487,V057,P0706,2025-02-12,1,825.08,4.0,0,0,3.8
O05786,C2128,V100,P0449,2025-04-22,2,643.03,4.7,0,0,3.3
O05787,C0268,V055,P0801,2025-07-06,2,1803.59,2.8,0,0,4.2
O05788,C0433,V074,P0690,2025-07-06,4,5137.18,3.8,1,0,4.3
O05789,C0948,V077,P0881,2025-09-10,1,321.52,3.4,0,0,3.8
O05790,C0781,V005,P0962,2025-11-23,2,1793.76,3.5,0,0,3.7
O05791,C1582,V080,P0686,2025-08-07,3,1267.67,2.4,0,0,3.2
O05792,C1436,V029,P0022,2025-10-12,1,441.28,4.6,0,1,4.0
O05793,C1295,V069,P0550,2025-04-27,3,1450.12,3.5,0,0,4.0
O05794,C0237,V046,P0292,2025-02-07,3,1797.88,3.9,0,0,3.6
O05795,C1413,V016,P0872,2025-06-07,4,3998.33,6.8,0,1,4.3
O05796,C0808,V030,P0246,2025-07-24,1,535.97,2.9,0,0,3.6
O05797,C1965,V031,P0277,2025-06-13,2,2069.06,3.1,0,0,3.9
O05798,C2225,V042,P0262,2025-05-04,2,2305.72,4.5,0,0,4.1
O05799,C2060,V037,P0452,2025-10-11,1,342.79,4.8,0,0,4.1
O05800,C1545,V031,P0613,2025-08-08,1,1005.56,1.2,0,0,4.4
O05801,C0650,V070,P0141,2025-11-04,3,2201.37,6.4,0,0,4.2
O05802,C1117,V069,P0365,2025-01-16,5,2155.3,5.1,0,0,4.2
O05803,C1139,V068,P0197,2025-01-29,3,2569.85,2.3,1,0,4.0
O05804,C1130,V045,P0061,2025-03-24,2,603.21,3.5,0,0,4.6
O05805,C0197,V085,P0886,2025-09-09,2,1628.73,4.6,1,0,4.2
O05806,C0236,V085,P0345,2025-10-17,3,675.53,3.4,0,0,3.3
O05807,C1885,V033,P0006,2025-02-28,4,3922.76,5.9,1,0,4.2
O05808,C0895,V040,P0754,2025-11-16,1,231.95,3.6,0,0,4.4
O05809,C1928,V063,P0636,2025-06-30,1,353.76,4.0,0,0,4.1
O05810,C2401,V057,P0582,2025-12-10,6,2694.66,2.6,0,0,3.7
O05811,C1894,V012,P0987,2025-07-18,2,1153.45,4.2,0,0,4.2
O05812,C0478,V058,P0808,2025-05-22,6,2095.96,3.3,0,0,4.5
O05813,C1031,V075,P0616,2025-08-30,1,516.25,3.4,0,0,4.9
O05814,C2399,V039,P0985,2025-08-20,2,1251.01,7.5,0,0,5.0
O05815,C0332,V023,P0115,2025-11-02,2,521.51,3.1,0,0,3.7
O05816,C0808,V100,P0400,2025-10-13,2,2249.6,6.2,0,1,3.9
O05817,C2380,V086,P0535,2025-06-04,1,783.14,3.0,0,0,4.0
O05818,C1551,V053,P0710,2025-12-28,5,6620.34,4.9,0,0,4.1
O05819,C1502,V046,P0534,2025-12-25,5,2356.9,2.3,0,1,3.4
O05820,C1428,V081,P0487,2025-12-24,3,886.7,5.2,1,0,4.3
O05821,C0306,V033,P0629,2025-04-04,1,740.8,3.8,0,0,4.5
O05822,C1720,V076,P0774,2025-05-06,4,3577.62,2.2,0,0,4.5
O05823,C1564,V042,P0268,2025-01-27,1,894.75,5.5,0,0,5.0
O05824,C1596,V096,P0997,2025-12-11,1,948.17,4.8,0,0,4.2
O05825,C0011,V014,P0421,2025-09-22,1,720.04,4.3,0,0,3.9
O05826,C1108,V006,P0066,2025-09-19,2,1395.76,4.0,0,0,3.6
O05827,C0386,V068,P0860,2025-07-26,3,1690.15,4.5,0,0,3.6
O05828,C2393,V090,P0219,2025-07-06,4,1599.71,3.4,0,0,4.4
O05829,C1593,V058,P0247,2025-10-28,2,750.76,5.4,0,0,3.9
O05830,C1829,V013,P0168,2025-11-30,1,450.71,4.3,0,0,4.1
O05831,C2496,V071,P0513,2025-04-26,3,2039.87,2.9,0,0,3.4
O05832,C0565,V069,P0720,2025-04-09,2,662.31,3.6,0,1,4.2
O05833,C2020,V032,P0643,2025-03-01,2,1590.58,5.3,0,0,4.4
O05834,C1717,V045,P0770,2025-01-08,2,1817.07,3.9,0,0,4.5
O05835,C0975,V039,P0953,2025-11-24,1,262.29,6.8,0,0,4.7
O05836,C2335,V088,P0318,2025-03-30,1,857.44,4.4,0,0,4.1
O05837,C0486,V046,P0438,2025-08-30,3,2889.69,3.1,1,0,4.2
O05838,C0288,V093,P0572,2025-12-04,1,945.03,4.8,0,0,3.9
O05839,C1509,V073,P0976,2025-08-10,5,2119.63,5.0,1,0,3.0
O05840,C1811,V072,P0994,2025-08-07,2,1123.63,5.2,0,0,4.3
O05841,C1344,V006,P0066,2025-11-21,4,2689.28,7.1,0,0,4.1
O05842,C0424,V073,P0341,2025-09-14,4,2122.58,7.1,0,0,4.2
O05843,C0143,V026,P0837,2025-04-22,1,494.98,5.0,0,1,4.1
O05844,C0309,V095,P0839,2025-02-22,4,2018.13,5.4,0,0,4.2
O05845,C0737,V007,P0009,2025-02-26,2,1621.81,5.1,0,0,3.8
O05846,C2039,V062,P0515,2025-06-15,4,2574.2,3.6,0,0,4.6
O05847,C1959,V087,P0003,2025-06-03,2,759.85,6.0,0,0,4.1
O05848,C1284,V035,P0110,2025-08-29,3,3786.69,4.8,1,0,4.1
O05849,C1776,V039,P0179,2025-07-05,2,1734.24,4.2,0,0,4.2
O05850,C2268,V077,P0250,2025-07-01,3,2250.61,6.3,0,1,4.0
O05851,C0812,V031,P0613,2025-11-10,2,1751.52,3.8,0,0,5.0
O05852,C0942,V087,P0003,2025-11-25,5,1778.4,5.6,0,1,4.1
O05853,C2230,V068,P0155,2025-08-13,1,731.94,5.2,1,0,3.9
O05854,C0446,V005,P0789,2025-11-27,1,651.67,2.8,0,1,3.0
O05855,C1009,V051,P0384,2025-08-22,1,450.5,5.0,0,0,3.9
O05856,C1937,V083,P0460,2025-04-07,1,1252.32,5.7,0,0,3.5
O05857,C0482,V061,P0484,2025-06-09,1,890.21,5.2,0,0,4.1
O05858,C1246,V046,P0534,2025-09-07,4,2060.18,1.0,1,0,3.6
O05859,C1507,V032,P0367,2025-10-13,1,416.16,5.2,0,0,3.9
O05860,C1762,V012,P0905,2025-07-29,1,539.61,6.6,0,0,3.8
O05861,C1476,V037,P0674,2025-06-27,2,2713.35,5.0,1,0,3.6
O05862,C0625,V096,P0737,2025-10-25,3,2232.04,4.4,0,0,4.6
O05863,C0655,V098,P0576,2025-01-31,3,1552.48,4.6,0,0,4.6
O05864,C1707,V031,P0814,2025-06-14,5,1877.04,1.0,0,0,4.5
O05865,C0453,V073,P0976,2025-10-22,1,554.78,5.6,0,0,3.6
O05866,C1328,V036,P0578,2025-03-31,1,502.32,4.6,0,0,3.5
O05867,C2085,V044,P0514,2025-12-18,2,804.28,4.8,1,0,4.1
O05868,C0506,V069,P0720,2025-07-03,1,302.5,3.9,0,0,4.2
O05869,C0633,V045,P0960,2025-04-16,2,1383.52,5.8,0,0,4.9
O05870,C1880,V038,P0888,2025-11-03,3,2829.67,3.8,0,0,4.3
O05871,C1830,V053,P0307,2025-10-22,3,1367.53,5.9,0,0,4.5
O05872,C1688,V099,P0567,2025-12-10,3,1256.51,3.5,0,0,4.2
O05873,C1284,V027,P0581,2025-08-07,1,557.47,4.3,0,0,4.3
O05874,C2131,V090,P0919,2025-10-26,1,1171.64,4.5,1,0,3.5
O05875,C0551,V099,P0986,2025-02-07,1,593.31,3.9,0,0,4.3
O05876,C0043,V017,P0772,2025-07-01,3,1129.46,2.8,1,0,4.5
O05877,C0675,V099,P0070,2025-11-19,2,595.91,4.2,0,0,4.2
O05878,C0757,V065,P0420,2025-01-05,2,1219.24,3.7,0,0,4.3
O05879,C0318,V027,P0925,2025-03-07,1,1357.82,3.8,1,0,3.3
O05880,C0627,V041,P0585,2025-03-27,3,2609.86,2.6,0,0,4.1
O05881,C1927,V012,P0593,2025-05-10,2,1369.81,5.6,0,0,4.8
O05882,C1457,V057,P0591,2025-10-25,4,2369.21,2.9,0,0,4.5
O05883,C2129,V027,P0792,2025-01-31,2,987.38,2.9,0,0,3.7
O05884,C0196,V031,P0201,2025-12-28,2,517.96,3.0,0,0,5.0
O05885,C1829,V086,P0411,2025-10-12,5,3899.4,2.9,0,0,3.6
O05886,C0317,V071,P0513,2025-04-11,2,1195.91,3.2,0,0,4.4
O05887,C0399,V065,P0649,2025-06-14,4,1775.74,2.6,0,0,4.5
O05888,C1510,V043,P0020,2025-12-27,1,912.28,6.3,1,0,4.6
O05889,C1097,V001,P0965,2025-01-05,1,439.53,5.9,0,0,5.0
O05890,C0629,V008,P0724,2025-09-14,2,2999.6,4.2,0,0,3.9
O05891,C0579,V039,P0226,2025-08-28,1,439.47,4.7,0,0,4.3
O05892,C0030,V083,P0460,2025-10-08,2,3077.7,5.7,0,0,3.9
O05893,C0709,V041,P0040,2025-12-26,1,774.36,2.3,0,0,3.3
O05894,C2076,V061,P0078,2025-03-14,1,253.04,5.8,0,0,3.9
O05895,C2355,V041,P0693,2025-01-20,2,735.1,3.6,1,0,3.6
O05896,C0729,V051,P0607,2025-01-13,1,487.33,3.6,0,0,4.7
O05897,C1998,V090,P0371,2025-03-01,2,966.64,4.5,1,0,4.2
O05898,C0332,V040,P0510,2025-05-10,1,475.7,3.4,0,0,4.1
O05899,C1918,V082,P0863,2025-08-01,1,671.03,6.3,0,0,3.9
O05900,C1577,V031,P0458,2025-07-21,2,1246.64,3.3,0,0,4.1
O05901,C0787,V021,P0635,2025-01-03,3,2372.86,1.6,0,0,3.7
O05902,C0895,V018,P0973,2025-01-06,1,1298.12,4.6,0,0,3.2
O05903,C0897,V099,P0986,2025-01-02,2,1147.97,2.4,0,0,3.6
O05904,C1426,V023,P0701,2025-01-16,1,591.22,4.9,0,0,4.8
O05905,C0914,V023,P0161,2025-02-22,1,404.24,3.3,0,0,4.1
O05906,C0007,V100,P0596,2025-04-22,2,856.3,5.5,0,1,3.8
O05907,C0243,V036,P0540,2025-02-01,2,1001.4,4.9,0,0,3.4
O05908,C0700,V082,P0488,2025-01-11,3,1289.81,3.5,0,0,5.0
O05909,C2297,V005,P0185,2025-03-25,3,536.06,3.9,0,0,4.5
O05910,C0166,V026,P0979,2025-11-08,1,790.74,2.0,0,0,4.4
O05911,C0696,V077,P0566,2025-08-10,3,1279.05,6.3,1,0,4.6
O05912,C1088,V046,P0004,2025-12-11,1,501.93,2.0,0,0,4.0
O05913,C0613,V017,P0769,2025-09-10,3,1619.22,3.3,1,0,4.1
O05914,C1196,V021,P0610,2025-09-05,2,1250.85,4.6,0,0,4.6
O05915,C0632,V004,P0940,2025-03-05,2,1670.37,3.4,0,0,4.7
O05916,C1101,V055,P0029,2025-01-29,3,2350.64,4.1,0,0,3.8
O05917,C2462,V065,P0507,2025-03-30,1,587.7,3.3,0,0,4.5
O05918,C0562,V011,P0564,2025-11-18,3,2378.27,4.3,0,0,4.4
O05919,C0880,V094,P0879,2025-10-31,3,1427.86,3.1,0,0,4.5
O05920,C0172,V048,P0558,2025-01-09,1,633.42,3.8,0,0,5.0
O05921,C1955,V035,P0211,2025-08-08,5,3369.64,5.8,0,0,3.5
O05922,C1254,V013,P0493,2025-06-17,1,679.82,3.9,0,0,5.0
O05923,C1112,V070,P0251,2025-08-15,1,769.21,5.2,1,0,3.4
O05924,C0097,V047,P0435,2025-10-30,1,513.35,5.2,0,0,4.0
O05925,C0442,V004,P0713,2025-10-24,4,3009.01,1.8,0,0,4.3
O05926,C0153,V096,P0539,2025-10-20,2,1779.83,4.9,0,0,4.3
O05927,C0142,V020,P0470,2025-08-09,1,716.55,3.3,0,0,4.7
O05928,C1480,V048,P0038,2025-03-28,3,1577.64,5.0,0,0,4.7
O05929,C0527,V089,P0108,2025-01-14,2,726.64,5.1,0,0,4.1
O05930,C2494,V089,P0057,2025-05-10,2,957.25,3.6,0,0,3.8
O05931,C0314,V069,P0990,2025-03-01,2,1635.09,2.4,0,1,4.2
O05932,C0124,V057,P0591,2025-12-02,1,595.18,5.0,0,0,4.0
O05933,C0845,V081,P0074,2025-08-26,1,462.44,5.1,0,0,4.1
O05934,C0182,V037,P0785,2025-01-08,3,1062.41,3.7,0,0,4.1
O05935,C2241,V031,P0899,2025-07-24,1,329.48,3.6,0,0,5.0
O05936,C0840,V059,P0123,2025-11-02,1,652.46,4.0,1,0,4.0
O05937,C0959,V096,P0721,2025-12-03,4,7480.39,4.2,0,0,3.8
O05938,C1997,V017,P0856,2025-04-26,3,2141.68,3.5,1,0,4.2
O05939,C0476,V099,P0230,2025-11-07,1,409.58,3.3,0,0,4.1
O05940,C1924,V006,P0180,2025-10-23,2,659.22,4.5,0,0,3.8
O05941,C1926,V095,P0885,2025-10-11,3,2109.68,5.8,0,0,4.3
O05942,C2454,V060,P0975,2025-11-06,3,1381.48,1.6,1,0,4.2
O05943,C0547,V017,P0212,2025-06-15,1,455.4,3.6,0,0,4.9
O05944,C2137,V077,P0375,2025-09-22,2,1214.07,4.1,0,0,3.9
O05945,C0973,V086,P0535,2025-03-18,5,3940.69,2.8,0,0,3.8
O05946,C0447,V005,P0350,2025-01-19,2,2062.41,6.1,0,0,4.3
O05947,C1691,V040,P0041,2025-12-26,4,2611.8,3.6,0,1,3.6
O05948,C0617,V037,P0249,2025-04-09,2,313.64,4.7,0,0,4.2
O05949,C1373,V026,P0408,2025-10-06,5,2326.7,3.2,0,0,4.4
O05950,C2075,V033,P0017,2025-10-14,1,1256.54,3.9,0,0,3.8
O05951,C0773,V054,P0708,2025-02-26,1,564.1,5.5,0,0,3.9
O05952,C0145,V077,P0867,2025-06-18,3,2839.64,4.1,0,0,4.3
O05953,C2382,V002,P0339,2025-02-05,3,1534.26,3.8,0,0,3.2
O05954,C1250,V022,P0543,2025-01-27,3,1869.09,3.1,0,0,4.2
O05955,C1108,V015,P0149,2025-09-20,1,579.97,2.0,0,0,4.0
O05956,C0940,V047,P0726,2025-07-15,4,1965.63,2.5,0,0,3.6
O05957,C2256,V004,P0297,2025-04-15,1,365.93,3.3,0,0,4.2
O05958,C1305,V058,P0651,2025-10-13,1,602.37,3.5,0,0,4.5
O05959,C0010,V059,P0665,2025-10-21,3,896.51,3.3,0,0,4.8
O05960,C1533,V024,P0606,2025-04-14,2,719.15,4.5,0,0,3.9
O05961,C1513,V068,P0406,2025-04-18,2,582.8,3.4,0,0,4.1
O05962,C1959,V033,P0601,2025-09-10,1,567.55,6.0,1,0,3.7
O05963,C1510,V037,P0654,2025-12-29,1,630.36,4.3,0,0,4.0
O05964,C0053,V038,P0845,2025-04-07,1,679.91,4.8,0,0,4.0
O05965,C0984,V066,P0432,2025-03-14,3,1406.17,5.6,0,0,4.8
O05966,C0604,V014,P0897,2025-03-09,2,1915.93,3.4,0,1,4.9
O05967,C0594,V053,P0753,2025-02-06,3,1566.44,4.8,0,0,3.8
O05968,C1155,V078,P0025,2025-07-10,3,1326.93,3.8,0,0,4.1
O05969,C0014,V038,P0845,2025-04-11,1,585.55,5.5,0,0,4.6
O05970,C1074,V067,P0682,2025-05-12,1,565.1,2.7,1,0,3.8
O05971,C1638,V026,P0272,2025-05-07,1,507.38,5.8,0,0,4.0
O05972,C1525,V077,P0880,2025-06-18,2,959.4,6.3,1,0,3.6
O05973,C2311,V100,P0400,2025-10-01,3,4096.12,3.2,0,0,4.8
O05974,C2262,V059,P0775,2025-05-17,3,1353.02,4.5,0,0,3.7
O05975,C1447,V044,P0030,2025-03-11,5,2650.74,3.5,0,0,4.4
O05976,C1669,V088,P0318,2025-07-02,4,4322.37,4.3,0,1,3.9
O05977,C0313,V069,P0990,2025-09-20,3,2186.85,3.3,0,0,4.3
O05978,C2197,V027,P0181,2025-06-15,2,993.96,3.2,0,0,4.5
O05979,C1517,V059,P0775,2025-09-01,2,799.73,5.7,0,0,3.1
O05980,C0135,V096,P0737,2025-10-21,3,2372.85,4.3,0,1,4.6
O05981,C1965,V034,P0981,2025-01-28,4,1872.31,3.5,0,0,4.1
O05982,C0596,V093,P0698,2025-05-17,1,503.3,4.3,0,0,4.0
O05983,C0251,V070,P0251,2025-10-26,1,887.65,5.4,0,0,3.8
O05984,C0844,V002,P0339,2025-06-18,4,2000.45,4.0,0,0,3.8
O05985,C0281,V068,P0822,2025-04-28,4,2372.39,3.0,0,0,3.8
O05986,C0443,V030,P0170,2025-01-18,1,1810.23,3.8,0,0,3.6
O05987,C2145,V037,P0681,2025-04-10,2,1007.97,2.4,0,0,4.4
O05988,C0768,V002,P0237,2025-12-09,1,466.89,4.2,0,0,3.7
O05989,C1173,V040,P0210,2025-06-12,2,1441.45,3.9,0,0,3.8
O05990,C1628,V089,P0108,2025-09-12,3,1008.27,5.8,0,0,4.7
O05991,C0170,V017,P0403,2025-10-14,4,2846.59,4.3,0,0,3.4
O05992,C1689,V013,P0763,2025-09-20,3,1664.18,2.2,0,0,4.3
O05993,C0497,V098,P0855,2025-11-28,2,689.08,4.3,0,0,4.3
O05994,C0040,V084,P0958,2025-11-27,5,3835.11,5.4,0,0,3.8
O05995,C1393,V080,P0298,2025-03-20,1,1394.7,5.2,0,0,4.2
O05996,C0673,V005,P0380,2025-10-31,1,515.42,6.4,0,0,3.9
O05997,C1699,V023,P0273,2025-12-16,2,2654.21,4.7,0,0,4.4
O05998,C1978,V093,P0599,2025-05-01,2,1925.3,2.4,0,1,3.5
O05999,C1297,V065,P0586,2025-06-11,3,1197.56,2.7,1,0,4.0
O06000,C0195,V046,P0534,2025-03-24,2,946.03,1.2,0,0,2.9
O06001,C0289,V057,P0418,2025-07-06,2,1333.3,3.8,0,0,4.9
O06002,C2424,V060,P0730,2025-07-08,3,1648.58,1.9,0,0,3.6
O06003,C0396,V050,P0743,2025-12-31,2,679.24,4.1,0,0,4.8
O06004,C0656,V031,P0884,2025-11-09,4,1654.73,4.5,0,0,4.5
O06005,C1013,V062,P0834,2025-09-03,3,873.91,4.1,0,0,4.8
O06006,C0103,V090,P0689,2025-06-23,2,1408.38,3.7,0,0,3.3
O06007,C2457,V059,P0123,2025-05-11,2,1249.43,3.2,0,0,4.2
O06008,C0320,V006,P0180,2025-01-06,5,1261.73,4.4,0,0,3.7
O06009,C1073,V078,P0632,2025-10-28,3,2461.34,3.3,0,0,3.9
O06010,C1302,V094,P0046,2025-09-04,5,2087.03,4.0,0,0,4.1
O06011,C1718,V038,P0317,2025-05-18,5,3805.42,5.6,0,0,3.9
O06012,C1299,V048,P0151,2025-11-13,4,3836.0,3.0,0,0,4.6
O06013,C2365,V088,P0112,2025-09-22,3,1484.09,3.4,0,0,5.0
O06014,C0692,V036,P0598,2025-03-02,3,1133.7,4.9,0,0,3.3
O06015,C0895,V051,P0016,2025-07-11,4,1798.63,4.7,0,0,4.9
O06016,C0919,V043,P0630,2025-06-04,4,4449.66,8.1,0,0,4.7
O06017,C1683,V047,P0611,2025-10-02,1,832.81,2.2,1,0,3.7
O06018,C1392,V076,P0774,2025-05-01,2,1989.2,3.4,0,0,3.8
O06019,C0643,V002,P0843,2025-03-22,1,1007.58,2.7,0,0,3.6
O06020,C2000,V093,P0572,2025-04-29,2,2014.74,4.4,0,0,3.9
O06021,C1959,V078,P0086,2025-02-19,2,1314.75,2.0,0,0,3.1
O06022,C1209,V006,P0066,2025-03-06,1,564.24,5.3,0,1,4.3
O06023,C0035,V031,P0223,2025-12-16,3,1833.87,4.1,0,0,4.0
O06024,C2025,V048,P0255,2025-08-13,2,2265.65,2.1,0,0,3.8
O06025,C1824,V013,P0493,2025-10-02,4,2527.0,2.1,0,0,4.1
O06026,C0580,V052,P0083,2025-09-17,1,451.88,4.0,0,0,4.5
O06027,C2295,V060,P0124,2025-10-16,1,956.38,5.3,0,0,3.9
O06028,C1279,V065,P0507,2025-02-05,3,1631.04,4.4,0,0,3.9
O06029,C2012,V012,P0483,2025-10-12,1,328.2,3.0,0,0,3.9
O06030,C1394,V051,P0122,2025-11-15,2,1888.53,6.0,0,0,4.2
O06031,C1410,V021,P0635,2025-07-08,1,794.32,4.2,0,0,4.0
O06032,C1460,V056,P0646,2025-04-25,2,620.23,3.0,0,0,3.9
O06033,C1375,V059,P0012,2025-04-22,3,2792.72,3.8,0,0,3.8
O06034,C2365,V040,P0210,2025-05-23,3,2401.68,4.6,0,0,3.4
O06035,C1590,V081,P0074,2025-02-11,1,456.06,4.5,0,0,4.0
O06036,C1075,V019,P0209,2025-06-27,3,1578.83,4.1,0,0,4.4
O06037,C1168,V014,P0850,2025-08-19,3,1646.34,3.0,0,0,3.8
O06038,C1438,V043,P0630,2025-04-04,3,2919.36,6.8,0,0,4.2
O06039,C1752,V047,P0244,2025-11-27,1,361.45,3.0,0,0,4.2
O06040,C1768,V082,P0426,2025-08-19,2,1657.63,4.7,1,0,4.2
O06041,C0068,V018,P0993,2025-02-04,2,1751.92,5.4,0,0,3.2
O06042,C1565,V068,P0042,2025-07-20,1,607.46,3.1,1,0,3.5
O06043,C0606,V022,P0908,2025-07-27,3,3560.38,3.7,0,0,3.7
O06044,C0131,V040,P0210,2025-03-09,1,673.45,2.8,0,0,4.0
O06045,C2046,V082,P0691,2025-10-25,2,2042.07,5.9,0,1,4.0
O06046,C1260,V082,P0916,2025-05-02,1,707.19,4.1,0,0,5.0
O06047,C0210,V029,P0111,2025-12-21,2,2747.61,3.2,0,0,4.4
O06048,C0008,V060,P0240,2025-07-24,2,907.23,3.5,0,0,3.8
O06049,C2299,V047,P0548,2025-09-07,4,4893.58,3.2,0,0,3.6
O06050,C1693,V002,P0716,2025-01-15,1,411.55,4.1,0,0,4.7
O06051,C1373,V070,P0465,2025-12-01,2,397.54,5.1,0,0,4.0
O06052,C0373,V083,P0932,2025-02-10,6,2463.0,3.6,0,0,4.1
O06053,C2368,V074,P0134,2025-03-23,1,974.53,3.0,0,0,5.0
O06054,C0905,V098,P0996,2025-05-25,2,1755.4,6.1,0,0,4.2
O06055,C1396,V016,P0167,2025-10-28,3,1206.78,6.1,0,0,4.4
O06056,C0758,V029,P0778,2025-04-29,1,426.61,3.7,0,0,3.8
O06057,C0980,V065,P0637,2025-08-18,1,474.5,2.8,0,0,4.5
O06058,C0018,V048,P0151,2025-04-09,2,1794.54,6.3,0,0,4.4
O06059,C1844,V053,P0128,2025-08-25,3,1604.53,5.1,0,1,3.3
O06060,C1676,V083,P0929,2025-05-17,2,1194.16,2.7,0,1,4.6
O06061,C0182,V093,P0698,2025-04-13,1,501.09,4.6,0,0,4.0
O06062,C0647,V005,P0527,2025-01-06,3,2205.93,4.3,0,0,3.6
O06063,C0075,V033,P0601,2025-08-09,3,1732.36,4.4,0,0,3.5
O06064,C0719,V051,P0639,2025-03-27,4,2084.23,4.8,0,0,3.7
O06065,C1537,V034,P0079,2025-03-21,3,1481.16,1.7,0,0,3.3
O06066,C1747,V036,P0598,2025-06-08,5,2084.71,2.6,0,0,3.3
O06067,C0323,V080,P0518,2025-10-02,3,5206.7,4.6,0,0,3.9
O06068,C1805,V093,P0572,2025-09-18,3,2981.43,3.2,0,0,3.8
O06069,C0618,V044,P0514,2025-01-31,1,459.42,6.9,0,0,3.7
O06070,C0684,V063,P0663,2025-12-22,2,670.26,4.8,0,1,4.4
O06071,C0162,V009,P0075,2025-12-24,1,563.15,4.1,0,0,3.9
O06072,C0862,V093,P0698,2025-12-25,2,1019.2,2.7,0,0,4.2
O06073,C0072,V066,P0432,2025-03-12,3,1346.51,4.5,0,0,4.8
O06074,C1042,V054,P0506,2025-07-15,6,3757.96,4.3,0,0,4.6
O06075,C0358,V009,P0445,2025-01-21,1,656.59,3.6,0,0,5.0
O06076,C1739,V022,P0543,2025-06-18,2,1104.51,4.3,1,0,4.1
O06077,C1618,V026,P0837,2025-02-17,6,3088.3,4.2,0,0,4.0
O06078,C1802,V081,P0804,2025-08-10,3,1254.57,7.0,0,0,4.1
O06079,C2235,V060,P0043,2025-05-11,3,1254.87,4.0,0,0,3.8
O06080,C0074,V002,P0972,2025-07-21,5,2039.97,2.7,1,0,4.8
O06081,C1156,V092,P0628,2025-09-03,2,927.77,5.8,0,0,4.2
O06082,C0847,V089,P0898,2025-04-20,1,1064.54,4.1,0,0,3.5
O06083,C1323,V071,P0592,2025-08-04,5,3410.38,2.5,0,0,4.4
O06084,C2259,V097,P0456,2025-08-18,1,423.43,6.3,0,0,4.3
O06085,C2283,V071,P0015,2025-10-21,4,1767.14,1.0,0,0,3.2
O06086,C0900,V015,P0950,2025-06-02,1,309.86,6.0,0,0,4.7
O06087,C0151,V091,P0434,2025-10-19,3,1356.95,1.5,0,0,3.8
O06088,C1706,V078,P0858,2025-06-27,1,1309.03,3.5,0,0,4.0
O06089,C2474,V085,P0892,2025-10-01,1,517.56,5.6,0,0,3.8
O06090,C2049,V070,P0871,2025-11-29,1,436.02,6.1,0,0,3.8
O06091,C0552,V098,P0576,2025-09-18,1,459.22,4.6,1,0,4.4
O06092,C2269,V022,P0945,2025-12-25,5,4542.46,5.5,0,0,3.9
O06093,C0472,V077,P0103,2025-02-03,2,873.35,4.4,1,0,4.0
O06094,C0816,V042,P0228,2025-01-19,2,1257.79,3.2,0,0,4.0
O06095,C0511,V074,P0782,2025-05-11,4,2902.53,2.1,0,0,4.6
O06096,C1761,V015,P0327,2025-09-28,4,2955.06,4.2,0,0,4.1
O06097,C0577,V050,P0157,2025-09-23,2,1138.87,3.5,0,0,4.8
O06098,C2422,V023,P0217,2025-11-07,1,693.71,4.1,0,1,4.5
O06099,C1875,V082,P0113,2025-07-01,1,455.05,3.9,0,0,4.6
O06100,C0763,V086,P0411,2025-03-31,1,726.04,5.6,0,0,2.9
O06101,C2068,V082,P0974,2025-08-25,2,981.35,4.4,0,1,4.1
O06102,C1961,V093,P0920,2025-07-14,3,963.67,3.7,0,0,5.0
O06103,C1062,V024,P0817,2025-11-27,4,1103.37,4.2,1,0,3.9
O06104,C0667,V060,P0043,2025-10-10,3,1082.69,3.5,0,0,4.6
O06105,C2212,V003,P0032,2025-04-18,1,582.77,3.2,0,0,4.4
O06106,C2141,V065,P0637,2025-05-25,3,1350.68,3.1,0,1,4.8
O06107,C2487,V080,P0866,2025-12-16,3,1142.05,4.6,0,1,3.9
O06108,C2043,V082,P0488,2025-12-01,1,410.2,4.6,0,1,4.5
O06109,C0791,V056,P0504,2025-03-07,1,211.25,4.3,0,0,4.6
O06110,C0098,V038,P0295,2025-11-06,2,2586.98,4.0,1,0,4.1
O06111,C0146,V038,P0921,2025-11-16,4,1598.11,3.8,0,0,4.0
O06112,C1827,V060,P0240,2025-12-10,2,971.38,3.3,0,0,3.6
O06113,C0198,V069,P0720,2025-09-02,5,1437.68,3.4,1,0,4.4
O06114,C2039,V085,P0345,2025-12-08,4,893.87,5.0,1,0,3.5
O06115,C0390,V035,P0211,2025-02-14,3,2056.27,5.7,0,0,4.0
O06116,C0385,V031,P0814,2025-08-25,3,1241.76,1.7,0,0,3.8
O06117,C2296,V061,P0624,2025-06-24,1,561.82,5.3,1,0,4.3
O06118,C0914,V070,P0391,2025-09-28,1,343.54,4.8,0,0,4.2
O06119,C1440,V039,P0953,2025-10-22,1,269.5,7.3,0,0,4.6
O06120,C1493,V060,P0240,2025-12-21,1,490.06,1.8,0,0,4.0
O06121,C1570,V062,P0983,2025-06-04,1,1523.26,4.3,0,0,4.8
O06122,C1053,V064,P0918,2025-03-01,3,1622.22,3.4,0,0,4.4
O06123,C1746,V004,P0186,2025-11-18,1,963.11,1.7,0,0,4.1
O06124,C0372,V047,P0726,2025-03-31,2,919.44,4.1,0,0,3.1
O06125,C0882,V085,P0345,2025-03-16,2,468.77,5.0,1,0,4.2
O06126,C2047,V085,P0892,2025-10-13,2,1086.61,3.5,1,0,3.6
O06127,C1733,V093,P0955,2025-03-05,1,857.65,7.2,0,0,4.2
O06128,C1017,V022,P0766,2025-08-05,1,1527.28,2.1,0,0,4.1
O06129,C2235,V003,P0032,2025-09-18,4,1984.69,2.3,0,0,4.7
O06130,C1287,V076,P0774,2025-08-12,6,5539.28,2.0,0,0,4.1
O06131,C1182,V021,P0887,2025-11-05,1,347.05,5.3,0,0,3.9
O06132,C0400,V029,P0101,2025-06-30,7,2923.97,3.6,0,1,3.4
O06133,C0205,V094,P0046,2025-12-27,2,772.02,2.8,0,0,4.0
O06134,C1983,V024,P0853,2025-03-03,3,999.16,3.9,0,0,4.6
O06135,C1587,V073,P0959,2025-12-26,1,403.52,3.6,0,0,3.6
O06136,C1163,V043,P0657,2025-03-01,1,713.02,7.2,1,0,3.6
O06137,C0798,V040,P0913,2025-06-11,1,340.48,5.2,0,0,3.9
O06138,C0529,V085,P0092,2025-10-06,1,276.69,6.7,0,1,2.8
O06139,C0210,V012,P0343,2025-03-08,6,3155.17,4.3,0,0,4.7
O06140,C2154,V076,P0419,2025-11-06,4,2531.99,2.1,0,0,4.3
O06141,C0951,V054,P0736,2025-09-20,3,2106.53,5.0,0,0,4.3
O06142,C0209,V018,P0130,2025-02-26,6,3320.6,5.3,0,0,3.5
O06143,C0078,V014,P0173,2025-04-10,1,558.7,2.5,1,0,4.4
O06144,C1611,V045,P0061,2025-08-04,3,884.08,3.6,0,0,4.2
O06145,C0596,V065,P0590,2025-09-26,2,3145.95,5.3,0,0,3.5
O06146,C1959,V044,P0392,2025-06-30,5,3445.75,5.1,0,0,4.1
O06147,C1461,V026,P0795,2025-03-30,2,661.31,4.4,1,0,4.3
O06148,C0547,V024,P0606,2025-01-25,1,360.31,5.2,0,0,4.2
O06149,C0935,V039,P0848,2025-05-25,1,388.14,5.3,0,0,4.6
O06150,C1441,V082,P0254,2025-06-20,3,3351.51,5.1,0,0,4.4
O06151,C1198,V060,P0043,2025-11-20,1,346.88,4.4,0,0,4.6
O06152,C0599,V018,P0760,2025-07-20,3,2511.71,4.4,0,0,3.0
O06153,C2159,V070,P0709,2025-09-28,2,929.21,5.7,0,0,4.2
O06154,C1540,V037,P0299,2025-07-31,2,897.72,3.6,0,0,4.2
O06155,C1391,V074,P0165,2025-07-31,4,1490.24,1.0,0,0,4.6
O06156,C2197,V083,P0893,2025-05-01,2,759.49,5.0,0,0,3.7
O06157,C0479,V038,P0080,2025-01-02,3,736.39,6.2,0,0,3.7
O06158,C0910,V074,P0890,2025-08-21,3,765.56,2.5,0,0,4.7
O06159,C0282,V094,P0744,2025-10-07,1,704.62,1.0,0,0,4.0
O06160,C0015,V099,P0575,2025-01-31,4,3711.29,3.4,0,0,4.4
O06161,C2124,V085,P0892,2025-12-10,4,2230.4,4.2,1,0,3.4
O06162,C2200,V061,P0652,2025-10-07,1,931.23,3.9,0,0,3.9
O06163,C0923,V047,P0245,2025-09-07,1,439.18,6.0,0,0,4.1
O06164,C1345,V061,P0119,2025-01-03,3,1473.29,5.2,0,0,4.8
O06165,C1149,V037,P0681,2025-04-21,3,1456.57,4.8,0,0,4.4
O06166,C1543,V061,P0484,2025-05-29,3,2817.64,4.4,0,0,4.1
O06167,C1054,V036,P0372,2025-01-06,5,4053.62,3.9,0,0,3.6
O06168,C1080,V075,P0024,2025-01-06,3,1408.23,5.0,1,0,4.3
O06169,C0540,V047,P0069,2025-02-21,2,1076.28,4.1,0,0,4.1
O06170,C0502,V004,P0047,2025-06-17,1,642.35,2.8,0,0,4.3
O06171,C1001,V031,P0613,2025-11-04,4,4192.58,3.1,0,0,4.6
O06172,C1419,V017,P0271,2025-10-24,3,2779.31,5.1,1,0,5.0
O06173,C0365,V065,P0771,2025-08-11,1,671.84,3.0,0,0,4.7
O06174,C1479,V002,P0972,2025-10-30,1,385.19,5.0,0,0,4.4
O06175,C0604,V097,P0526,2025-01-23,4,2366.17,5.4,0,1,3.8
O06176,C0033,V088,P0312,2025-05-18,3,1988.75,3.9,0,1,4.2
O06177,C0760,V024,P0817,2025-02-10,2,605.02,4.1,0,0,4.4
O06178,C1813,V012,P0516,2025-06-06,2,1733.51,3.7,1,0,4.9
O06179,C1713,V039,P0953,2025-03-04,5,1126.67,6.3,0,1,4.6
O06180,C2035,V021,P0610,2025-06-02,1,601.3,5.0,0,0,4.0
O06181,C0559,V058,P0741,2025-06-16,3,1496.82,3.9,0,0,3.6
O06182,C1580,V032,P0367,2025-03-18,5,2240.59,4.2,0,0,4.3
O06183,C2241,V039,P0060,2025-06-04,2,1863.1,3.3,0,1,4.0
O06184,C1693,V100,P0400,2025-09-21,3,4004.91,4.6,0,0,4.1
O06185,C2159,V073,P0604,2025-12-28,1,805.91,4.8,0,0,4.0
O06186,C0887,V075,P0616,2025-07-26,4,2413.26,4.7,0,0,4.3
O06187,C1544,V033,P0017,2025-09-20,4,4393.56,6.5,0,1,4.1
O06188,C2334,V038,P0830,2025-12-07,1,693.3,3.9,0,1,4.9
O06189,C0811,V023,P0701,2025-05-26,1,574.7,6.0,0,0,4.6
O06190,C1533,V025,P0077,2025-02-06,3,1725.33,3.2,0,0,5.0
O06191,C1693,V030,P0662,2025-08-23,1,544.56,1.7,0,0,3.4
O06192,C1369,V024,P0817,2025-05-19,3,870.65,4.2,0,0,4.1
O06193,C1700,V037,P0195,2025-08-20,3,1302.15,4.2,0,0,4.8
O06194,C0669,V021,P0610,2025-07-23,4,2244.56,4.8,0,0,4.3
O06195,C2014,V039,P0455,2025-11-05,1,805.66,5.0,0,0,3.7
O06196,C1992,V091,P0434,2025-03-08,2,829.37,4.0,0,0,3.4
O06197,C1190,V084,P0220,2025-08-10,1,1058.68,6.9,0,1,3.1
O06198,C0240,V018,P0993,2025-04-20,2,1766.3,5.7,0,0,3.4
O06199,C0900,V085,P0052,2025-09-13,2,947.9,4.3,0,0,3.5
O06200,C0265,V048,P0151,2025-09-13,1,984.17,4.7,0,0,3.9
O06201,C2259,V065,P0417,2025-12-27,1,553.37,4.9,0,0,3.7
O06202,C1093,V046,P0664,2025-05-19,1,1149.88,2.5,0,0,3.8
O06203,C2169,V058,P0208,2025-01-31,2,1920.13,4.2,1,0,3.9
O06204,C0702,V048,P0558,2025-05-23,1,766.23,6.0,0,0,5.0
O06205,C0261,V071,P0129,2025-01-06,1,671.12,2.0,1,0,3.7
O06206,C1111,V070,P0871,2025-03-11,2,885.99,6.7,0,1,4.0
O06207,C2367,V095,P0718,2025-03-02,3,1320.51,4.1,1,0,5.0
O06208,C1939,V034,P0641,2025-12-20,1,638.04,3.5,0,0,4.4
O06209,C0313,V057,P0588,2025-08-22,1,325.0,5.1,0,0,4.1
O06210,C0159,V074,P0096,2025-03-27,6,2989.27,5.6,0,0,4.2
O06211,C0052,V080,P0669,2025-03-30,2,470.61,6.5,1,0,4.2
O06212,C2150,V081,P0912,2025-05-09,1,553.26,1.8,0,0,3.5
O06213,C1752,V079,P0794,2025-06-07,1,380.06,3.0,0,1,4.6
O06214,C2254,V022,P0543,2025-01-18,3,1638.98,3.6,0,0,3.7
O06215,C2405,V058,P0824,2025-07-26,2,1571.72,1.7,1,0,3.6
O06216,C0793,V069,P0381,2025-03-22,1,237.06,4.9,0,0,4.2
O06217,C2187,V079,P0303,2025-04-21,1,432.6,2.3,0,0,4.3
O06218,C0667,V016,P0501,2025-05-21,1,359.78,4.4,1,0,5.0
O06219,C2100,V089,P0415,2025-12-27,1,836.35,4.0,0,0,4.5
O06220,C1633,V016,P0167,2025-07-15,2,736.92,4.0,0,0,4.6
O06221,C0218,V051,P0016,2025-05-24,4,2237.74,4.6,0,0,4.0
O06222,C0266,V048,P0094,2025-12-05,2,2170.62,4.2,0,0,4.2
O06223,C1382,V002,P0972,2025-01-27,1,461.1,2.9,0,1,3.4
O06224,C1387,V017,P0089,2025-03-14,2,1606.66,3.2,0,0,3.6
O06225,C2156,V027,P0233,2025-09-25,3,2188.9,4.0,1,0,4.3
O06226,C1092,V020,P0471,2025-11-22,2,3001.91,5.2,0,0,4.2
O06227,C2037,V012,P0483,2025-09-20,1,302.53,3.7,0,0,3.7
O06228,C1251,V050,P0703,2025-02-24,2,1825.11,5.9,0,0,4.9
O06229,C2490,V055,P0552,2025-01-11,3,1481.81,3.1,0,1,4.4
O06230,C0395,V023,P0217,2025-11-03,1,657.68,4.2,0,1,4.5
O06231,C0722,V063,P0663,2025-08-24,1,320.98,1.7,0,0,3.8
O06232,C0634,V025,P0934,2025-09-22,1,1055.19,2.8,0,0,5.0
O06233,C1232,V034,P0798,2025-10-08,1,869.55,2.7,0,0,3.9
O06234,C1764,V055,P0555,2025-03-03,2,904.65,4.2,0,0,3.9
O06235,C1347,V001,P0852,2025-11-28,5,1681.04,4.1,0,0,4.9
O06236,C1247,V016,P0501,2025-03-05,2,747.48,4.4,0,0,4.4
O06237,C2120,V074,P0782,2025-02-23,1,648.99,3.0,0,0,4.2
O06238,C1192,V068,P0978,2025-04-19,1,882.49,3.7,0,0,3.3
O06239,C2108,V059,P0012,2025-09-01,1,807.38,2.5,0,0,4.3
O06240,C1045,V013,P0537,2025-04-30,2,814.24,2.5,0,0,4.8
O06241,C2282,V038,P0100,2025-10-07,1,382.25,4.0,0,0,4.3
O06242,C1548,V021,P0127,2025-12-22,4,1056.11,3.2,0,0,4.3
O06243,C1952,V065,P0649,2025-03-15,1,418.72,1.0,1,0,3.7
O06244,C2001,V058,P0634,2025-04-23,2,1333.18,3.8,0,0,4.4
O06245,C0863,V057,P0645,2025-12-29,2,574.19,3.4,0,0,4.5
O06246,C0919,V070,P0355,2025-12-05,1,572.14,6.1,0,0,4.6
O06247,C1363,V081,P0368,2025-07-09,2,946.66,5.2,0,0,3.8
O06248,C1805,V028,P0489,2025-12-04,5,4152.38,3.5,0,0,3.6
O06249,C1262,V012,P0987,2025-02-12,1,543.64,5.4,0,0,4.5
O06250,C0437,V005,P0423,2025-11-10,4,2623.1,5.2,0,0,4.3
O06251,C0792,V065,P0507,2025-08-03,1,517.93,2.5,0,0,3.6
O06252,C0536,V054,P0736,2025-05-15,2,1490.27,4.0,0,0,4.5
O06253,C1780,V004,P0297,2025-04-04,3,859.57,2.4,1,0,3.8
O06254,C1597,V091,P0236,2025-06-30,1,545.72,3.7,0,0,3.8
O06255,C1537,V089,P0415,2025-04-30,1,783.69,6.4,0,1,4.2
O06256,C0348,V085,P0052,2025-03-30,3,1437.06,4.2,0,0,3.7
O06257,C1828,V090,P0371,2025-06-27,4,2191.88,3.9,1,0,3.9
O06258,C1039,V067,P0357,2025-06-26,3,977.78,3.3,0,0,4.0
O06259,C0591,V043,P0849,2025-05-14,2,1717.81,6.7,0,0,3.3
O06260,C1885,V024,P0952,2025-12-17,2,1156.17,5.3,0,0,3.7
O06261,C2234,V002,P0339,2025-03-18,2,1068.91,5.0,0,0,3.7
O06262,C0049,V026,P0486,2025-03-23,2,1341.8,4.0,0,0,4.1
O06263,C0613,V011,P0851,2025-07-19,1,1070.84,4.7,0,0,4.0
O06264,C0350,V050,P0882,2025-09-17,2,1745.81,2.9,1,0,4.2
O06265,C0158,V076,P0776,2025-01-03,3,2599.12,2.7,0,0,4.4
O06266,C0479,V038,P0888,2025-01-26,1,1009.91,5.0,0,0,4.3
O06267,C0994,V076,P0774,2025-12-20,1,903.85,3.3,0,0,4.7
O06268,C0397,V002,P0762,2025-08-05,2,557.34,3.9,0,0,3.7
O06269,C0506,V067,P0357,2025-10-16,9,2957.82,2.8,0,0,4.0
O06270,C2016,V082,P0683,2025-02-16,3,2597.85,6.2,0,0,4.6
O06271,C2431,V091,P0095,2025-08-03,2,661.97,3.4,0,1,3.2
O06272,C1691,V052,P0369,2025-10-22,2,1546.84,4.5,0,0,4.0
O06273,C0567,V077,P0881,2025-04-16,1,367.36,5.4,0,0,3.8
O06274,C0080,V039,P0985,2025-01-06,1,708.98,4.1,0,0,4.8
O06275,C0999,V048,P0151,2025-09-10,2,1897.1,6.1,0,0,3.9
O06276,C2069,V037,P0234,2025-08-12,1,604.33,4.7,1,0,4.0
O06277,C0472,V008,P0338,2025-09-09,2,828.6,2.6,0,0,3.9
O06278,C1455,V017,P0089,2025-01-11,3,2495.0,4.2,0,0,3.3
O06279,C0001,V003,P0409,2025-03-30,3,2396.9,3.6,0,1,3.9
O06280,C1374,V023,P0446,2025-08-21,1,400.86,2.1,0,0,4.8
O06281,C1071,V096,P0388,2025-02-05,2,1448.51,4.1,0,0,4.7
O06282,C1411,V042,P0621,2025-01-28,2,1471.77,5.4,0,0,4.3
O06283,C1039,V044,P0279,2025-10-07,3,2857.61,5.2,0,0,4.1
O06284,C2181,V100,P0939,2025-12-28,1,343.4,2.9,0,0,3.7
O06285,C2227,V077,P0103,2025-06-13,1,485.62,6.7,0,0,4.0
O06286,C0792,V021,P0635,2025-06-28,4,3156.99,4.3,0,0,4.2
O06287,C0713,V093,P0698,2025-07-11,2,1008.72,4.7,0,0,3.7
O06288,C0897,V002,P0202,2025-01-30,1,448.6,5.6,0,0,4.2
O06289,C0355,V061,P0119,2025-04-10,1,501.47,4.2,0,1,4.6
O06290,C1830,V043,P0849,2025-11-19,1,1077.25,7.7,1,0,4.4
O06291,C0419,V086,P0672,2025-05-01,3,2599.5,3.9,0,0,3.8
O06292,C0756,V025,P0800,2025-10-13,4,4598.93,3.9,0,1,4.1
O06293,C1662,V036,P0540,2025-11-13,4,2270.15,5.5,0,0,3.5
O06294,C1106,V043,P0402,2025-02-27,1,469.54,5.8,0,0,3.5
O06295,C2498,V035,P0868,2025-07-24,1,436.38,2.4,0,0,4.0
O06296,C1947,V007,P0329,2025-12-30,6,4621.22,2.5,0,0,4.2
O06297,C0425,V020,P0385,2025-12-19,1,671.6,3.9,0,0,4.0
O06298,C2018,V008,P0398,2025-07-31,5,1693.48,4.8,0,0,4.4
O06299,C0528,V098,P0855,2025-10-22,3,964.55,4.6,0,0,4.0
O06300,C0693,V023,P0115,2025-08-07,1,236.74,5.0,0,0,3.8
O06301,C0388,V084,P0220,2025-06-20,4,3411.19,5.7,0,0,3.3
O06302,C0209,V061,P0216,2025-03-22,2,1059.06,4.8,0,0,3.4
O06303,C1998,V052,P0911,2025-12-08,1,889.41,4.5,0,0,4.4
O06304,C2128,V023,P0701,2025-11-30,3,1725.65,4.4,0,0,4.2
O06305,C0451,V025,P0957,2025-02-09,1,668.02,3.1,0,0,4.5
O06306,C2106,V062,P0515,2025-06-02,6,3771.25,3.9,0,0,4.7
O06307,C1446,V085,P0098,2025-01-09,2,850.21,3.9,1,0,3.6
O06308,C1772,V085,P0345,2025-02-21,2,428.52,5.5,0,0,3.8
O06309,C2250,V077,P0305,2025-05-14,2,1271.47,3.5,0,0,3.9
O06310,C0547,V043,P0657,2025-01-27,3,2217.44,6.5,0,0,3.6
O06311,C0629,V085,P0098,2025-01-03,4,1775.16,5.4,0,0,5.0
O06312,C0224,V024,P0723,2025-12-24,3,853.81,4.7,0,0,3.9
O06313,C1563,V057,P0021,2025-03-29,3,814.62,3.6,1,0,4.3
O06314,C1312,V004,P0319,2025-10-05,1,328.77,3.9,1,0,4.1
O06315,C0390,V094,P0998,2025-12-16,5,2195.22,4.3,0,0,4.1
O06316,C0593,V055,P0552,2025-05-27,2,971.19,4.5,0,0,5.0
O06317,C0640,V073,P0759,2025-08-21,1,911.84,5.5,0,0,4.4
O06318,C0772,V043,P0073,2025-04-09,2,488.42,9.0,0,0,4.3
O06319,C1114,V051,P0639,2025-12-19,1,484.31,5.6,0,0,4.2
O06320,C2358,V077,P0880,2025-05-13,3,1399.54,5.8,0,0,4.3
O06321,C0399,V048,P0109,2025-03-29,1,489.94,5.0,0,0,4.4
O06322,C1172,V057,P0591,2025-08-23,3,1790.23,3.9,0,0,4.0
O06323,C0535,V069,P0711,2025-08-16,1,223.91,4.7,0,0,3.9
O06324,C1528,V009,P0075,2025-01-10,2,1123.83,3.7,0,0,3.8
O06325,C2392,V019,P0508,2025-10-21,1,263.12,1.5,0,0,4.8
O06326,C0691,V013,P0143,2025-09-12,2,1267.15,2.4,0,0,4.2
O06327,C0341,V036,P0401,2025-10-17,4,2761.12,4.2,0,0,4.0
O06328,C2417,V048,P0038,2025-02-10,1,627.38,7.2,0,0,4.1
O06329,C1968,V054,P0274,2025-11-29,4,2156.6,3.3,0,0,4.1
O06330,C1234,V024,P0699,2025-05-06,1,855.8,4.4,1,0,4.0
O06331,C1645,V058,P0247,2025-03-03,1,364.87,2.5,0,0,4.0
O06332,C2472,V086,P0535,2025-05-24,1,802.81,4.5,0,0,3.8
O06333,C0159,V004,P0940,2025-10-04,1,842.61,1.0,0,0,3.7
O06334,C0278,V055,P0862,2025-11-11,1,713.22,2.6,0,0,4.5
O06335,C1961,V056,P1000,2025-07-13,3,1744.03,3.0,0,0,4.5
O06336,C0245,V056,P0646,2025-10-30,3,808.46,3.9,0,0,3.9
O06337,C0596,V018,P0760,2025-03-03,4,2719.93,5.2,0,0,3.3
O06338,C0284,V023,P0446,2025-07-06,2,731.85,4.8,0,0,4.9
O06339,C1385,V013,P0135,2025-02-24,1,471.51,2.5,0,1,4.5
O06340,C0088,V100,P0949,2025-06-23,3,648.26,2.9,0,0,4.0
O06341,C0383,V012,P0343,2025-08-27,1,464.9,4.0,0,0,4.5
O06342,C1643,V035,P0833,2025-10-01,1,1005.16,5.0,0,0,4.3
O06343,C2228,V100,P0382,2025-08-05,3,747.86,4.9,0,0,4.4
O06344,C1201,V013,P0522,2025-04-29,5,4540.48,3.0,0,0,4.4
O06345,C0156,V063,P0992,2025-12-19,1,448.04,3.7,0,0,4.6
O06346,C2383,V100,P0390,2025-11-10,2,2402.6,4.5,0,0,3.9
O06347,C0966,V011,P0439,2025-06-07,5,3806.02,2.9,0,0,4.9
O06348,C1000,V054,P0405,2025-11-28,2,592.71,5.7,0,1,3.7
O06349,C1457,V066,P0172,2025-09-23,1,914.04,7.2,0,0,4.3
O06350,C1402,V051,P0935,2025-01-15,3,2583.47,2.6,0,1,4.3
O06351,C1257,V031,P0884,2025-04-24,2,817.71,1.9,0,0,4.1
O06352,C0539,V027,P0233,2025-04-16,2,1555.44,3.2,0,0,4.0
O06353,C0670,V033,P0554,2025-04-28,6,2617.32,6.9,0,0,3.8
O06354,C1541,V069,P0673,2025-06-02,1,584.29,3.3,1,0,4.2
O06355,C2248,V028,P0373,2025-10-26,1,763.01,4.2,0,0,3.0
O06356,C0351,V012,P0224,2025-04-15,1,398.18,5.1,0,0,4.3
O06357,C2092,V096,P0304,2025-10-28,3,1434.53,6.0,0,0,4.4
O06358,C1984,V005,P0655,2025-12-31,2,1949.49,6.1,1,0,3.8
O06359,C2142,V068,P0197,2025-01-14,3,3133.73,3.5,0,0,4.0
O06360,C1637,V039,P0481,2025-10-28,4,3316.48,4.2,0,0,4.9
O06361,C0225,V026,P0106,2025-02-06,2,737.98,4.3,0,0,4.8
O06362,C1161,V059,P0622,2025-08-25,4,1714.63,4.3,0,0,4.4
O06363,C2296,V018,P0614,2025-05-05,1,689.47,6.2,0,0,4.4
O06364,C2295,V047,P0243,2025-09-29,4,1370.17,3.7,0,0,3.9
O06365,C2276,V072,P0967,2025-02-20,1,995.57,5.6,0,0,4.7
O06366,C1058,V001,P0356,2025-08-22,1,235.87,3.6,0,0,4.5
O06367,C0168,V011,P0823,2025-12-15,1,570.08,3.2,0,0,4.8
O06368,C0911,V010,P0658,2025-07-16,4,2355.76,5.6,0,0,4.9
O06369,C1683,V016,P0501,2025-03-06,1,423.58,6.9,0,0,4.3
O06370,C2005,V100,P0400,2025-09-13,6,6808.29,4.9,0,0,4.1
O06371,C1770,V068,P0406,2025-07-15,4,1252.88,4.6,0,0,4.6
O06372,C1792,V028,P0116,2025-09-26,1,872.11,4.1,0,0,3.6
O06373,C2289,V090,P0371,2025-09-18,1,482.25,3.9,0,0,3.8
O06374,C1732,V072,P0005,2025-04-14,1,511.37,5.6,0,0,5.0
O06375,C2058,V053,P0710,2025-11-05,1,1743.68,5.8,0,1,3.8
O06376,C0440,V022,P0477,2025-04-22,1,481.76,5.9,1,0,4.2
O06377,C0697,V093,P0599,2025-02-26,2,1637.22,3.4,0,0,3.5
O06378,C1635,V076,P0761,2025-01-26,3,1689.05,2.4,0,0,4.7
O06379,C0819,V036,P0334,2025-08-07,1,346.24,4.3,0,0,3.5
O06380,C1987,V036,P0598,2025-05-23,2,863.14,4.6,0,0,2.9
O06381,C0899,V038,P0561,2025-03-20,2,932.13,5.8,0,1,4.1
O06382,C0673,V048,P0558,2025-05-31,3,1902.31,7.2,0,0,5.0
O06383,C1552,V068,P0822,2025-02-22,2,1065.49,2.2,0,0,3.3
O06384,C0447,V054,P0241,2025-11-20,2,1650.0,4.2,0,0,4.5
O06385,C0389,V074,P0222,2025-01-12,2,1182.79,3.3,0,0,4.7
O06386,C2387,V085,P0915,2025-02-06,1,225.9,7.6,0,0,3.7
O06387,C0450,V019,P0815,2025-07-11,1,357.96,4.9,0,0,4.6
O06388,C1064,V030,P0170,2025-08-17,1,1607.71,3.6,1,0,4.0
O06389,C0949,V045,P0198,2025-05-16,1,852.48,4.8,0,0,4.4
O06390,C0889,V096,P0842,2025-02-22,1,566.05,3.1,0,0,3.4
O06391,C1317,V057,P0531,2025-11-26,1,361.17,4.7,0,0,3.8
O06392,C0609,V060,P0536,2025-03-18,2,1321.66,3.4,0,0,4.0
O06393,C0423,V033,P0296,2025-09-03,3,2099.28,6.3,0,0,3.5
O06394,C0580,V020,P0696,2025-11-27,2,1100.73,3.1,0,1,4.1
O06395,C1270,V090,P0219,2025-01-16,4,1881.0,3.4,0,0,4.3
O06396,C1974,V077,P0305,2025-02-13,2,1541.45,5.1,0,0,4.2
O06397,C1854,V092,P0152,2025-10-27,2,1493.63,6.5,0,0,4.1
O06398,C1030,V016,P0294,2025-06-08,3,895.25,6.6,0,0,4.9
O06399,C0265,V075,P0059,2025-02-28,4,3336.87,2.9,0,0,4.3
O06400,C0582,V017,P0054,2025-12-26,1,622.56,2.1,0,0,4.4
O06401,C1090,V062,P0064,2025-03-22,4,1761.93,6.0,0,0,4.3
O06402,C0250,V025,P0034,2025-01-10,1,286.45,3.5,0,0,3.3
O06403,C1424,V091,P0236,2025-03-17,4,2288.56,1.9,0,0,4.1
O06404,C1000,V054,P0232,2025-08-15,3,625.02,5.1,0,0,4.7
O06405,C1878,V073,P0936,2025-10-18,1,449.05,5.4,0,0,4.3
O06406,C1911,V091,P0475,2025-05-06,3,2862.37,3.9,0,0,3.8
O06407,C0290,V094,P0281,2025-09-09,3,2867.95,4.4,0,0,3.2
O06408,C2391,V012,P0238,2025-06-15,1,636.58,3.2,0,0,4.2
O06409,C0370,V031,P0201,2025-12-22,4,1191.38,3.4,0,0,4.0
O06410,C2054,V026,P0486,2025-03-21,1,661.84,4.0,0,0,4.4
O06411,C0607,V057,P0645,2025-07-27,4,1198.09,3.5,0,0,3.9
O06412,C1294,V091,P0314,2025-01-26,1,773.44,3.0,0,0,3.2
O06413,C1678,V006,P0056,2025-01-26,7,2217.47,6.0,0,0,3.9
O06414,C0022,V039,P0928,2025-02-04,2,1389.13,6.1,0,0,4.3
O06415,C1494,V023,P0831,2025-04-04,1,925.2,2.8,0,0,4.8
O06416,C1515,V017,P0856,2025-01-07,1,732.79,4.6,0,0,4.3
O06417,C2479,V074,P0546,2025-09-04,4,2574.52,2.3,0,0,4.0
O06418,C0454,V097,P0697,2025-03-21,1,262.69,6.5,0,0,4.3
O06419,C0298,V088,P0318,2025-07-03,4,3233.8,2.6,0,0,4.8
O06420,C1249,V069,P0990,2025-07-09,1,869.55,3.7,0,0,4.6
O06421,C0007,V100,P0609,2025-06-26,2,881.37,4.2,0,1,3.9
O06422,C0358,V071,P0457,2025-03-11,4,6190.33,3.1,0,0,3.5
O06423,C0177,V076,P0104,2025-10-15,1,619.82,5.7,0,0,5.0
O06424,C2073,V097,P0456,2025-06-03,1,373.53,7.0,0,0,4.2
O06425,C2424,V032,P0643,2025-02-07,1,862.61,6.1,0,0,4.5
O06426,C1546,V017,P0811,2025-10-14,2,2166.8,3.9,0,0,3.8
O06427,C0460,V075,P0616,2025-10-25,1,558.5,4.9,1,0,4.1
O06428,C1334,V086,P0535,2025-06-21,1,938.2,3.8,0,0,4.6
O06429,C1158,V068,P0822,2025-06-11,2,1076.68,2.0,0,1,4.1
O06430,C2471,V014,P0897,2025-05-08,2,2044.11,3.4,0,0,4.3
O06431,C1840,V018,P0325,2025-10-23,4,3009.51,6.3,1,0,5.0
O06432,C2456,V060,P0043,2025-02-12,5,1646.18,2.8,1,0,4.5
O06433,C2228,V096,P0721,2025-06-08,1,1963.83,5.8,0,0,3.7
O06434,C1764,V071,P0457,2025-04-18,4,6419.47,3.4,1,0,4.2
O06435,C1507,V039,P0953,2025-09-18,2,454.83,6.2,1,0,4.3
O06436,C0534,V027,P0261,2025-01-07,2,943.06,3.3,0,0,3.5
O06437,C0825,V043,P0630,2025-03-28,4,3987.26,6.6,0,0,4.7
O06438,C0543,V043,P0020,2025-07-27,3,2936.55,7.4,0,0,3.9
O06439,C2383,V008,P0724,2025-01-18,1,1383.51,5.4,0,0,4.1
O06440,C0886,V003,P0895,2025-11-25,3,677.71,3.9,0,0,4.5
O06441,C0514,V023,P0082,2025-01-05,5,3543.62,1.7,0,0,4.5
O06442,C2159,V043,P0073,2025-07-25,1,266.7,7.9,0,0,4.3
O06443,C1762,V006,P0428,2025-04-20,1,443.12,7.6,0,0,3.7
O06444,C1540,V015,P0327,2025-01-13,3,2334.19,4.3,0,0,4.2
O06445,C0165,V077,P0250,2025-08-28,5,3522.34,6.3,0,0,4.4
O06446,C1379,V084,P0220,2025-09-09,5,4718.06,6.3,0,0,3.0
O06447,C0666,V027,P0758,2025-03-06,6,9588.34,4.4,0,0,3.8
O06448,C0858,V067,P0749,2025-05-28,1,463.08,3.1,0,0,4.2
O06449,C1877,V088,P0036,2025-08-20,3,3969.44,2.8,0,0,4.2
O06450,C2207,V065,P0586,2025-12-30,1,466.72,3.8,0,0,4.1
O06451,C1887,V091,P0964,2025-08-02,4,3071.82,2.4,0,0,3.4
O06452,C0728,V021,P0610,2025-09-18,2,1198.02,2.7,0,0,4.1
O06453,C2441,V054,P0405,2025-02-23,2,654.27,5.0,0,0,3.9
O06454,C1033,V099,P0787,2025-02-06,5,4609.1,3.4,0,0,4.8
O06455,C0265,V046,P0739,2025-08-28,3,985.61,4.1,0,1,3.6
O06456,C0703,V095,P0002,2025-09-11,1,360.09,6.1,0,0,4.6
O06457,C1087,V039,P0985,2025-10-26,2,1315.36,5.1,1,0,4.5
O06458,C1233,V069,P0673,2025-06-17,4,2418.42,3.8,0,0,4.5
O06459,C1494,V042,P0228,2025-09-28,5,3082.08,4.7,0,0,4.7
O06460,C0530,V025,P0077,2025-09-22,2,1213.63,4.5,0,0,4.9
O06461,C0021,V094,P0744,2025-12-06,1,704.46,3.6,0,0,4.7
O06462,C1980,V089,P0415,2025-08-02,3,2648.33,3.8,0,0,4.6
O06463,C0422,V048,P0151,2025-01-25,1,956.36,5.3,0,0,3.8
O06464,C1067,V030,P0170,2025-06-22,3,5018.94,3.8,0,0,4.4
O06465,C1010,V031,P0620,2025-02-08,2,1663.3,3.4,0,0,4.6
O06466,C0740,V063,P0502,2025-09-12,3,2320.33,3.0,0,0,4.2
O06467,C0011,V005,P0511,2025-01-11,3,1050.01,3.5,0,0,4.2
O06468,C2024,V038,P0845,2025-04-28,2,1262.44,6.1,0,0,3.8
O06469,C0968,V082,P0691,2025-06-14,1,880.24,5.1,0,0,4.8
O06470,C1558,V025,P0800,2025-06-29,2,1863.87,5.4,0,0,4.1
O06471,C0074,V052,P0956,2025-02-18,3,2063.33,3.4,0,0,4.6
O06472,C1541,V079,P0922,2025-05-19,3,1158.1,5.1,0,0,4.5
O06473,C1410,V031,P0620,2025-01-21,2,1671.36,2.9,0,0,5.0
O06474,C1630,V094,P0137,2025-09-08,1,404.12,4.4,0,0,4.0
O06475,C2440,V002,P0972,2025-10-31,1,433.63,1.6,0,0,3.6
O06476,C0934,V096,P0997,2025-05-06,1,852.11,5.6,0,0,4.7
O06477,C1390,V065,P0735,2025-10-31,4,1274.48,3.8,0,0,4.5
O06478,C1089,V042,P0262,2025-06-06,4,4968.14,4.9,0,0,4.6
O06479,C0505,V002,P0202,2025-07-10,2,1208.19,3.2,0,0,4.3
O06480,C0062,V030,P0246,2025-04-17,4,2018.63,3.8,0,0,4.0
O06481,C1150,V100,P0549,2025-10-26,4,1979.94,4.5,0,0,4.2
O06482,C0075,V032,P0971,2025-10-06,2,3532.7,4.9,0,0,4.0
O06483,C0587,V018,P0826,2025-08-31,3,1544.77,4.9,0,0,3.3
O06484,C2157,V044,P0875,2025-03-17,1,463.28,5.9,0,0,4.4
O06485,C0932,V018,P0325,2025-05-20,1,849.73,5.5,0,0,5.0
O06486,C2251,V016,P0167,2025-04-29,3,1201.05,5.4,0,0,3.9
O06487,C1297,V078,P0685,2025-08-24,2,533.2,4.6,0,0,4.5
O06488,C2029,V044,P0875,2025-06-11,1,494.91,3.2,0,0,4.5
O06489,C0710,V051,P0065,2025-05-21,2,1324.31,5.4,0,0,4.0
O06490,C1312,V019,P0275,2025-02-08,4,1439.47,4.0,0,0,4.7
O06491,C0432,V025,P0788,2025-01-19,1,808.36,3.5,0,0,3.6
O06492,C1738,V062,P0469,2025-11-27,4,2078.21,5.4,0,0,3.8
O06493,C1141,V060,P0240,2025-02-13,1,411.16,4.5,0,0,3.5
O06494,C0941,V009,P0445,2025-06-24,2,1176.12,2.8,0,0,4.0
O06495,C2058,V015,P0876,2025-10-21,1,1328.98,4.0,0,0,4.6
O06496,C1622,V077,P0881,2025-11-13,1,335.15,5.9,1,0,4.5
O06497,C0534,V046,P0004,2025-06-16,2,855.67,2.6,0,0,3.7
O06498,C1974,V014,P0519,2025-05-01,2,655.7,2.4,1,0,4.2
O06499,C0587,V044,P0379,2025-08-26,2,809.09,6.5,0,0,4.5
O06500,C1322,V073,P0341,2025-01-07,2,1025.81,4.4,0,0,5.0
O06501,C2371,V095,P0414,2025-02-18,2,2040.16,8.2,0,0,4.4
O06502,C1592,V073,P0284,2025-07-27,4,1984.36,6.4,0,1,4.6
O06503,C1520,V038,P0478,2025-08-30,3,1076.17,5.2,0,0,4.2
O06504,C2295,V003,P0288,2025-08-18,1,873.35,3.7,0,0,4.6
O06505,C0853,V096,P0721,2025-06-23,1,1928.36,2.3,1,0,4.0
O06506,C1341,V039,P0740,2025-12-22,1,408.08,4.7,0,0,4.5
O06507,C2370,V039,P0060,2025-03-14,3,2276.71,5.4,0,0,4.3
O06508,C2122,V086,P0055,2025-09-17,2,991.57,5.7,0,0,3.8
O06509,C1195,V023,P0764,2025-05-21,2,1157.15,2.9,0,1,4.2
O06510,C0742,V036,P0540,2025-10-04,1,578.36,3.3,0,0,3.6
O06511,C1084,V013,P0135,2025-03-09,3,1234.22,3.0,0,0,4.6
O06512,C1261,V057,P0645,2025-04-18,4,1222.69,5.3,0,0,4.4
O06513,C0531,V027,P0925,2025-11-18,1,1382.02,1.8,1,0,3.6
O06514,C0215,V066,P0538,2025-04-14,1,1071.86,7.2,0,0,4.2
O06515,C0523,V087,P0395,2025-10-16,1,282.43,4.7,0,0,4.0
O06516,C0339,V069,P0550,2025-06-28,3,1699.24,6.2,0,0,3.7
O06517,C0537,V084,P0220,2025-02-16,3,2667.4,3.4,0,0,2.9
O06518,C1630,V028,P0116,2025-01-14,1,698.79,6.6,0,0,4.4
O06519,C1103,V051,P0607,2025-01-15,2,877.74,1.9,0,0,4.6
O06520,C1482,V046,P0594,2025-01-26,1,425.47,3.6,1,0,3.6
O06521,C1221,V092,P0628,2025-08-01,1,444.95,6.5,0,0,4.3
O06522,C1656,V039,P0175,2025-08-10,1,600.84,6.0,0,0,4.1
O06523,C1273,V063,P0930,2025-07-11,1,1486.74,2.4,1,0,3.9
O06524,C1609,V033,P0017,2025-10-22,2,2083.1,7.0,0,1,3.6
O06525,C2001,V051,P0190,2025-12-13,4,2273.61,4.4,0,0,4.5
O06526,C1617,V024,P0952,2025-10-17,2,1168.43,5.5,0,0,3.6
O06527,C1134,V015,P0147,2025-09-02,1,1040.09,5.1,0,0,4.5
O06528,C2105,V027,P0309,2025-03-11,1,406.73,4.7,0,0,4.3
O06529,C1642,V069,P0750,2025-04-12,1,947.97,5.0,0,0,3.4
O06530,C1652,V047,P0726,2025-10-25,2,1067.98,4.4,1,0,2.8
O06531,C1525,V041,P0404,2025-10-20,2,1442.28,4.4,0,0,3.8
O06532,C0375,V078,P0632,2025-08-05,1,809.47,4.9,0,0,3.0
O06533,C0777,V097,P0526,2025-04-17,2,1316.33,4.3,1,0,3.7
O06534,C1785,V036,P0401,2025-04-27,1,669.39,3.1,0,0,4.3
O06535,C0502,V023,P0146,2025-05-04,2,1323.05,4.9,0,0,3.5
O06536,C0617,V011,P0823,2025-08-21,2,1117.0,2.1,1,0,4.4
O06537,C0702,V065,P0600,2025-12-03,1,577.55,4.3,0,0,4.6
O06538,C1140,V043,P0768,2025-04-20,2,1268.71,4.3,0,0,3.6
O06539,C1754,V081,P0861,2025-04-23,7,2755.86,2.8,0,0,3.9
O06540,C1831,V078,P0685,2025-03-11,1,307.05,3.6,0,0,4.4
O06541,C1310,V076,P0774,2025-05-25,2,1864.25,4.1,0,0,4.4
O06542,C0263,V082,P0544,2025-12-24,1,304.49,4.7,0,0,4.2
O06543,C1998,V003,P0023,2025-08-04,5,5753.73,3.9,0,0,4.2
O06544,C1181,V100,P0010,2025-11-21,1,1119.92,3.8,0,0,4.0
O06545,C0096,V099,P0787,2025-04-08,3,2577.72,3.8,0,0,4.3
O06546,C0978,V080,P0660,2025-10-10,4,4460.46,5.2,0,0,4.3
O06547,C0222,V080,P0298,2025-04-15,1,1279.13,3.4,1,0,4.1
O06548,C1880,V093,P0955,2025-09-03,1,804.79,2.0,0,0,4.3
O06549,C1499,V040,P0510,2025-05-27,2,846.99,4.1,0,0,5.0
O06550,C1262,V046,P0664,2025-01-21,1,1179.21,2.0,1,0,3.9
O06551,C0612,V026,P0813,2025-12-04,5,3547.34,5.1,0,1,3.8
O06552,C1255,V077,P0678,2025-09-16,3,1463.98,4.1,0,0,4.0
O06553,C2215,V065,P0417,2025-08-12,1,520.46,3.9,0,0,4.1
O06554,C0117,V087,P0088,2025-06-22,2,389.26,7.9,0,0,3.6
O06555,C0682,V077,P0153,2025-09-21,1,499.57,5.7,0,0,3.5
O06556,C1903,V069,P0720,2025-06-16,5,1672.12,3.7,0,0,4.3
O06557,C1070,V068,P0978,2025-09-08,4,3427.81,2.6,1,0,3.3
O06558,C1738,V023,P0764,2025-05-13,3,1794.25,3.2,0,0,3.9
O06559,C1737,V045,P0466,2025-12-23,2,1379.57,2.4,0,0,4.4
O06560,C2406,V073,P0341,2025-04-28,1,518.82,5.9,1,0,3.8
O06561,C0173,V085,P0780,2025-09-24,3,964.26,5.5,0,0,3.4
O06562,C1357,V026,P0106,2025-06-08,1,324.85,3.2,0,0,4.3
O06563,C1488,V031,P0884,2025-10-01,3,1336.9,4.8,0,0,4.7
O06564,C0976,V011,P0961,2025-06-22,1,566.46,3.7,0,0,4.7
O06565,C0134,V088,P0312,2025-08-29,1,622.96,6.2,0,0,4.5
O06566,C0665,V065,P0771,2025-06-14,3,2016.58,4.2,0,0,4.2
O06567,C2329,V066,P0670,2025-03-23,3,2099.3,2.1,0,0,4.3
O06568,C2341,V089,P0205,2025-10-29,2,1653.04,4.2,0,0,4.3
O06569,C1101,V031,P0277,2025-02-22,1,1012.45,4.9,1,0,3.2
O06570,C0698,V038,P0478,2025-11-24,4,1581.63,5.2,0,0,4.7
O06571,C0498,V005,P0185,2025-08-14,3,428.08,3.9,0,0,4.6
O06572,C1458,V004,P0940,2025-01-20,1,894.55,1.0,0,0,4.3
O06573,C0718,V083,P0929,2025-10-04,3,1643.4,4.7,0,0,3.8
O06574,C1509,V035,P0574,2025-12-19,1,328.56,4.8,0,0,3.9
O06575,C0427,V069,P0163,2025-02-21,3,667.8,4.2,0,0,5.0
O06576,C2148,V031,P0223,2025-05-10,3,2291.94,2.2,0,0,4.7
O06577,C1501,V058,P0634,2025-06-03,2,1352.76,4.3,0,0,4.5
O06578,C1846,V068,P0797,2025-09-13,1,664.69,1.7,1,0,3.6
O06579,C1644,V057,P0021,2025-02-18,4,1458.44,4.0,0,0,4.1
O06580,C1139,V046,P0200,2025-08-24,2,668.39,2.4,0,0,3.6
O06581,C1798,V078,P0632,2025-03-06,4,3622.02,3.2,0,1,3.5
O06582,C0611,V068,P0822,2025-12-07,1,639.66,2.7,0,0,3.4
O06583,C0807,V004,P0186,2025-02-08,2,1868.31,2.7,0,0,4.3
O06584,C1299,V008,P0724,2025-04-27,3,4625.18,4.4,0,0,4.2
O06585,C2003,V039,P0226,2025-06-22,5,2277.61,5.3,0,0,4.2
O06586,C0355,V003,P0587,2025-06-16,1,744.67,1.7,0,0,4.2
O06587,C1877,V084,P0958,2025-12-22,1,879.4,5.1,0,0,4.5
O06588,C2420,V019,P0001,2025-11-15,2,1010.0,4.8,1,0,4.7
O06589,C0537,V016,P0167,2025-12-12,2,728.2,4.6,1,0,4.0
O06590,C1508,V059,P0775,2025-03-06,3,1267.27,2.9,0,0,3.7
O06591,C0451,V021,P0819,2025-04-22,1,244.61,3.0,0,0,4.3
O06592,C2127,V004,P0047,2025-10-10,3,1744.87,2.3,0,0,4.4
O06593,C0318,V070,P0871,2025-09-15,2,813.55,3.2,0,0,3.6
O06594,C1668,V020,P0470,2025-12-05,1,822.76,3.8,0,1,3.7
O06595,C2272,V013,P0287,2025-09-14,2,624.25,3.7,0,0,4.7
O06596,C1537,V073,P0759,2025-12-27,4,3891.69,6.1,0,0,3.8
O06597,C1189,V063,P0636,2025-10-04,3,968.08,2.4,0,0,4.1
O06598,C0028,V026,P0272,2025-03-17,1,589.89,3.2,0,0,4.1
O06599,C0394,V096,P0874,2025-03-02,1,839.13,4.8,1,0,4.0
O06600,C2337,V022,P0692,2025-12-15,2,1467.49,3.8,0,0,4.0
O06601,C0632,V096,P0926,2025-09-19,2,1532.96,5.9,0,1,3.7
O06602,C0675,V040,P0347,2025-04-09,4,4094.81,4.8,0,0,4.3
O06603,C0486,V074,P0134,2025-04-29,6,5041.86,3.4,0,0,4.4
O06604,C2446,V021,P0378,2025-09-24,4,1601.73,3.6,0,0,3.8
O06605,C2138,V054,P0241,2025-04-03,1,753.12,6.7,0,0,5.0
O06606,C0325,V069,P0720,2025-06-04,2,699.17,4.8,0,0,4.8
O06607,C1394,V034,P0906,2025-06-21,3,1985.8,5.3,0,0,4.1
O06608,C2458,V047,P0429,2025-07-20,3,1201.48,3.1,0,0,4.4
O06609,C0124,V002,P0783,2025-03-15,1,471.62,5.4,0,0,3.1
O06610,C0830,V067,P0410,2025-12-19,4,2396.44,3.2,0,0,3.9
O06611,C1935,V012,P0283,2025-05-28,2,971.24,5.5,0,0,4.6
O06612,C0321,V066,P0102,2025-05-30,2,1200.07,6.4,0,0,4.3
O06613,C1801,V029,P0474,2025-01-09,1,790.13,4.9,0,0,3.7
O06614,C1017,V091,P0627,2025-01-13,1,816.04,5.1,1,0,2.5
O06615,C1507,V003,P0032,2025-10-10,1,491.53,4.3,0,0,4.4
O06616,C0311,V097,P0256,2025-01-31,2,1322.59,5.8,1,0,3.4
O06617,C1401,V094,P0137,2025-06-21,1,422.63,4.5,0,0,5.0
O06618,C1940,V046,P0004,2025-10-19,1,539.17,3.8,0,1,4.7
O06619,C0770,V087,P0648,2025-07-18,6,5108.4,6.3,0,0,4.1
O06620,C0526,V069,P0163,2025-02-04,2,438.4,4.3,0,0,4.5
O06621,C1413,V021,P0553,2025-11-23,2,721.14,6.3,0,0,4.1
O06622,C1345,V054,P0506,2025-03-23,3,2290.06,4.6,0,0,4.0
O06623,C1340,V011,P0823,2025-10-16,2,1224.1,5.5,0,0,4.1
O06624,C1661,V054,P0498,2025-01-20,5,2657.28,4.8,1,0,5.0
O06625,C0946,V095,P0656,2025-06-19,1,236.86,6.9,0,0,4.5
O06626,C0250,V051,P0818,2025-04-05,3,1888.28,5.3,0,0,4.9
O06627,C1138,V046,P0292,2025-11-12,1,540.59,1.0,0,0,4.1
O06628,C0298,V050,P0099,2025-06-27,1,180.66,5.9,0,0,4.7
O06629,C2135,V013,P0900,2025-07-06,2,1286.35,4.1,0,0,4.6
O06630,C0848,V069,P0550,2025-08-07,1,492.67,2.8,0,0,4.2
O06631,C0924,V026,P0746,2025-06-23,5,3635.89,4.7,0,0,3.9
O06632,C1612,V083,P0324,2025-02-16,1,407.55,6.3,0,0,3.8
O06633,C0889,V089,P0779,2025-10-14,1,617.5,4.9,0,0,4.4
O06634,C1234,V069,P0750,2025-04-05,3,2901.04,4.5,0,0,4.2
O06635,C1557,V086,P0269,2025-02-05,1,426.57,3.4,0,0,4.1
O06636,C1185,V014,P0850,2025-01-12,2,1241.8,2.1,0,1,3.6
O06637,C1630,V023,P0831,2025-05-01,1,803.25,4.9,0,0,4.6
O06638,C0974,V073,P0617,2025-05-21,4,2277.22,4.8,0,0,3.9
O06639,C2112,V027,P0877,2025-08-12,1,225.54,3.5,0,0,3.6
O06640,C1555,V067,P0410,2025-08-13,2,1334.23,2.5,0,0,3.7
O06641,C0691,V087,P0003,2025-01-13,1,335.47,7.0,0,0,3.7
O06642,C2338,V097,P0456,2025-12-21,3,1072.28,5.6,0,0,4.4
O06643,C0381,V080,P0518,2025-08-29,5,8615.89,4.3,0,0,3.7
O06644,C2166,V072,P0967,2025-07-19,1,862.19,4.0,0,0,4.4
O06645,C1682,V060,P0730,2025-05-25,2,1304.28,4.1,0,0,3.6
O06646,C1424,V017,P0772,2025-12-26,1,335.38,4.4,0,0,3.8
O06647,C0289,V038,P0203,2025-08-31,1,823.88,4.8,0,0,4.1
O06648,C2371,V038,P0080,2025-06-13,4,1118.24,5.0,0,0,4.4
O06649,C2226,V024,P0859,2025-12-27,1,387.85,5.8,1,0,4.8
O06650,C2309,V006,P0136,2025-07-11,3,1031.31,5.9,0,0,4.0
O06651,C0420,V035,P0982,2025-05-03,2,1066.67,4.0,0,0,4.2
O06652,C0675,V023,P0831,2025-02-08,2,1596.78,3.9,0,0,4.5
O06653,C1731,V091,P0799,2025-11-11,3,1061.14,4.1,0,0,3.8
O06654,C0345,V094,P0281,2025-01-13,3,2976.47,4.0,0,0,4.5
O06655,C2048,V098,P0557,2025-10-27,3,847.06,5.7,0,0,3.9
O06656,C0895,V087,P0335,2025-07-20,3,1698.63,5.9,0,0,3.6
O06657,C1713,V041,P0943,2025-09-22,2,1135.69,4.3,0,0,4.0
O06658,C2403,V085,P0092,2025-06-05,2,524.25,5.8,0,0,3.1
O06659,C0532,V005,P0655,2025-04-27,6,6534.5,3.4,1,0,4.7
O06660,C1832,V054,P0232,2025-05-23,3,677.84,4.8,0,0,4.0
O06661,C0574,V040,P0347,2025-10-15,4,3687.41,4.0,0,0,4.0
O06662,C2466,V066,P0729,2025-07-02,1,503.44,5.8,0,0,4.0
O06663,C0520,V016,P0501,2025-07-26,1,378.86,5.5,0,0,4.6
O06664,C1545,V089,P0437,2025-04-21,4,2728.64,4.0,0,0,4.4
O06665,C1980,V048,P0094,2025-01-02,1,946.26,5.2,0,0,4.4
O06666,C0573,V100,P0596,2025-04-09,1,450.0,5.0,0,0,4.1
O06667,C1270,V055,P0029,2025-01-14,4,2866.84,3.3,0,0,4.2
O06668,C2228,V094,P0281,2025-01-01,1,880.22,2.9,0,0,3.7
O06669,C1389,V095,P0885,2025-08-07,5,2820.05,5.2,1,0,4.5
O06670,C1472,V059,P0012,2025-08-23,2,1716.93,4.6,1,0,3.5
O06671,C0897,V033,P0601,2025-02-18,2,1281.34,4.0,0,0,4.2
O06672,C2321,V013,P0412,2025-08-19,3,1494.26,1.0,0,0,4.0
O06673,C0237,V089,P0415,2025-11-01,2,1718.91,4.1,0,0,4.6
O06674,C1002,V054,P0274,2025-10-08,3,1789.01,4.6,0,1,4.7
O06675,C0142,V019,P0396,2025-12-07,5,1502.04,3.1,1,0,4.0
O06676,C1550,V070,P0084,2025-07-29,1,659.51,3.6,0,0,4.4
O06677,C2425,V085,P0092,2025-03-07,1,317.91,5.7,0,0,3.3
O06678,C0340,V100,P0939,2025-07-08,2,769.64,5.8,1,0,4.0
O06679,C0301,V051,P0117,2025-03-08,3,1152.02,3.7,0,0,3.9
O06680,C1545,V044,P0379,2025-09-09,2,811.91,3.0,0,0,4.2
O06681,C0912,V039,P0481,2025-10-17,1,740.02,6.5,0,0,4.2
O06682,C0204,V090,P0053,2025-11-26,3,1068.35,4.7,0,0,4.1
O06683,C1628,V050,P0743,2025-06-30,3,1118.76,5.9,0,0,3.5
O06684,C1865,V034,P0520,2025-01-04,3,525.66,4.9,0,0,4.3
O06685,C0221,V043,P0849,2025-02-24,2,2154.35,5.0,0,0,3.7
O06686,C2301,V037,P0195,2025-04-15,5,2140.09,3.7,0,0,4.2
O06687,C0296,V092,P0628,2025-01-26,3,1696.99,4.2,0,0,4.0
O06688,C1207,V031,P0884,2025-01-25,2,725.6,1.4,0,0,4.4
O06689,C0412,V054,P0506,2025-01-12,3,1975.31,4.2,0,0,3.9
O06690,C0540,V038,P0478,2025-02-12,2,864.11,6.4,0,0,4.3
O06691,C0946,V072,P0199,2025-10-12,3,1407.88,4.5,0,0,4.6
O06692,C0013,V061,P0624,2025-03-19,1,540.29,3.1,0,0,4.3
O06693,C0899,V026,P0106,2025-08-20,2,621.96,3.5,1,0,4.8
O06694,C0190,V062,P0834,2025-04-12,2,587.49,4.2,0,0,4.6
O06695,C2370,V082,P0265,2025-08-29,3,1501.3,2.8,0,0,5.0
O06696,C1761,V043,P0910,2025-02-04,3,1370.0,5.4,0,0,4.9
O06697,C2451,V080,P0518,2025-09-23,1,1507.49,2.5,0,0,3.4
O06698,C0899,V040,P0754,2025-05-15,3,793.44,4.2,0,1,3.9
O06699,C0210,V087,P0648,2025-12-18,2,1483.2,6.1,0,0,4.5
O06700,C2117,V025,P0934,2025-06-21,2,1722.7,3.4,0,0,4.3
O06701,C0953,V027,P0925,2025-10-22,3,3845.52,3.5,0,0,4.2
O06702,C0713,V035,P0110,2025-08-04,1,1117.87,6.5,0,0,3.8
O06703,C1105,V073,P0604,2025-09-04,1,925.48,5.1,0,0,5.0
O06704,C0306,V043,P0849,2025-07-01,1,1010.79,5.9,0,0,3.5
O06705,C1490,V044,P0379,2025-02-18,3,1464.96,5.6,0,0,4.5
O06706,C2475,V087,P0565,2025-03-11,1,386.08,6.5,0,1,4.4
O06707,C0738,V059,P0159,2025-04-07,1,544.91,2.8,1,0,4.3
O06708,C2416,V066,P0286,2025-03-08,2,1660.98,2.7,1,0,4.3
O06709,C1069,V004,P0186,2025-08-13,4,3385.89,2.3,0,0,4.5
O06710,C1249,V026,P0476,2025-12-07,1,202.29,3.0,0,0,4.2
O06711,C2138,V046,P0200,2025-08-28,2,716.59,1.2,0,1,4.1
O06712,C1940,V090,P0844,2025-09-22,1,267.5,5.2,0,0,3.5
O06713,C0429,V046,P0292,2025-05-24,2,963.13,1.9,0,0,2.9
O06714,C0191,V005,P0655,2025-08-14,1,989.7,5.1,0,0,4.3
O06715,C2450,V050,P0743,2025-08-30,3,1254.86,3.9,0,0,4.1
O06716,C0803,V032,P0933,2025-04-30,3,574.52,3.8,0,0,3.9
O06717,C0303,V032,P0571,2025-01-21,1,409.47,5.7,0,0,4.2
O06718,C1174,V021,P0819,2025-05-30,6,1806.91,5.1,0,0,4.4
O06719,C1632,V034,P0068,2025-08-25,1,379.71,1.5,0,0,4.0
O06720,C2427,V100,P0609,2025-04-28,4,1879.91,4.8,0,0,3.4
O06721,C0006,V060,P0043,2025-06-08,1,370.67,2.1,0,0,4.5
O06722,C1052,V085,P0092,2025-11-17,5,1664.67,5.5,0,0,3.7
O06723,C1315,V055,P0555,2025-01-24,4,1798.77,3.3,0,0,4.1
O06724,C2354,V100,P0382,2025-05-11,2,608.45,5.5,0,0,4.9
O06725,C0438,V046,P0505,2025-02-17,1,420.19,2.4,0,0,3.3
O06726,C0944,V069,P0990,2025-09-12,5,4176.82,2.7,0,0,4.2
O06727,C0329,V046,P0594,2025-02-13,2,936.44,4.4,0,0,3.9
O06728,C0195,V048,P0255,2025-09-07,5,4324.08,3.4,0,0,4.7
O06729,C1546,V039,P0740,2025-02-21,5,2248.83,6.4,0,0,4.0
O06730,C2212,V032,P0144,2025-09-28,1,529.23,6.8,0,0,4.3
O06731,C0995,V070,P0084,2025-05-20,2,1248.34,4.6,0,0,4.5
O06732,C1196,V066,P0931,2025-08-31,5,5059.22,3.0,0,0,4.7
O06733,C2498,V003,P0204,2025-10-16,1,441.03,3.1,0,0,4.5
O06734,C1991,V093,P0698,2025-12-29,3,1460.04,3.1,0,0,4.1
O06735,C0824,V027,P0394,2025-03-16,1,561.62,1.7,0,0,4.3
O06736,C0223,V029,P0541,2025-09-11,1,1373.53,4.3,0,0,3.9
O06737,C0638,V054,P0661,2025-06-26,1,191.3,4.3,0,0,3.4
O06738,C0663,V039,P0848,2025-11-05,3,1150.64,4.7,1,0,4.7
O06739,C2282,V044,P0392,2025-09-08,3,1994.27,2.0,0,0,4.2
O06740,C0845,V017,P0054,2025-07-19,2,1265.44,2.8,0,0,3.7
O06741,C2362,V034,P0798,2025-02-14,4,3499.76,4.3,0,0,3.6
O06742,C0842,V054,P0232,2025-05-10,2,398.16,4.3,1,0,4.2
O06743,C0244,V077,P0153,2025-05-03,3,1595.3,4.5,0,0,3.8
O06744,C1311,V047,P0726,2025-10-01,3,1261.59,4.7,0,0,3.5
O06745,C2279,V066,P0729,2025-02-15,4,1834.85,6.2,0,0,4.0
O06746,C1588,V062,P0515,2025-04-30,1,610.25,5.2,0,0,3.7
O06747,C0710,V100,P0869,2025-07-07,1,264.55,3.3,0,0,4.1
O06748,C1143,V020,P0765,2025-09-14,1,238.83,4.6,0,0,3.3
O06749,C0396,V096,P0997,2025-08-02,2,1812.4,5.0,1,0,4.3
O06750,C0082,V051,P0687,2025-05-02,4,1728.49,4.8,0,0,4.1
O06751,C0779,V100,P0400,2025-01-11,1,1105.65,3.4,0,0,3.9
O06752,C2490,V060,P0975,2025-03-20,4,1776.96,5.1,0,0,3.8
O06753,C0144,V091,P0644,2025-09-25,1,276.55,5.0,0,0,3.7
O06754,C1162,V066,P0102,2025-04-15,3,2019.58,6.6,0,1,4.3
O06755,C1857,V017,P0769,2025-04-06,3,1610.68,2.2,0,1,3.6
O06756,C2237,V047,P0245,2025-07-21,4,2056.15,4.1,0,0,4.2
O06757,C0198,V057,P0531,2025-07-15,2,644.97,5.3,0,0,4.2
O06758,C2403,V021,P0431,2025-07-22,4,1170.04,3.2,0,0,4.0
O06759,C0109,V030,P0662,2025-12-20,1,510.62,2.4,0,0,4.1
O06760,C0679,V018,P0973,2025-10-31,1,1273.91,5.1,0,0,4.1
O06761,C0844,V020,P0090,2025-08-24,2,1418.32,3.1,0,0,3.2
O06762,C2146,V022,P0945,2025-09-19,3,2831.7,5.4,0,0,3.8
O06763,C0205,V007,P0189,2025-01-13,2,764.6,3.3,1,0,3.3
O06764,C2363,V005,P0655,2025-09-11,4,3883.06,4.3,0,0,4.3
O06765,C1812,V077,P0103,2025-11-25,1,474.1,3.7,0,0,4.7
O06766,C1452,V054,P0027,2025-08-06,2,697.53,8.5,0,0,4.0
O06767,C1714,V014,P0421,2025-01-09,1,836.74,2.4,1,0,3.5
O06768,C1398,V098,P0996,2025-10-06,2,1682.78,5.1,0,0,4.1
O06769,C2369,V067,P0749,2025-01-02,1,417.13,1.4,1,0,4.0
O06770,C1826,V085,P0052,2025-03-16,1,581.36,4.4,0,0,3.1
O06771,C0747,V013,P0493,2025-03-03,3,1990.62,3.8,0,0,4.1
O06772,C0792,V069,P0550,2025-01-07,5,2289.14,4.8,0,0,3.9
O06773,C0474,V073,P0936,2025-04-14,3,1397.55,7.4,0,0,5.0
O06774,C1402,V080,P0883,2025-08-14,2,1192.19,1.8,0,0,3.7
O06775,C2272,V065,P0252,2025-11-14,1,733.66,2.6,0,0,4.3
O06776,C1736,V091,P0707,2025-02-25,4,3592.19,3.3,0,0,3.5
O06777,C1019,V033,P0629,2025-09-10,1,769.39,5.3,0,0,3.9
O06778,C2274,V024,P0853,2025-03-22,4,1147.14,4.1,0,0,4.5
O06779,C1008,V022,P0908,2025-05-11,3,3570.53,5.6,0,0,3.8
O06780,C1319,V003,P0032,2025-09-14,1,618.46,2.3,0,1,4.7
O06781,C1940,V006,P0428,2025-09-04,2,933.63,7.6,0,0,3.5
O06782,C2028,V078,P0968,2025-03-03,3,1085.61,3.3,0,0,4.1
O06783,C0204,V051,P0607,2025-04-30,3,1106.79,4.8,0,0,4.4
O06784,C0031,V039,P0740,2025-06-14,3,982.53,5.3,1,0,5.0
O06785,C2188,V081,P0719,2025-12-27,2,1269.53,3.2,0,1,4.6
O06786,C2329,V021,P0158,2025-05-19,3,1515.8,2.9,0,0,4.2
O06787,C0707,V069,P0381,2025-02-19,1,266.81,3.0,0,0,4.6
O06788,C0498,V034,P0542,2025-09-19,4,1795.66,5.3,0,0,3.7
O06789,C0559,V081,P0618,2025-06-02,3,1948.21,5.5,0,0,4.5
O06790,C0005,V043,P0073,2025-12-10,1,264.56,7.2,0,0,4.6
O06791,C1052,V062,P0597,2025-09-13,2,627.69,4.9,0,0,3.5
O06792,C2099,V028,P0373,2025-07-27,1,778.49,4.4,0,0,4.2
O06793,C1796,V041,P0091,2025-08-15,1,410.07,4.4,1,0,3.1
O06794,C1877,V084,P0191,2025-01-30,2,1228.53,4.2,0,0,4.3
O06795,C1122,V031,P0620,2025-07-03,2,1766.11,1.9,1,0,4.4
O06796,C0427,V043,P0768,2025-09-15,3,1774.16,7.3,0,0,4.2
O06797,C0759,V022,P0477,2025-01-04,1,471.44,5.5,0,0,5.0
O06798,C1092,V004,P0923,2025-07-29,3,2984.16,1.0,0,0,4.2
O06799,C1087,V019,P0001,2025-01-01,1,548.31,4.0,0,0,4.2
O06800,C1297,V076,P0419,2025-04-08,3,1583.4,3.8,0,0,5.0
O06801,C2413,V082,P0301,2025-12-30,3,1829.27,3.1,0,0,4.6
O06802,C2141,V015,P0147,2025-12-06,6,7462.16,5.0,0,0,3.9
O06803,C0245,V046,P0200,2025-06-26,1,360.36,3.3,0,0,4.1
O06804,C1578,V029,P0111,2025-06-25,4,5100.19,5.0,0,0,4.3
O06805,C1250,V038,P0921,2025-08-16,3,1158.44,4.8,0,0,3.9
O06806,C1777,V058,P0267,2025-07-03,5,2059.63,2.1,0,0,4.5
O06807,C2051,V006,P0066,2025-12-06,1,649.54,6.5,0,0,4.0
O06808,C2434,V050,P0989,2025-08-01,1,538.13,3.8,0,0,5.0
O06809,C0020,V057,P0591,2025-11-22,2,1505.3,1.0,0,0,4.1
O06810,C1770,V010,P0901,2025-11-12,5,3423.66,6.7,0,0,3.7
O06811,C0418,V039,P0462,2025-01-04,1,641.4,4.5,0,0,3.8
O06812,C2237,V004,P0713,2025-11-14,1,734.55,2.9,1,0,4.5
O06813,C0183,V049,P0293,2025-01-28,1,339.16,4.2,0,0,3.7
O06814,C1831,V052,P0369,2025-04-21,8,6578.0,5.7,0,0,4.0
O06815,C2309,V013,P0183,2025-12-14,2,600.82,2.7,0,0,4.3
O06816,C1955,V023,P0623,2025-04-14,1,327.85,2.2,0,0,4.4
O06817,C0124,V031,P0201,2025-09-12,3,783.78,2.8,0,0,4.5
O06818,C1967,V078,P0685,2025-04-16,1,286.01,3.7,0,0,4.2
O06819,C0319,V047,P0548,2025-08-31,1,1349.54,3.7,0,0,3.8
O06820,C2337,V007,P0329,2025-02-14,1,723.83,4.3,0,0,4.2
O06821,C1716,V065,P0590,2025-02-18,2,3046.43,3.2,0,0,3.3
O06822,C1737,V047,P0244,2025-08-31,5,1325.67,3.8,0,1,4.1
O06823,C2241,V076,P0774,2025-03-19,2,1627.08,2.6,0,0,4.2
O06824,C1829,V077,P0881,2025-02-25,2,625.95,6.6,0,0,4.2
O06825,C0997,V044,P0903,2025-01-23,1,899.0,3.2,0,0,3.2
O06826,C1650,V039,P0985,2025-11-22,3,2154.65,5.0,0,0,4.5
O06827,C1204,V045,P0821,2025-10-08,5,4088.77,1.0,0,0,3.9
O06828,C1642,V007,P0329,2025-11-05,4,2961.43,2.7,0,0,4.1
O06829,C1345,V065,P0771,2025-01-08,2,1251.55,3.2,0,0,3.9
O06830,C1936,V026,P0106,2025-06-23,2,633.47,4.6,0,0,4.7
O06831,C0367,V020,P0071,2025-08-25,2,892.79,5.0,0,0,4.0
O06832,C2147,V075,P0169,2025-01-06,1,901.26,5.0,0,0,3.3
O06833,C0516,V034,P0906,2025-09-02,1,619.89,3.7,0,0,4.0
O06834,C2118,V040,P0347,2025-04-21,2,1621.2,4.3,1,0,4.2
O06835,C2183,V025,P0800,2025-12-28,2,1822.1,2.0,0,0,4.3
O06836,C0959,V013,P0007,2025-12-16,4,887.54,4.6,0,0,4.8
O06837,C1391,V029,P0101,2025-03-30,3,1143.77,4.9,0,0,3.6
O06838,C2088,V011,P0631,2025-05-08,4,856.52,5.1,0,0,4.5
O06839,C0403,V054,P0274,2025-04-14,1,597.13,7.0,0,0,3.7
O06840,C0424,V018,P0993,2025-01-07,2,1620.3,4.9,0,0,3.2
O06841,C0077,V082,P0242,2025-09-20,1,569.73,2.3,0,0,4.5
O06842,C2453,V013,P0007,2025-01-21,5,1190.36,1.6,0,0,4.4
O06843,C1468,V004,P0944,2025-02-21,3,754.89,2.2,0,0,4.0
O06844,C2140,V064,P0717,2025-12-06,1,544.24,3.0,0,0,4.0
O06845,C2419,V029,P0058,2025-02-02,2,572.56,4.7,0,0,3.9
O06846,C0554,V047,P0243,2025-09-29,1,277.85,4.7,0,0,4.6
O06847,C1196,V091,P0644,2025-12-20,5,1515.63,4.6,0,0,2.3
O06848,C2154,V077,P0867,2025-06-15,6,5898.75,6.9,0,0,4.4
O06849,C1593,V057,P0351,2025-01-01,2,1451.22,4.0,0,0,4.4
O06850,C2001,V023,P0146,2025-02-26,2,1407.83,3.3,0,0,4.5
O06851,C0064,V075,P0616,2025-09-04,1,579.89,3.6,0,0,4.5
O06852,C0215,V039,P0740,2025-03-14,2,810.93,4.4,0,0,4.6
O06853,C0585,V038,P0203,2025-02-26,6,4729.57,4.8,1,0,4.3
O06854,C0441,V022,P0692,2025-10-25,2,1314.63,6.1,0,0,3.7
O06855,C1344,V084,P0332,2025-07-18,1,276.89,5.3,0,0,4.2
O06856,C1553,V097,P0705,2025-07-02,4,2357.89,4.6,0,0,5.0
O06857,C1843,V099,P0986,2025-04-28,1,517.74,4.2,0,0,3.7
O06858,C1768,V010,P0497,2025-01-08,2,613.32,4.8,0,1,4.6
O06859,C2369,V022,P0766,2025-07-26,3,4189.19,5.5,0,0,4.0
O06860,C0513,V082,P0691,2025-03-20,2,2085.92,4.0,0,0,4.7
O06861,C1634,V048,P0151,2025-07-21,4,4015.4,3.5,0,0,3.8
O06862,C1348,V096,P0926,2025-06-10,1,709.88,5.4,0,0,4.5
O06863,C1991,V081,P0618,2025-05-17,1,781.65,4.6,0,0,4.1
O06864,C1738,V059,P0213,2025-04-19,1,480.34,2.8,0,0,3.6
O06865,C1392,V091,P0475,2025-09-15,3,2929.61,1.0,0,0,3.7
O06866,C0017,V020,P0154,2025-08-12,2,1320.8,4.8,0,1,3.7
O06867,C2408,V066,P0172,2025-11-21,1,835.17,2.2,0,0,4.8
O06868,C0931,V068,P0797,2025-01-17,2,1276.63,4.2,0,0,4.1
O06869,C0356,V045,P0960,2025-12-14,1,649.32,1.7,0,0,5.0
O06870,C0393,V026,P0133,2025-10-24,2,931.92,2.9,0,0,3.8
O06871,C0823,V002,P0237,2025-05-17,3,1331.68,2.8,0,0,3.2
O06872,C0400,V038,P0080,2025-08-20,1,297.99,4.5,0,0,3.4
O06873,C1175,V015,P0289,2025-09-03,4,1986.69,4.8,0,0,4.8
O06874,C1264,V041,P0693,2025-10-30,3,1194.8,3.0,0,0,3.9
O06875,C2196,V075,P0131,2025-01-10,2,1217.05,4.6,0,0,3.7
O06876,C1742,V033,P0601,2025-05-06,2,1157.69,4.4,0,0,4.2
O06877,C0204,V075,P0362,2025-07-28,3,2290.76,4.5,1,0,4.6
O06878,C1291,V069,P0316,2025-11-22,1,973.97,5.1,0,0,4.7
O06879,C0974,V061,P0119,2025-04-09,1,515.7,6.0,0,0,4.0
O06880,C1752,V017,P0310,2025-06-18,3,1412.03,3.9,0,0,4.0
O06881,C0140,V005,P0380,2025-09-21,2,955.54,4.7,0,0,4.5
O06882,C1389,V078,P0632,2025-09-18,2,1964.09,5.7,0,0,3.0
O06883,C2471,V086,P0524,2025-05-24,1,701.77,6.0,0,0,4.5
O06884,C0672,V069,P0990,2025-02-12,2,1702.12,4.8,0,0,4.1
O06885,C2359,V099,P0070,2025-09-08,1,324.92,4.7,0,0,4.6
O06886,C1012,V021,P0635,2025-03-06,3,2537.64,4.6,1,0,3.6
O06887,C0728,V080,P0866,2025-06-26,2,748.05,4.5,0,0,4.0
O06888,C0151,V002,P0202,2025-12-11,3,1594.74,4.5,0,1,3.7
O06889,C2134,V070,P0440,2025-01-30,3,2895.72,5.3,0,0,4.3
O06890,C1633,V043,P0910,2025-05-01,1,473.26,6.2,0,0,4.0
O06891,C1732,V046,P0200,2025-04-11,1,380.98,1.5,0,0,3.9
O06892,C0120,V038,P0203,2025-05-16,1,701.38,7.1,0,0,4.6
O06893,C1486,V046,P0594,2025-06-26,1,434.29,4.5,0,0,3.7
O06894,C0579,V027,P0181,2025-08-07,1,533.94,4.6,0,0,3.5
O06895,C0614,V025,P0563,2025-01-04,2,1034.82,3.7,1,0,5.0
O06896,C2284,V076,P0419,2025-03-13,1,607.46,4.1,0,0,4.5
O06897,C0351,V053,P0517,2025-04-11,1,488.9,4.8,0,0,4.0
O06898,C1051,V008,P0376,2025-06-03,3,2489.98,3.4,0,0,4.8
O06899,C0725,V042,P0621,2025-11-26,1,658.95,3.8,0,0,4.8
O06900,C1418,V084,P0278,2025-08-17,4,1727.17,4.6,0,0,3.3
O06901,C2008,V075,P0616,2025-01-29,5,2768.63,2.1,0,1,4.3
O06902,C0765,V041,P0091,2025-05-10,1,411.6,3.3,1,0,3.8
O06903,C0983,V090,P0844,2025-03-28,3,793.66,5.6,1,0,3.8
O06904,C2330,V076,P0360,2025-04-02,1,211.94,3.6,0,0,4.8
O06905,C1108,V020,P0827,2025-06-03,3,1284.64,5.7,0,0,2.8
O06906,C0608,V012,P0224,2025-04-01,1,357.12,5.6,0,0,4.3
O06907,C1677,V022,P0125,2025-01-16,2,1577.93,3.8,0,0,4.1
O06908,C1943,V005,P0962,2025-06-11,2,1541.12,2.9,0,0,4.1
O06909,C1021,V090,P0371,2025-07-12,4,2252.4,4.4,0,0,4.3
O06910,C0500,V045,P0061,2025-02-26,2,545.3,1.9,0,0,4.5
O06911,C0877,V009,P0816,2025-03-13,2,875.3,5.5,0,0,4.2
O06912,C1146,V061,P0484,2025-01-09,1,904.04,3.9,1,0,4.8
O06913,C0354,V011,P0896,2025-05-01,3,1268.13,4.6,0,0,4.3
O06914,C0582,V053,P0710,2025-05-28,1,1585.02,7.3,0,0,3.5
O06915,C1657,V081,P0912,2025-11-18,4,2052.36,1.6,0,0,3.7
O06916,C1182,V096,P0556,2025-01-24,4,1512.05,4.9,0,0,4.2
O06917,C1393,V004,P0459,2025-12-30,1,858.09,1.4,0,0,4.1
O06918,C1629,V031,P0277,2025-09-04,2,2134.57,3.0,0,0,4.0
O06919,C0597,V062,P0834,2025-10-30,2,560.53,3.4,0,0,4.7
O06920,C1129,V001,P0829,2025-07-07,3,914.54,4.6,0,0,4.8
O06921,C0525,V086,P0055,2025-11-06,5,2584.08,3.2,0,0,4.2
O06922,C1439,V088,P0036,2025-03-02,1,1422.66,3.1,0,1,4.6
O06923,C1446,V013,P0493,2025-01-22,4,2321.64,1.5,0,0,4.1
O06924,C1451,V063,P0467,2025-03-12,1,300.36,1.9,0,0,4.2
O06925,C0176,V044,P0796,2025-08-18,3,1628.64,3.3,1,0,4.9
O06926,C0946,V091,P0644,2025-11-22,1,294.97,6.7,0,0,3.5
O06927,C2307,V025,P0957,2025-04-09,2,1172.01,5.8,0,0,4.4
O06928,C2368,V024,P0606,2025-06-10,1,363.86,3.4,0,0,4.4
O06929,C2337,V043,P0910,2025-08-27,2,982.15,5.2,0,0,3.5
O06930,C0091,V100,P0549,2025-01-10,1,514.01,3.5,0,0,3.9
O06931,C0845,V022,P0477,2025-12-13,1,480.72,5.0,1,0,4.6
O06932,C1207,V050,P0157,2025-10-10,1,580.68,5.6,0,0,5.0
O06933,C0631,V048,P0051,2025-08-28,4,3845.25,4.8,0,0,4.1
O06934,C2073,V037,P0234,2025-07-18,3,1740.5,4.9,1,0,3.8
O06935,C0696,V054,P0308,2025-10-27,2,593.61,3.5,0,0,4.0
O06936,C1615,V067,P0749,2025-12-27,1,440.12,1.5,0,0,5.0
O06937,C0666,V070,P0465,2025-08-27,1,281.35,4.4,0,0,3.9
O06938,C1472,V082,P0265,2025-08-22,5,2103.15,4.1,0,0,4.2
O06939,C1732,V031,P0201,2025-03-01,1,272.77,2.1,0,0,5.0
O06940,C1105,V007,P0329,2025-09-26,2,1642.15,3.6,0,0,4.1
O06941,C1661,V061,P0937,2025-08-13,1,592.91,5.3,0,1,4.0
O06942,C2188,V059,P0775,2025-01-03,1,425.41,4.8,0,0,3.0
O06943,C0695,V037,P0234,2025-02-03,1,530.26,3.8,0,0,4.5
O06944,C1526,V060,P0124,2025-06-11,3,2821.13,4.3,0,0,3.7
O06945,C0366,V076,P0774,2025-04-05,1,815.3,4.6,0,0,4.5
O06946,C1052,V068,P0406,2025-07-13,3,1001.6,3.7,0,0,4.6
O06947,C2137,V086,P0680,2025-08-29,1,392.17,5.6,0,0,4.1
O06948,C1926,V090,P0053,2025-02-15,3,915.45,3.5,0,0,3.8
O06949,C2481,V018,P0973,2025-12-13,2,2552.09,4.5,0,0,3.4
O06950,C0601,V009,P0568,2025-12-07,1,688.55,5.1,0,0,3.7
O06951,C0914,V006,P0136,2025-03-23,1,367.97,5.7,0,0,4.0
O06952,C0650,V066,P0102,2025-08-30,2,1302.54,5.3,0,0,4.5
O06953,C1815,V078,P0632,2025-08-01,2,1703.82,2.1,0,1,3.5
O06954,C0793,V044,P0796,2025-01-08,2,1024.48,5.3,0,0,4.3
O06955,C1673,V074,P0139,2025-08-21,1,640.91,2.0,0,0,4.3
O06956,C0675,V042,P0268,2025-07-31,2,1458.1,3.7,0,0,4.6
O06957,C0174,V013,P0168,2025-03-08,1,471.53,4.7,0,0,3.8
O06958,C1644,V058,P0634,2025-03-28,1,682.78,3.4,0,1,3.9
O06959,C0436,V040,P0754,2025-02-14,4,1104.12,3.9,0,0,3.9
O06960,C0560,V003,P0409,2025-08-06,2,1708.32,2.2,0,1,4.6
O06961,C2058,V069,P0711,2025-09-27,4,930.47,4.1,0,0,4.0
O06962,C0032,V002,P0716,2025-04-09,2,939.53,3.8,0,0,4.4
O06963,C0349,V006,P0676,2025-07-27,2,1018.93,4.9,0,0,4.0
O06964,C0383,V093,P0946,2025-09-25,2,1193.07,4.3,0,0,4.6
O06965,C1124,V071,P0457,2025-05-22,2,3535.05,4.1,0,0,4.0
O06966,C2386,V063,P0992,2025-03-05,1,491.2,2.4,0,0,4.9
O06967,C1091,V043,P0849,2025-01-19,2,2028.57,7.0,0,0,3.8
O06968,C2054,V077,P0062,2025-01-05,2,686.31,4.9,0,0,4.3
O06969,C0437,V089,P0437,2025-06-26,3,2047.03,4.2,0,0,4.7
O06970,C1003,V039,P0179,2025-04-01,2,1487.88,4.4,0,0,4.3
O06971,C0085,V027,P0581,2025-09-30,2,1207.67,1.5,0,0,3.4
O06972,C0568,V090,P0331,2025-08-03,1,1027.58,5.2,0,0,4.1
O06973,C2296,V057,P0582,2025-11-09,5,2404.74,4.7,0,0,4.5
O06974,C1551,V027,P0792,2025-04-13,1,593.13,4.1,0,0,3.0
O06975,C1109,V034,P0798,2025-02-23,2,1438.89,5.6,0,0,4.2
O06976,C0388,V044,P0207,2025-11-04,1,707.16,2.8,0,0,4.3
O06977,C0324,V100,P0609,2025-11-06,1,545.33,3.2,0,0,3.9
O06978,C0650,V083,P0893,2025-04-09,1,399.37,4.4,0,0,4.2
O06979,C1361,V047,P0429,2025-11-22,2,695.8,5.0,0,0,3.8
O06980,C0258,V056,P0988,2025-02-08,1,917.2,3.8,0,0,4.2
O06981,C0442,V031,P0424,2025-06-09,2,1355.06,2.9,0,1,4.3
O06982,C1108,V064,P0918,2025-08-05,5,3459.04,2.8,0,0,4.8
O06983,C1476,V082,P0878,2025-03-11,1,528.96,3.6,1,0,4.6
O06984,C0707,V043,P0700,2025-09-29,1,671.4,5.2,0,0,5.0
O06985,C2133,V048,P0521,2025-07-27,4,1269.72,4.1,0,0,4.9
O06986,C2221,V062,P0727,2025-05-26,2,1052.88,3.5,0,0,4.0
O06987,C1538,V083,P0640,2025-03-12,3,1879.58,3.6,1,0,3.7
O06988,C2049,V063,P0397,2025-06-09,3,1272.28,3.3,0,0,3.8
O06989,C1775,V042,P0734,2025-10-22,2,1040.45,2.9,1,0,4.5
O06990,C1021,V068,P0822,2025-11-22,2,1119.33,3.1,0,0,4.3
O06991,C0572,V069,P0163,2025-11-16,3,647.57,2.8,0,0,4.2
O06992,C1311,V036,P0603,2025-03-10,2,676.73,3.9,0,0,4.2
O06993,C0120,V088,P0312,2025-04-06,1,613.89,3.7,0,1,4.1
O06994,C0222,V095,P0118,2025-04-29,2,1686.83,5.7,0,0,4.3
O06995,C0124,V041,P0040,2025-10-19,1,868.06,4.0,0,0,3.3
O06996,C1761,V058,P0208,2025-08-27,2,1807.23,3.8,0,1,4.4
O06997,C1120,V037,P0803,2025-04-24,1,880.9,2.8,0,0,4.0
O06998,C0366,V019,P0187,2025-01-06,3,1275.6,3.4,0,0,4.4
O06999,C1555,V051,P0349,2025-07-07,4,3101.95,3.8,0,0,4.3
O07000,C0565,V006,P0428,2025-06-04,1,471.62,5.7,0,0,4.1
O07001,C1669,V050,P0743,2025-10-20,2,874.37,4.0,0,0,4.8
O07002,C1191,V018,P0130,2025-02-18,1,509.04,6.1,0,0,3.8
O07003,C0002,V046,P0359,2025-11-25,1,506.51,1.1,0,0,3.5
O07004,C2024,V023,P0161,2025-05-22,3,1293.54,4.1,0,0,4.7
O07005,C0325,V082,P0242,2025-01-06,2,978.51,4.7,0,0,4.3
O07006,C2073,V095,P0340,2025-02-08,2,3337.2,4.6,0,0,4.0
O07007,C0910,V085,P0780,2025-03-22,4,1354.33,4.6,0,1,3.8
O07008,C1900,V032,P0364,2025-02-14,2,795.08,5.9,0,0,4.7
O07009,C0797,V020,P0454,2025-10-28,4,2306.82,2.8,0,1,3.3
O07010,C0266,V087,P0088,2025-06-20,1,209.93,6.3,1,0,4.1
O07011,C0570,V086,P0411,2025-02-17,1,761.16,5.1,0,1,3.5
O07012,C1639,V055,P0862,2025-12-23,2,1287.05,3.4,0,0,4.5
O07013,C1071,V006,P0136,2025-02-04,1,349.97,6.5,0,0,3.4
O07014,C2052,V053,P0307,2025-06-08,3,1425.3,5.4,0,0,3.7
O07015,C2402,V077,P0678,2025-12-23,1,401.66,6.1,0,1,4.6
O07016,C0841,V058,P0824,2025-11-30,1,690.13,2.8,0,0,4.3
O07017,C0388,V084,P0278,2025-04-30,5,2246.53,6.9,0,0,3.6
O07018,C0371,V088,P0112,2025-08-11,3,1626.34,4.3,0,0,4.8
O07019,C0752,V057,P0588,2025-01-12,3,1169.36,3.9,0,0,4.2
O07020,C0193,V066,P0172,2025-06-06,2,1482.61,3.5,0,0,3.9
O07021,C1592,V011,P0961,2025-12-18,2,883.95,4.9,0,0,4.9
O07022,C0395,V019,P0815,2025-01-06,2,648.06,3.2,0,0,4.4
O07023,C1978,V052,P0911,2025-09-21,3,2579.52,3.4,0,1,4.1
O07024,C1123,V096,P0174,2025-05-22,2,581.23,5.5,0,0,3.7
O07025,C0578,V003,P0587,2025-12-12,1,688.32,3.4,0,0,4.1
O07026,C0663,V039,P0481,2025-03-03,2,1366.04,4.2,0,0,4.1
O07027,C0471,V046,P0534,2025-06-17,1,487.95,1.1,0,1,3.0
O07028,C0697,V063,P0072,2025-05-06,1,844.68,4.0,1,0,4.4
O07029,C0241,V052,P0083,2025-11-22,1,426.48,5.8,0,0,4.9
O07030,C0440,V063,P0838,2025-06-28,5,4387.01,2.0,0,0,4.1
O07031,C0016,V059,P0123,2025-09-23,3,1578.98,3.8,1,0,3.7
O07032,C1785,V023,P0115,2025-05-09,1,245.23,3.1,0,0,4.3
O07033,C0451,V054,P0393,2025-04-11,6,6087.46,4.1,0,0,4.3
O07034,C0345,V080,P0298,2025-10-27,3,4014.79,6.5,0,0,3.4
O07035,C0166,V092,P0152,2025-01-25,4,2871.7,7.8,0,0,4.3
O07036,C1595,V067,P0357,2025-04-18,3,1107.92,4.5,1,0,4.3
O07037,C0456,V051,P0818,2025-10-22,1,720.79,3.7,0,0,5.0
O07038,C0082,V026,P0746,2025-11-24,2,1429.77,2.8,0,0,4.1
O07039,C2450,V079,P0922,2025-07-11,1,439.33,2.5,0,0,4.4
O07040,C2173,V095,P0656,2025-10-02,1,272.98,6.0,0,1,4.9
O07041,C1413,V095,P0414,2025-12-11,2,1813.94,6.1,1,0,4.0
O07042,C1331,V006,P0056,2025-08-04,2,561.38,5.2,0,0,3.9
O07043,C1121,V014,P0519,2025-10-21,5,1653.32,2.3,0,0,3.7
O07044,C1611,V096,P0363,2025-08-26,3,2955.52,8.0,0,0,4.0
O07045,C1218,V039,P0455,2025-07-02,1,844.88,5.4,0,0,5.0
O07046,C1603,V038,P0348,2025-03-03,4,934.98,5.7,0,1,4.5
O07047,C1389,V083,P0893,2025-09-17,2,887.72,6.1,0,0,4.3
O07048,C0948,V046,P0438,2025-11-28,3,2496.66,3.5,0,0,3.8
O07049,C0990,V078,P0841,2025-07-03,2,994.27,2.1,0,0,3.7
O07050,C0726,V095,P0264,2025-03-29,1,972.96,3.6,0,0,4.4
O07051,C0760,V030,P0013,2025-08-20,3,560.28,3.3,0,0,3.9
O07052,C2271,V044,P0560,2025-07-16,2,1062.92,3.7,1,0,3.8
O07053,C0311,V023,P0146,2025-06-09,1,622.33,1.0,1,0,3.6
O07054,C0777,V086,P0680,2025-02-28,2,658.12,2.6,0,1,3.4
O07055,C2085,V017,P0310,2025-04-04,1,458.65,4.3,0,0,4.2
O07056,C0939,V051,P0935,2025-11-07,2,1544.13,3.0,0,0,4.6
O07057,C0331,V030,P0358,2025-01-27,4,1988.9,4.4,0,0,4.8
O07058,C1358,V021,P0635,2025-03-03,1,815.9,2.3,0,0,4.3
O07059,C0019,V061,P0624,2025-02-12,2,1116.2,4.1,1,0,4.9
O07060,C0317,V085,P0892,2025-06-03,4,2094.74,4.5,0,0,3.3
O07061,C1741,V087,P0580,2025-01-16,1,340.5,4.5,0,0,3.7
O07062,C0113,V044,P0903,2025-07-11,3,2664.18,6.0,0,0,4.5
O07063,C1396,V089,P0589,2025-09-28,3,1470.84,2.4,0,0,3.8
O07064,C0949,V077,P0880,2025-04-11,3,1546.75,5.1,0,0,3.6
O07065,C1640,V066,P0931,2025-12-23,1,949.67,5.6,0,0,5.0
O07066,C1240,V082,P0878,2025-10-21,1,546.26,3.1,0,0,4.2
O07067,C1119,V064,P0812,2025-11-27,3,2155.77,3.5,0,0,4.4
O07068,C2340,V038,P0738,2025-08-15,2,392.69,5.6,1,0,4.8
O07069,C1883,V071,P0129,2025-08-24,1,798.92,1.5,0,0,3.5
O07070,C0543,V090,P0053,2025-06-25,4,1381.64,4.5,0,0,4.3
O07071,C0559,V002,P0762,2025-10-28,1,240.24,3.7,0,0,3.1
O07072,C0537,V020,P0827,2025-05-18,3,1134.61,4.2,0,0,3.7
O07073,C1566,V040,P0510,2025-07-13,2,946.84,3.5,0,0,4.6
O07074,C2301,V047,P0063,2025-01-11,1,932.04,2.6,0,0,4.2
O07075,C0045,V056,P0988,2025-11-15,2,1458.8,4.9,0,0,4.6
O07076,C0652,V017,P0595,2025-05-24,2,2662.76,3.3,0,0,3.9
O07077,C2334,V013,P0183,2025-03-02,4,1272.25,4.1,0,0,4.9
O07078,C0504,V012,P0483,2025-10-01,3,872.12,2.7,0,0,4.5
O07079,C0631,V031,P0458,2025-04-27,2,1259.05,2.6,0,0,4.5
O07080,C1380,V089,P0108,2025-10-12,5,1843.99,2.3,0,0,4.5
O07081,C1369,V013,P0287,2025-05-05,1,340.67,2.9,0,1,5.0
O07082,C1596,V025,P0077,2025-06-11,3,1441.57,2.6,0,0,5.0
O07083,C2480,V086,P0809,2025-10-01,1,1001.81,3.0,0,0,4.3
O07084,C0815,V057,P0366,2025-05-06,1,260.98,2.7,0,0,4.1
O07085,C2078,V086,P0011,2025-11-04,2,990.84,6.4,0,0,4.2
O07086,C0063,V077,P0062,2025-05-29,1,317.72,5.1,0,0,3.9
O07087,C1234,V025,P0196,2025-02-18,3,1048.73,3.5,0,0,4.8
O07088,C1390,V033,P0006,2025-12-09,1,990.21,3.7,0,0,4.3
O07089,C2486,V004,P0923,2025-07-08,3,2578.19,2.7,0,0,4.1
O07090,C0664,V069,P0750,2025-05-27,1,915.09,3.2,0,0,3.5
O07091,C1524,V046,P0594,2025-04-23,2,869.79,2.5,0,0,3.9
O07092,C0430,V077,P0678,2025-01-06,6,2512.91,4.6,0,0,4.6
O07093,C1429,V029,P0541,2025-01-28,2,2768.61,2.6,0,1,3.7
O07094,C0974,V035,P0868,2025-12-11,1,466.3,7.4,1,0,4.1
O07095,C1394,V065,P0586,2025-12-28,2,972.87,5.0,0,0,3.6
O07096,C2245,V065,P0509,2025-05-19,1,331.14,2.7,0,0,4.5
O07097,C2271,V032,P0364,2025-01-19,4,1575.55,2.3,0,0,4.3
O07098,C0386,V051,P0810,2025-02-11,2,657.71,4.1,0,0,3.5
O07099,C0959,V014,P0850,2025-08-16,3,2036.34,1.0,0,0,4.0
O07100,C0307,V051,P0496,2025-06-26,3,1785.4,4.5,0,0,3.6
O07101,C1625,V005,P0350,2025-08-15,1,1305.02,4.2,0,0,3.7
O07102,C1456,V048,P0558,2025-03-21,2,1117.51,5.8,0,0,4.7
O07103,C0175,V065,P0966,2025-04-16,3,3284.35,4.2,0,0,3.7
O07104,C0277,V031,P0387,2025-10-21,1,476.71,2.1,0,0,3.4
O07105,C2047,V085,P0166,2025-03-21,1,1113.79,6.1,0,0,4.0
O07106,C1807,V097,P0751,2025-11-15,2,651.16,6.1,0,0,4.5
O07107,C2359,V065,P0416,2025-09-26,1,1238.29,3.2,0,1,3.7
O07108,C2046,V044,P0514,2025-03-26,4,2040.24,5.9,0,0,4.0
O07109,C1982,V013,P0547,2025-11-10,3,1303.65,4.7,0,0,4.3
O07110,C0919,V018,P0614,2025-04-11,4,2952.29,6.6,0,0,4.2
O07111,C1075,V006,P0428,2025-10-18,3,1217.09,6.3,0,0,3.8
O07112,C2499,V012,P0238,2025-08-01,1,504.53,3.2,0,0,4.6
O07113,C1675,V016,P0193,2025-01-19,1,1065.37,3.0,0,0,3.9
O07114,C1381,V073,P0959,2025-12-04,1,389.97,2.6,0,0,4.4
O07115,C1263,V086,P0269,2025-07-20,2,823.94,5.2,0,0,4.2
O07116,C1535,V047,P0468,2025-10-07,4,910.56,3.6,1,0,4.1
O07117,C2310,V100,P0889,2025-01-28,2,916.36,6.0,0,0,3.7
O07118,C2169,V082,P0974,2025-12-13,4,2664.12,6.6,0,0,4.7
O07119,C1499,V041,P0014,2025-11-13,1,588.35,5.3,0,0,3.4
O07120,C0856,V031,P0814,2025-04-06,3,1048.92,1.1,0,1,4.7
O07121,C1611,V080,P0660,2025-09-30,2,1904.92,6.1,0,0,4.1
O07122,C0375,V001,P0441,2025-09-12,3,1124.44,3.5,0,0,4.7
O07123,C0219,V094,P0281,2025-07-21,2,1700.4,4.9,0,0,3.6
O07124,C1319,V093,P0491,2025-09-30,3,1361.13,4.9,0,0,3.8
O07125,C0644,V081,P0074,2025-09-19,3,1220.15,3.4,0,0,4.1
O07126,C1809,V095,P0118,2025-11-03,1,688.05,7.6,0,0,3.6
O07127,C1279,V039,P0455,2025-04-20,1,902.05,5.0,0,0,4.4
O07128,C0305,V052,P0399,2025-01-09,6,3432.45,6.3,0,0,4.2
O07129,C0338,V089,P0108,2025-07-12,2,690.32,3.7,0,0,4.3
O07130,C1693,V085,P0345,2025-11-27,2,449.14,3.5,0,0,3.6
O07131,C1057,V071,P0121,2025-12-14,2,743.17,3.0,0,0,4.0
O07132,C2166,V056,P0988,2025-06-05,4,3512.04,3.0,0,0,4.4
O07133,C0261,V079,P0303,2025-03-06,5,2190.49,3.6,0,0,4.0
O07134,C0620,V081,P0346,2025-09-21,2,876.18,3.2,0,0,4.2
O07135,C0426,V032,P0643,2025-01-07,1,781.78,4.3,0,0,4.3
O07136,C1060,V090,P0219,2025-05-08,1,472.85,4.3,0,0,3.4
O07137,C1588,V055,P0862,2025-05-22,3,1821.6,4.7,0,0,4.1
O07138,C1523,V084,P0191,2025-03-03,1,603.74,5.8,1,0,4.2
O07139,C0217,V080,P0518,2025-09-12,3,4601.5,3.9,0,0,3.9
O07140,C1116,V068,P0984,2025-11-09,2,709.01,4.4,1,0,4.0
O07141,C0799,V051,P0117,2025-04-09,3,1128.94,5.1,0,0,2.8
O07142,C0678,V045,P0745,2025-10-07,1,389.76,1.3,0,0,4.8
O07143,C0614,V059,P0012,2025-05-13,1,858.46,2.3,0,0,3.9
O07144,C2306,V095,P0002,2025-06-04,3,1030.48,4.3,0,1,4.1
O07145,C0113,V084,P0191,2025-05-07,1,535.33,6.5,1,0,3.9
O07146,C1002,V025,P0196,2025-04-07,2,927.91,3.6,0,0,4.5
O07147,C0934,V059,P0213,2025-07-15,1,361.4,2.3,0,0,4.0
O07148,C1640,V099,P0230,2025-07-23,1,522.71,5.5,0,0,4.5
O07149,C1248,V082,P0544,2025-11-27,2,534.99,6.8,0,0,4.4
O07150,C1700,V002,P0762,2025-01-03,1,269.23,5.5,0,0,3.4
O07151,C2323,V059,P0235,2025-10-08,5,3149.93,5.3,0,0,3.6
O07152,C0070,V084,P0332,2025-09-23,4,981.12,4.5,0,1,3.7
O07153,C1154,V036,P0608,2025-06-03,3,1780.96,2.7,0,0,4.1
O07154,C1234,V093,P0491,2025-06-24,1,428.36,3.2,0,0,3.6
O07155,C1085,V083,P0221,2025-06-01,1,462.86,4.3,1,0,4.9
O07156,C1319,V024,P0853,2025-07-10,4,1225.44,3.2,0,0,4.3
O07157,C1784,V035,P0805,2025-03-14,1,319.58,4.5,0,0,4.6
O07158,C1143,V021,P0553,2025-01-22,1,384.35,5.0,0,0,2.8
O07159,C0543,V006,P0056,2025-08-04,3,807.97,6.5,1,0,3.8
O07160,C1665,V081,P0861,2025-08-12,3,1159.1,3.6,0,0,4.0
O07161,C0887,V024,P0177,2025-07-16,1,594.48,3.5,0,0,4.4
O07162,C1196,V094,P0744,2025-10-29,4,2620.31,3.8,0,0,4.8
O07163,C0810,V023,P0273,2025-02-10,1,1415.32,4.4,0,0,4.4
O07164,C1402,V093,P0330,2025-10-25,3,1838.1,4.6,1,0,3.7
O07165,C2085,V051,P0122,2025-08-10,3,3091.07,5.2,0,0,4.5
O07166,C0894,V038,P0921,2025-01-03,4,1225.31,4.4,0,1,4.4
O07167,C1056,V053,P0128,2025-09-11,1,587.73,5.4,0,0,3.4
O07168,C0488,V089,P0057,2025-06-22,3,1488.17,1.8,0,0,4.4
O07169,C2224,V015,P0876,2025-08-07,3,3268.4,3.8,1,0,3.8
O07170,C0595,V096,P0721,2025-09-17,1,1997.26,7.1,0,0,4.9
O07171,C0661,V034,P0798,2025-02-01,1,581.55,2.7,0,0,4.3
O07172,C1815,V009,P0075,2025-06-10,2,997.72,1.4,1,0,3.8
O07173,C0622,V029,P0058,2025-05-02,1,240.8,3.4,0,0,3.7
O07174,C2126,V053,P0710,2025-02-06,4,5841.33,6.2,0,0,3.7
O07175,C1177,V078,P0025,2025-04-18,4,2112.6,5.1,0,0,4.1
O07176,C1248,V063,P0663,2025-10-19,2,717.97,2.6,0,0,4.5
O07177,C1249,V018,P0325,2025-04-18,1,845.06,5.7,0,0,4.3
O07178,C2459,V089,P0589,2025-07-25,1,566.69,2.4,0,0,4.6
O07179,C1937,V100,P0820,2025-07-30,3,3991.11,4.1,0,0,4.8
O07180,C1726,V041,P0463,2025-04-03,1,444.8,5.1,1,0,3.3
O07181,C1138,V048,P0051,2025-11-19,1,662.5,6.1,0,0,4.1
O07182,C1259,V020,P0696,2025-02-07,1,582.41,6.1,0,0,4.1
O07183,C2268,V063,P0663,2025-06-23,3,1001.74,1.5,0,0,4.8
O07184,C2359,V026,P0476,2025-10-09,2,395.93,3.8,0,0,5.0
O07185,C0581,V082,P0544,2025-05-27,5,1389.75,5.5,0,0,4.6
O07186,C2075,V029,P0101,2025-11-22,5,1716.75,1.6,0,0,3.4
O07187,C1361,V048,P0109,2025-10-10,1,654.96,5.5,1,0,5.0
O07188,C0491,V028,P0489,2025-01-20,1,825.14,2.1,0,0,3.6
O07189,C1191,V097,P0276,2025-10-13,3,2186.66,5.5,0,0,4.5
O07190,C0503,V048,P0038,2025-05-16,1,571.28,4.8,0,0,4.0
O07191,C1150,V058,P0808,2025-11-11,2,709.39,3.3,0,1,3.5
O07192,C2105,V030,P0358,2025-05-04,1,483.79,3.0,0,0,4.2
O07193,C1686,V032,P0354,2025-05-10,2,1068.37,4.9,0,0,4.9
O07194,C1994,V046,P0594,2025-02-27,3,1234.0,2.4,1,0,3.6
O07195,C0025,V034,P0906,2025-01-12,1,511.48,3.0,0,0,4.2
O07196,C2391,V020,P0385,2025-10-04,3,2000.45,4.6,0,0,3.3
O07197,C1375,V033,P0601,2025-04-06,2,1220.59,3.9,0,1,4.4
O07198,C0299,V005,P0423,2025-01-01,1,574.16,5.5,1,0,4.5
O07199,C0777,V065,P0509,2025-11-30,4,1613.96,3.7,0,0,4.2
O07200,C2499,V090,P0844,2025-09-02,2,494.49,3.4,0,0,3.9
O07201,C1613,V074,P0096,2025-03-03,2,1068.1,2.7,0,0,4.0
O07202,C2446,V051,P0065,2025-10-02,2,1351.66,5.1,0,0,4.7
O07203,C1057,V062,P0834,2025-10-25,2,639.3,4.9,0,0,4.8
O07204,C0273,V011,P0851,2025-03-06,2,1600.46,3.2,0,0,4.2
O07205,C1711,V080,P0866,2025-01-09,2,740.69,5.9,0,0,4.2
O07206,C0063,V035,P0110,2025-07-02,1,1275.88,5.3,0,0,4.0
O07207,C1120,V023,P0273,2025-10-04,1,1474.23,2.9,0,0,4.5
O07208,C1880,V023,P0828,2025-04-28,6,1773.39,3.1,0,0,4.9
O07209,C2249,V034,P0641,2025-11-05,3,1768.2,4.0,0,0,4.0
O07210,C0431,V065,P0252,2025-02-03,3,1738.97,4.7,0,0,3.6
O07211,C0946,V035,P0868,2025-02-16,3,1538.67,4.2,0,0,4.5
O07212,C1478,V014,P0263,2025-09-16,1,319.52,3.8,0,0,4.3
O07213,C2195,V030,P0246,2025-07-11,5,2196.29,2.4,0,0,4.7
O07214,C1468,V027,P0233,2025-06-05,1,601.41,3.8,0,0,3.8
O07215,C0361,V068,P0822,2025-06-19,4,2121.48,1.5,1,0,3.2
O07216,C1461,V027,P0233,2025-06-12,5,2888.91,3.5,0,1,4.7
O07217,C0034,V051,P0935,2025-02-21,2,1579.82,4.9,0,0,4.4
O07218,C1301,V079,P0647,2025-11-18,2,1293.78,1.6,0,0,4.3
O07219,C0629,V088,P0285,2025-08-15,2,1292.0,4.7,0,0,4.8
O07220,C0239,V079,P0773,2025-09-26,4,1660.83,2.3,0,0,4.6
O07221,C2197,V096,P0874,2025-09-13,3,2004.32,5.4,0,0,4.8
O07222,C0013,V093,P0330,2025-07-27,3,1646.44,5.5,0,0,4.2
O07223,C0544,V095,P0311,2025-06-29,1,232.64,3.4,0,0,4.1
O07224,C1815,V026,P0253,2025-12-04,3,6792.6,3.2,0,1,4.4
O07225,C2236,V030,P0246,2025-07-14,3,1544.38,3.4,0,0,4.5
O07226,C2321,V057,P0588,2025-08-29,3,1120.63,5.1,0,0,4.1
O07227,C1964,V004,P0940,2025-07-12,1,803.1,2.3,0,1,3.8
O07228,C0976,V023,P0217,2025-03-13,2,1352.14,5.3,0,0,3.8
O07229,C1925,V066,P0035,2025-05-21,1,781.3,5.2,0,0,4.3
O07230,C2065,V091,P0707,2025-05-28,1,950.09,5.9,0,0,2.9
O07231,C0369,V043,P0020,2025-08-30,4,4336.53,6.6,0,0,3.7
O07232,C0151,V046,P0534,2025-09-10,1,498.1,1.0,0,0,3.9
O07233,C0243,V095,P0999,2025-09-18,3,1194.32,4.6,0,1,4.3
O07234,C1932,V023,P0623,2025-08-03,1,395.39,3.2,0,0,3.9
O07235,C2418,V077,P0250,2025-04-29,1,649.77,4.4,0,0,3.3
O07236,C2450,V016,P0193,2025-04-19,3,2847.41,7.5,1,0,3.5
O07237,C0292,V089,P0437,2025-10-30,2,1193.5,2.5,0,0,3.5
O07238,C2097,V088,P0793,2025-08-24,4,1279.66,4.5,0,1,4.2
O07239,C1665,V029,P0474,2025-04-17,1,801.14,3.3,1,0,3.6
O07240,C1831,V065,P0416,2025-03-26,1,1025.6,5.2,0,0,3.9
O07241,C2200,V024,P0472,2025-03-10,4,1747.62,3.7,0,0,3.7
O07242,C1322,V025,P0422,2025-07-10,2,1098.31,2.0,0,0,4.3
O07243,C1091,V060,P0659,2025-09-17,2,1196.33,3.4,0,0,4.5
O07244,C0180,V001,P0852,2025-04-03,3,912.79,5.3,0,0,4.9
O07245,C1219,V021,P0553,2025-02-19,2,799.85,3.9,1,0,5.0
O07246,C1527,V081,P0487,2025-02-19,2,589.19,4.9,0,0,4.1
O07247,C0104,V094,P0998,2025-08-02,1,492.96,4.6,0,0,4.0
O07248,C1338,V084,P0278,2025-02-21,1,489.29,3.8,0,1,4.2
O07249,C0328,V023,P0446,2025-08-27,1,358.23,4.1,0,0,4.6
O07250,C0287,V071,P0562,2025-08-18,3,1696.32,2.9,0,0,3.5
O07251,C2313,V060,P0043,2025-05-10,1,368.32,4.0,0,0,4.2
O07252,C1812,V068,P0406,2025-02-16,2,863.16,4.3,0,0,4.1
O07253,C2095,V065,P0590,2025-10-09,1,1483.84,2.4,0,1,3.9
O07254,C2135,V093,P0491,2025-01-17,1,458.5,3.4,0,1,3.9
O07255,C1724,V063,P0663,2025-10-15,2,741.36,2.7,1,0,5.0
O07256,C0906,V053,P0710,2025-10-27,3,4728.26,5.0,0,0,3.7
O07257,C0829,V066,P0670,2025-12-25,1,607.3,3.6,0,0,4.0
O07258,C2353,V075,P0362,2025-08-19,1,688.91,3.4,0,0,5.0
O07259,C1047,V086,P0551,2025-05-25,2,933.59,3.8,1,0,3.3
O07260,C1895,V025,P0934,2025-02-28,5,4380.92,3.9,0,0,4.5
O07261,C1125,V093,P0698,2025-08-24,2,850.92,5.6,0,0,4.6
O07262,C1964,V070,P0465,2025-02-02,3,724.84,4.1,1,0,4.2
O07263,C1882,V054,P0232,2025-06-18,3,543.75,6.0,0,0,4.5
O07264,C2440,V057,P0582,2025-02-13,2,862.31,1.9,0,0,4.6
O07265,C0078,V053,P0753,2025-04-15,6,2680.77,3.7,0,0,4.2
O07266,C1140,V002,P0442,2025-01-09,5,2694.33,4.0,0,0,4.4
O07267,C1185,V083,P0460,2025-03-12,2,2555.64,4.2,0,0,4.1
O07268,C1902,V011,P0564,2025-04-26,1,836.48,5.7,0,0,4.2
O07269,C2314,V047,P0726,2025-07-05,1,523.33,5.3,0,0,4.2
O07270,C1393,V073,P0759,2025-05-05,1,1127.85,7.1,1,0,4.5
O07271,C2199,V085,P0052,2025-05-03,2,1016.52,5.6,0,0,2.7
O07272,C1072,V039,P0928,2025-12-03,4,2559.32,6.7,1,0,4.1
O07273,C2435,V012,P0891,2025-09-23,4,2476.34,4.1,0,0,4.5
O07274,C0962,V082,P0254,2025-03-09,3,2301.83,4.9,0,0,4.2
O07275,C0880,V076,P0453,2025-04-10,1,515.72,3.7,0,0,4.9
O07276,C1124,V094,P0744,2025-11-07,1,765.82,3.6,0,0,4.4
O07277,C0809,V041,P0404,2025-09-17,3,1984.84,4.8,0,0,4.1
O07278,C0973,V058,P0267,2025-06-05,1,414.66,4.5,1,0,4.0
O07279,C2256,V041,P0386,2025-11-18,1,476.79,4.6,0,0,3.8
O07280,C1413,V031,P0413,2025-02-18,2,736.04,2.3,0,0,4.7
O07281,C0764,V057,P0732,2025-10-11,2,1747.79,5.3,0,0,4.3
O07282,C2419,V043,P0849,2025-11-03,4,3798.25,4.0,0,0,4.2
O07283,C2158,V051,P0818,2025-10-11,1,745.17,4.5,0,0,4.4
O07284,C1639,V034,P0798,2025-07-30,3,2851.19,4.4,0,0,3.8
O07285,C0174,V063,P0397,2025-02-04,2,780.23,1.6,0,0,4.2
O07286,C1534,V003,P0023,2025-12-23,2,2025.51,1.3,0,0,3.9
O07287,C0076,V019,P0275,2025-09-14,3,940.21,3.7,0,0,4.3
O07288,C0061,V047,P0429,2025-03-01,3,1107.86,1.0,1,0,4.2
O07289,C0921,V034,P0798,2025-06-24,1,817.14,3.0,0,0,3.9
O07290,C0259,V077,P0678,2025-07-12,1,421.83,2.2,0,0,4.4
O07291,C0525,V057,P0732,2025-07-23,1,761.93,3.1,1,0,4.6
O07292,C0005,V090,P0331,2025-09-03,1,1101.93,4.2,0,0,4.9
O07293,C1310,V062,P0302,2025-03-28,3,992.98,5.6,0,0,4.3
O07294,C1588,V070,P0251,2025-01-18,2,1679.01,6.1,0,0,3.9
O07295,C0753,V061,P0216,2025-03-29,3,1429.65,5.9,0,0,3.6
O07296,C1223,V074,P0782,2025-12-09,1,663.56,2.0,0,1,3.6
O07297,C0746,V084,P0278,2025-09-21,1,488.29,6.2,0,0,2.9
O07298,C0480,V002,P0442,2025-06-24,1,566.54,4.8,0,0,4.4
O07299,C1622,V097,P0322,2025-04-17,4,1772.11,4.7,0,0,4.8
O07300,C1426,V078,P0685,2025-06-24,4,1063.14,2.3,0,0,4.0
O07301,C2133,V019,P0508,2025-11-26,1,281.09,4.5,1,0,4.9
O07302,C1268,V090,P0331,2025-06-07,3,3135.98,5.9,0,0,4.4
O07303,C0988,V041,P0306,2025-09-26,2,360.75,3.3,0,0,3.4
O07304,C1618,V062,P0834,2025-01-05,3,1008.3,5.2,0,0,4.6
O07305,C0506,V005,P0655,2025-01-18,3,3109.47,4.6,0,0,4.1
O07306,C1113,V025,P0712,2025-06-03,2,471.65,4.5,1,0,4.1
O07307,C0142,V063,P0397,2025-09-10,1,389.6,3.0,0,1,4.2
O07308,C1254,V057,P0418,2025-07-26,3,1987.17,3.1,0,0,4.8
O07309,C0813,V050,P0989,2025-07-27,2,1076.19,3.5,0,0,4.6
O07310,C0170,V082,P0265,2025-09-03,4,1911.92,5.9,0,0,4.8
O07311,C2041,V070,P0871,2025-06-07,2,808.31,5.0,1,0,4.5
O07312,C1689,V026,P0272,2025-01-31,5,3353.88,4.2,0,0,4.2
O07313,C0955,V023,P0161,2025-04-10,2,956.98,4.8,0,1,3.9
O07314,C1957,V065,P0771,2025-07-06,1,666.53,3.5,0,0,3.9
O07315,C1972,V041,P0943,2025-03-19,3,1465.73,4.0,0,0,3.7
O07316,C0436,V006,P0352,2025-06-12,1,809.94,4.7,0,1,4.3
O07317,C1774,V043,P0991,2025-11-23,1,866.51,5.4,0,0,4.4
O07318,C0347,V024,P0472,2025-01-27,1,527.81,3.9,1,0,4.1
O07319,C0604,V099,P0567,2025-04-10,1,508.16,2.3,0,0,4.9
O07320,C0644,V025,P0712,2025-05-10,2,466.38,2.0,0,0,4.2
O07321,C1361,V021,P0158,2025-05-18,2,1090.77,4.4,0,0,4.0
O07322,C1483,V037,P0803,2025-03-16,1,1056.77,1.9,0,0,3.9
O07323,C0218,V100,P0010,2025-05-13,3,3221.69,6.3,0,0,3.9
O07324,C1826,V086,P0679,2025-11-16,4,1110.61,3.7,0,0,3.7
O07325,C0958,V098,P0996,2025-04-21,1,837.18,3.4,0,0,5.0
O07326,C1745,V037,P0681,2025-11-23,3,1214.5,4.3,0,0,4.2
O07327,C1351,V053,P0307,2025-08-02,2,965.82,5.5,0,0,4.0
O07328,C1954,V020,P0733,2025-08-14,3,964.1,2.4,0,0,3.9
O07329,C2326,V005,P0511,2025-07-19,2,770.99,4.2,0,0,4.4
O07330,C0670,V080,P0686,2025-07-28,1,411.49,4.6,1,0,3.5
O07331,C0270,V018,P0826,2025-10-29,2,1106.42,5.0,0,0,3.7
O07332,C0534,V005,P0185,2025-07-09,2,327.7,6.4,0,1,4.5
O07333,C2050,V009,P0568,2025-06-26,1,665.18,4.0,0,0,4.0
O07334,C0657,V073,P0617,2025-12-04,1,527.27,6.6,1,0,3.8
O07335,C1617,V093,P0599,2025-12-22,2,1958.18,4.9,0,0,4.0
O07336,C0653,V022,P0145,2025-07-12,2,590.62,6.6,0,0,4.0
O07337,C1358,V083,P0932,2025-02-26,1,427.58,5.5,0,0,3.8
O07338,C0661,V020,P0696,2025-09-12,1,485.39,3.6,0,0,3.7
O07339,C0731,V066,P0432,2025-02-11,2,1094.37,7.1,0,0,4.3
O07340,C0507,V100,P0400,2025-03-03,4,4574.17,2.7,0,0,3.7
O07341,C0514,V048,P0151,2025-04-07,3,2637.49,4.5,0,0,3.7
O07342,C0182,V055,P0552,2025-01-29,1,517.67,3.8,0,0,4.8
O07343,C1262,V017,P0772,2025-08-09,1,358.43,1.9,1,0,4.7
O07344,C2092,V039,P0481,2025-04-26,1,741.39,6.0,0,0,4.4
O07345,C0326,V084,P0278,2025-11-13,3,1523.24,4.5,0,1,3.5
O07346,C2079,V034,P0641,2025-03-07,1,497.31,3.0,0,0,3.7
O07347,C2197,V005,P0105,2025-07-27,1,373.36,2.7,0,0,4.8
O07348,C2259,V005,P0423,2025-12-11,2,1266.45,3.1,0,0,4.0
O07349,C0779,V099,P0567,2025-09-02,4,1904.66,3.3,0,1,3.9
O07350,C2498,V009,P0653,2025-03-10,3,1540.11,4.2,0,0,4.0
O07351,C1468,V041,P0605,2025-05-27,6,2347.37,3.2,0,0,4.0
O07352,C1037,V013,P0093,2025-06-03,2,1296.93,2.4,0,1,4.6
O07353,C1440,V071,P0129,2025-05-20,1,830.53,2.1,0,0,3.8
O07354,C2152,V088,P0671,2025-02-09,2,724.26,4.5,0,0,3.7
O07355,C0044,V063,P0467,2025-05-26,6,2132.39,2.6,0,0,4.4
O07356,C1199,V003,P0587,2025-07-11,1,784.37,2.0,0,0,4.5
O07357,C1830,V048,P0094,2025-11-21,4,3922.47,5.1,0,0,4.2
O07358,C0576,V086,P0407,2025-09-18,4,2620.47,5.0,0,0,4.5
O07359,C0611,V030,P0358,2025-12-05,5,2608.15,4.6,0,0,3.9
O07360,C0560,V091,P0707,2025-02-19,6,5641.42,4.4,0,0,3.5
O07361,C1323,V012,P0593,2025-07-19,1,735.05,5.5,0,0,3.7
O07362,C1664,V038,P0668,2025-06-28,3,715.93,5.8,0,0,3.6
O07363,C0479,V057,P0732,2025-05-05,1,901.27,5.0,0,0,4.5
O07364,C0121,V077,P0880,2025-06-02,1,465.01,3.7,0,1,4.1
O07365,C0802,V039,P0226,2025-01-17,3,1411.02,5.3,0,0,4.7
O07366,C1440,V081,P0227,2025-12-11,1,1126.75,3.1,0,0,4.3
O07367,C2229,V024,P0817,2025-05-07,2,548.93,4.5,1,0,4.7
O07368,C1256,V097,P0256,2025-08-17,3,1773.32,5.6,0,0,3.7
O07369,C2077,V039,P0060,2025-11-24,1,979.61,5.5,0,0,4.0
O07370,C1629,V051,P0190,2025-11-24,2,1046.87,4.4,0,0,4.7
O07371,C2422,V020,P0827,2025-09-05,2,867.03,3.5,0,0,3.4
O07372,C1170,V001,P0441,2025-12-12,2,741.56,3.9,0,0,4.4
O07373,C1630,V060,P0995,2025-03-17,2,783.28,5.5,0,1,4.2
O07374,C0550,V095,P0414,2025-11-07,1,966.53,6.4,0,1,5.0
O07375,C1622,V050,P0806,2025-08-10,2,1114.08,4.9,0,0,4.1
O07376,C0410,V012,P0194,2025-01-02,1,494.5,4.1,0,0,4.1
O07377,C1661,V019,P0815,2025-05-24,3,1081.41,3.6,0,0,4.8
O07378,C0592,V083,P0324,2025-07-04,4,1783.96,5.2,0,1,4.0
O07379,C0252,V071,P0015,2025-02-16,1,541.67,1.8,0,0,3.5
O07380,C1226,V040,P0347,2025-12-07,1,823.26,3.6,0,0,4.2
O07381,C1830,V094,P0744,2025-05-23,1,672.79,3.3,1,0,4.5
O07382,C0454,V007,P0009,2025-07-10,3,2118.16,4.2,0,0,3.8
O07383,C0732,V095,P0311,2025-06-25,1,269.49,6.0,0,0,4.8
O07384,C0268,V026,P0253,2025-12-07,4,9229.91,4.4,0,0,4.1
O07385,C1874,V082,P0265,2025-03-27,1,545.41,3.1,0,0,4.7
O07386,C0376,V005,P0615,2025-04-02,2,1312.52,6.4,0,0,4.1
O07387,C1477,V089,P0779,2025-05-13,1,595.25,5.4,0,0,4.8
O07388,C1813,V087,P0003,2025-08-12,2,812.98,5.2,0,0,3.6
O07389,C1493,V048,P0255,2025-01-01,4,3670.31,3.8,0,0,4.5
O07390,C0379,V046,P0534,2025-12-28,3,1520.57,2.5,0,0,3.2
O07391,C1977,V100,P0549,2025-02-28,3,1806.7,3.7,0,0,3.6
O07392,C1551,V021,P0503,2025-09-08,2,981.61,4.9,1,0,3.4
O07393,C1153,V035,P0805,2025-02-20,2,735.46,5.9,0,0,4.5
O07394,C0381,V010,P0901,2025-11-21,4,1999.78,6.9,0,0,4.4
O07395,C0324,V005,P0527,2025-02-16,1,762.44,3.9,0,0,4.4
O07396,C1505,V043,P0020,2025-01-11,1,1076.31,6.1,0,0,4.1
O07397,C1910,V085,P0892,2025-12-27,3,1833.96,3.8,0,0,4.1
O07398,C0673,V081,P0487,2025-10-06,1,315.47,5.2,0,0,4.3
O07399,C1042,V076,P0602,2025-04-10,1,1658.41,4.2,1,0,4.8
O07400,C0998,V087,P0633,2025-08-02,2,1366.62,6.4,0,0,4.5
O07401,C1365,V013,P0093,2025-07-11,2,1422.9,1.0,0,0,4.3
O07402,C1272,V029,P0291,2025-03-02,3,2541.37,4.0,0,0,4.4
O07403,C0992,V087,P0633,2025-08-30,3,1939.92,3.9,0,0,4.5
O07404,C0312,V069,P0750,2025-06-27,1,794.1,3.5,0,0,4.6
O07405,C1069,V004,P0297,2025-08-13,1,294.32,2.4,0,0,4.4
O07406,C2209,V012,P0224,2025-03-10,2,733.38,3.6,0,0,4.5
O07407,C1586,V022,P0543,2025-12-01,3,1688.32,4.0,0,0,4.3
O07408,C0251,V093,P0572,2025-10-20,1,1060.64,2.8,0,0,3.8
O07409,C1737,V012,P0194,2025-02-05,6,3050.79,4.2,0,0,4.1
O07410,C1321,V054,P0498,2025-09-01,5,2420.98,3.9,0,0,4.7
O07411,C1516,V030,P0523,2025-06-03,1,545.86,2.5,0,0,3.9
O07412,C0276,V077,P0881,2025-01-12,4,1266.51,4.6,0,0,4.3
O07413,C2143,V076,P0602,2025-08-12,3,4294.24,2.4,0,0,4.7
O07414,C0704,V043,P0630,2025-11-27,3,3313.85,5.7,0,1,4.9
O07415,C0851,V031,P0620,2025-11-21,1,909.7,3.2,0,0,5.0
O07416,C2320,V063,P0502,2025-12-11,2,1802.75,2.1,0,0,3.6
O07417,C0683,V043,P0402,2025-01-12,1,565.94,5.9,0,1,3.9
O07418,C0086,V016,P0167,2025-10-15,1,393.29,5.2,0,0,4.3
O07419,C1153,V041,P0306,2025-02-06,4,537.23,3.5,0,0,3.3
O07420,C1578,V059,P0622,2025-02-09,2,855.42,3.0,0,0,3.5
O07421,C0243,V095,P0885,2025-11-14,4,2244.24,7.7,0,0,3.7
O07422,C1574,V097,P0697,2025-06-07,3,750.77,6.6,0,0,3.4
O07423,C0457,V084,P0278,2025-08-25,1,484.78,3.9,0,1,4.0
O07424,C0745,V022,P0908,2025-11-21,4,4960.55,4.5,0,0,3.7
O07425,C0315,V017,P0772,2025-07-05,1,347.58,3.2,0,0,4.9
O07426,C0208,V075,P0131,2025-12-02,7,4552.38,3.2,0,0,4.5
O07427,C1899,V081,P0368,2025-01-23,2,979.71,3.5,0,0,4.2
O07428,C1037,V025,P0807,2025-02-21,1,708.9,5.0,0,0,4.8
O07429,C2010,V025,P0914,2025-06-03,1,694.15,4.2,0,0,4.3
O07430,C2435,V026,P0857,2025-12-10,1,1626.19,5.9,0,0,4.5
O07431,C1908,V065,P0771,2025-01-26,1,675.24,3.5,0,0,4.2
O07432,C1164,V021,P0784,2025-09-29,4,2090.64,5.5,0,0,4.3
O07433,C1265,V046,P0594,2025-12-14,4,1675.56,1.7,0,0,3.3
O07434,C0412,V046,P0534,2025-07-24,3,1566.21,1.0,0,0,3.4
O07435,C0385,V041,P0951,2025-09-11,2,2145.13,3.4,0,0,2.7
O07436,C1928,V044,P0030,2025-12-11,1,530.35,4.9,0,0,4.2
O07437,C1850,V077,P0579,2025-06-11,4,1457.78,4.3,0,0,4.0
O07438,C1551,V073,P0976,2025-10-31,2,914.73,5.1,0,0,3.7
O07439,C0041,V033,P0629,2025-06-25,5,3471.14,4.3,1,0,3.8
O07440,C1685,V036,P0334,2025-08-14,2,694.41,3.3,0,0,4.0
O07441,C0070,V051,P0190,2025-08-03,2,1122.28,4.3,0,0,4.0
O07442,C0514,V032,P0571,2025-09-09,4,1478.86,5.2,0,0,4.1
O07443,C1948,V059,P0775,2025-08-16,2,972.0,2.4,0,1,4.2
O07444,C2130,V085,P0780,2025-08-28,2,678.77,7.0,0,0,3.8
O07445,C0389,V013,P0143,2025-10-02,4,2978.52,2.6,0,0,4.5
O07446,C2378,V059,P0235,2025-06-19,1,722.47,5.0,0,0,3.5
O07447,C1701,V082,P0265,2025-08-05,2,1047.99,3.5,0,0,4.2
O07448,C0597,V057,P0588,2025-11-11,3,1157.76,2.6,0,0,4.8
O07449,C1177,V047,P0468,2025-01-27,5,1100.73,4.3,0,0,3.4
O07450,C1583,V081,P0861,2025-09-21,1,425.18,5.5,0,0,4.2
O07451,C1247,V022,P0692,2025-10-06,2,1419.02,5.9,0,0,4.4
O07452,C1522,V047,P0069,2025-05-15,4,1988.76,2.4,1,0,4.3
O07453,C0586,V002,P0722,2025-03-12,1,1295.16,4.1,0,0,4.0
O07454,C2006,V071,P0015,2025-10-03,1,533.95,1.1,0,0,3.3
O07455,C1480,V010,P0497,2025-02-01,1,348.91,6.1,0,0,4.3
O07456,C2287,V067,P0682,2025-05-29,1,600.74,3.8,1,0,3.3
O07457,C0444,V100,P0176,2025-08-16,4,2912.67,4.3,0,0,3.7
O07458,C2359,V001,P0965,2025-05-24,5,2331.24,5.2,0,0,4.8
O07459,C0346,V035,P0833,2025-01-22,2,1973.44,3.4,0,0,4.5
O07460,C1206,V090,P0689,2025-07-20,1,767.29,3.9,0,0,3.7
O07461,C0228,V010,P0901,2025-07-02,5,2825.93,6.2,0,0,4.7
O07462,C1843,V047,P0650,2025-11-04,3,1674.05,4.9,0,0,3.6
O07463,C0659,V051,P0786,2025-02-22,1,564.97,4.3,1,0,3.9
O07464,C0046,V059,P0969,2025-12-19,1,431.59,1.7,0,0,4.1
O07465,C1969,V094,P0744,2025-02-02,2,1726.69,2.8,0,0,4.6
O07466,C0473,V068,P0984,2025-12-11,1,380.43,5.0,0,0,3.9
O07467,C2057,V068,P0822,2025-05-07,1,554.68,3.6,0,0,4.0
O07468,C0029,V009,P0445,2025-12-21,2,1242.82,4.7,1,0,4.5
O07469,C0893,V048,P0904,2025-06-13,1,732.9,4.5,0,0,3.9
O07470,C1816,V063,P0397,2025-02-22,1,449.24,1.0,0,0,4.8
O07471,C1081,V046,P0505,2025-02-23,2,739.47,2.2,0,0,4.3
O07472,C2446,V015,P0147,2025-10-30,2,2267.21,3.5,0,1,4.4
O07473,C2457,V100,P0939,2025-07-26,1,398.33,4.3,0,0,3.5
O07474,C1301,V088,P0793,2025-11-02,2,624.08,4.1,0,1,4.1
O07475,C1930,V058,P0651,2025-09-15,1,612.22,4.9,0,0,4.2
O07476,C0712,V082,P0683,2025-10-17,4,3143.23,5.3,0,0,3.7
O07477,C0907,V015,P0876,2025-10-29,1,1186.96,4.6,0,1,4.5
O07478,C0399,V091,P0627,2025-07-10,2,1734.72,4.3,0,0,3.6
O07479,C1329,V013,P0763,2025-05-07,4,2170.22,3.0,0,0,4.5
O07480,C1819,V090,P0053,2025-07-08,1,343.98,6.5,0,0,3.9
O07481,C0671,V038,P0888,2025-01-14,2,1846.17,4.5,0,0,3.8
O07482,C1550,V054,P0708,2025-11-09,4,2618.95,5.4,0,1,4.2
O07483,C1140,V038,P0348,2025-07-13,1,225.98,3.3,0,0,3.8
O07484,C1419,V081,P0074,2025-05-08,2,936.4,3.3,0,0,3.5
O07485,C1373,V068,P0342,2025-06-21,5,3878.01,5.7,0,0,4.2
O07486,C1043,V027,P0870,2025-02-09,1,422.06,2.9,0,0,3.3
O07487,C1864,V085,P0345,2025-04-27,2,422.2,7.1,0,0,3.2
O07488,C1509,V034,P0542,2025-03-08,2,1266.59,1.8,0,0,2.8
O07489,C0189,V037,P0654,2025-11-01,1,623.68,2.1,0,0,4.2
O07490,C0386,V019,P0396,2025-05-08,2,627.92,3.4,0,0,4.7
O07491,C1429,V087,P0395,2025-06-12,2,568.73,4.9,1,0,3.5
O07492,C2189,V072,P0199,2025-07-12,2,765.29,6.0,0,0,4.4
O07493,C0174,V059,P0969,2025-09-28,2,860.09,4.2,0,0,3.7
O07494,C1816,V065,P0507,2025-07-02,2,1059.86,4.6,0,0,3.9
O07495,C2264,V086,P0269,2025-04-02,5,2384.31,2.7,0,0,3.6
O07496,C1977,V044,P0514,2025-05-03,1,473.1,6.2,0,0,4.2
O07497,C1280,V083,P0873,2025-07-23,2,518.87,4.1,0,0,3.5
O07498,C0412,V069,P0711,2025-11-09,3,679.7,3.2,0,0,3.8
O07499,C0881,V055,P0029,2025-03-09,2,1492.82,6.2,0,0,4.7
O07500,C1662,V060,P0353,2025-04-15,1,467.55,4.9,1,0,4.3
O07501,C1834,V079,P0922,2025-06-14,4,1600.69,2.5,0,0,4.6
O07502,C0425,V030,P0358,2025-11-27,3,1631.55,3.3,0,0,4.6
O07503,C0419,V099,P0575,2025-09-17,2,2111.5,3.1,1,0,4.7
O07504,C0333,V072,P0005,2025-12-14,1,444.95,5.9,0,0,5.0
O07505,C0083,V096,P0266,2025-03-12,1,637.76,5.0,0,0,4.7
O07506,C1680,V022,P0477,2025-02-08,3,1353.0,3.9,0,0,4.7
O07507,C0421,V075,P0248,2025-07-25,3,1441.25,2.8,1,0,4.9
O07508,C1107,V052,P0313,2025-03-17,3,1988.59,5.1,0,0,4.6
O07509,C1815,V012,P0343,2025-04-04,2,904.41,5.2,0,0,4.6
O07510,C0207,V067,P0162,2025-09-02,3,903.05,5.0,0,0,3.8
O07511,C1921,V082,P0863,2025-05-20,6,3560.06,4.7,0,0,3.7
O07512,C0128,V057,P0645,2025-04-01,1,370.18,4.9,0,0,3.9
O07513,C0756,V085,P0731,2025-04-19,2,602.51,4.1,0,0,3.3
O07514,C1498,V044,P0337,2025-09-19,3,2423.53,3.9,0,0,3.6
O07515,C0900,V091,P0964,2025-04-22,2,1527.33,3.2,0,0,3.9
O07516,C1945,V013,P0135,2025-12-22,5,2474.19,5.1,0,0,4.5
O07517,C0885,V071,P0457,2025-11-22,4,6186.62,3.6,0,0,4.0
O07518,C0922,V082,P0426,2025-11-22,3,2663.18,3.4,0,0,4.5
O07519,C2032,V091,P0434,2025-04-06,2,990.26,4.9,0,0,3.8
O07520,C0172,V045,P0148,2025-11-03,2,2794.02,4.1,0,0,4.5
O07521,C0684,V029,P0541,2025-10-08,1,1237.98,1.0,0,0,4.1
O07522,C1665,V039,P0175,2025-11-29,6,3435.35,5.9,0,1,4.5
O07523,C2021,V054,P0241,2025-04-30,1,720.61,3.8,0,0,3.8
O07524,C1660,V086,P0672,2025-07-28,1,828.95,5.3,0,1,3.8
O07525,C0086,V047,P0548,2025-07-10,4,5512.95,3.7,0,0,4.5
O07526,C2404,V079,P0938,2025-01-25,1,451.62,2.4,0,0,4.7
O07527,C0545,V063,P0930,2025-04-16,1,1259.03,2.0,0,0,4.7
O07528,C0037,V085,P0892,2025-02-23,1,512.25,5.1,1,0,3.9
O07529,C0438,V052,P0626,2025-01-20,3,2584.75,4.9,0,0,4.7
O07530,C1156,V029,P0778,2025-07-09,1,505.16,4.4,0,0,4.0
O07531,C2153,V003,P0204,2025-11-05,1,436.07,3.6,0,0,4.9
O07532,C0141,V004,P0923,2025-09-20,1,946.95,4.0,0,0,4.5
O07533,C0087,V068,P0822,2025-06-10,1,500.86,3.2,0,0,3.7
O07534,C0319,V031,P0613,2025-09-04,2,1833.14,3.0,0,0,4.4
O07535,C0482,V084,P0332,2025-12-28,1,297.12,3.5,0,0,3.9
O07536,C1924,V049,P0835,2025-01-25,3,1218.27,4.2,0,0,4.5
O07537,C1763,V057,P0588,2025-02-26,2,805.9,5.2,0,0,4.3
O07538,C2423,V032,P0354,2025-10-30,3,1552.49,2.9,0,0,4.3
O07539,C1225,V051,P0687,2025-07-21,1,387.06,5.2,0,0,4.8
O07540,C1569,V085,P0345,2025-11-06,2,457.59,5.8,0,0,3.3
O07541,C1736,V045,P0960,2025-11-28,4,2779.59,2.5,0,0,4.8
O07542,C2359,V082,P0336,2025-05-25,4,2324.8,5.1,0,0,4.2
O07543,C1567,V038,P0845,2025-07-18,1,581.37,5.2,0,0,4.4
O07544,C0780,V026,P0408,2025-11-18,2,745.69,5.4,0,0,3.8
O07545,C2136,V020,P0454,2025-04-19,1,609.67,4.9,0,0,3.7
O07546,C2075,V046,P0200,2025-05-07,3,1051.45,1.7,0,0,3.5
O07547,C0963,V007,P0329,2025-09-23,1,721.15,3.0,0,0,3.5
O07548,C0608,V090,P0331,2025-03-05,3,3086.61,2.4,0,0,4.0
O07549,C1756,V067,P0954,2025-01-05,8,7828.27,1.2,0,0,3.0
O07550,C0034,V063,P0397,2025-12-04,3,1197.56,1.5,0,0,5.0
O07551,C1880,V078,P0218,2025-12-04,1,380.44,3.3,0,0,3.6
O07552,C0509,V009,P0188,2025-08-12,1,576.95,5.0,0,1,3.9
O07553,C0234,V069,P0711,2025-03-12,4,1022.58,2.3,0,0,4.0
O07554,C0217,V051,P0935,2025-07-27,2,1771.0,3.6,0,0,4.6
O07555,C2229,V041,P0040,2025-02-11,1,769.79,4.7,0,0,3.5
O07556,C2211,V024,P0606,2025-01-17,3,1112.63,3.2,0,0,4.6
O07557,C0406,V023,P0701,2025-08-13,2,1031.76,2.7,0,0,4.6
O07558,C1649,V030,P0170,2025-01-22,3,4239.87,3.3,0,0,3.9
O07559,C0807,V096,P0874,2025-11-18,2,1792.14,5.2,0,0,3.7
O07560,C0327,V055,P0552,2025-01-09,1,557.51,2.7,0,1,4.9
O07561,C1925,V006,P0676,2025-05-22,3,1443.25,6.5,0,0,3.5
O07562,C2103,V091,P0236,2025-06-05,3,1254.87,4.6,1,0,4.2
O07563,C1398,V071,P0562,2025-05-13,1,519.5,4.8,0,0,4.7
O07564,C0254,V081,P0854,2025-05-15,2,967.78,3.7,0,0,3.6
O07565,C1934,V036,P0578,2025-03-28,1,594.31,2.1,0,0,3.9
O07566,C1018,V097,P0322,2025-07-27,1,424.83,5.1,0,0,4.7
O07567,C0591,V078,P0545,2025-06-21,3,3473.19,4.9,0,1,3.1
O07568,C1665,V021,P0553,2025-06-07,1,365.14,5.9,0,0,4.0
O07569,C2024,V048,P0094,2025-08-19,4,3750.01,4.0,0,0,3.9
O07570,C1127,V059,P0235,2025-11-09,2,1312.3,4.1,0,0,3.6
O07571,C2295,V006,P0352,2025-08-28,5,2893.21,7.2,0,0,3.8
O07572,C1735,V057,P0591,2025-08-26,3,2017.19,3.8,0,0,4.2
O07573,C1355,V052,P0626,2025-04-19,2,1724.13,4.7,0,0,4.5
O07574,C1220,V029,P0291,2025-12-28,3,2764.23,3.6,0,0,4.0
O07575,C1259,V004,P0319,2025-08-12,3,1069.34,3.8,0,0,4.6
O07576,C0057,V056,P0947,2025-03-15,2,1524.73,5.5,0,0,3.6
O07577,C0031,V008,P0398,2025-12-29,1,423.08,5.5,0,1,4.5
O07578,C1902,V035,P0574,2025-12-24,1,306.49,3.8,0,0,5.0
O07579,C0532,V030,P0013,2025-12-12,4,861.52,1.2,0,0,3.7
O07580,C1916,V061,P0216,2025-06-20,2,912.35,3.1,0,0,4.1
O07581,C2125,V079,P0938,2025-02-19,1,491.15,3.4,1,0,4.5
O07582,C0277,V011,P0439,2025-08-02,2,1477.69,6.8,0,0,4.6
O07583,C0058,V013,P0493,2025-02-13,1,566.36,2.8,0,0,4.7
O07584,C1328,V036,P0401,2025-04-22,3,1864.78,3.5,0,0,4.2
O07585,C1945,V023,P0217,2025-12-16,3,2004.63,2.2,0,0,4.2
O07586,C2278,V042,P0262,2025-11-28,5,5439.39,4.3,0,0,3.8
O07587,C0475,V042,P0734,2025-02-23,1,511.75,5.8,0,0,4.2
O07588,C2324,V073,P0759,2025-04-18,2,2013.32,4.8,0,0,4.5
O07589,C0496,V086,P0411,2025-06-19,3,2398.68,4.3,0,0,3.1
O07590,C0319,V031,P0387,2025-07-03,2,902.54,2.3,0,1,4.0
O07591,C1139,V011,P0439,2025-07-20,2,1727.83,5.8,0,0,4.5
O07592,C0136,V091,P0314,2025-03-17,2,1502.3,3.2,0,0,3.4
O07593,C0779,V079,P0303,2025-08-02,1,470.57,3.6,0,0,4.5
O07594,C0718,V008,P0338,2025-06-22,3,1308.9,2.4,0,0,4.2
O07595,C2390,V100,P0390,2025-03-28,1,1033.99,1.9,0,0,3.7
O07596,C0314,V001,P0356,2025-11-05,4,795.35,5.3,0,0,4.5
O07597,C0270,V074,P0096,2025-08-14,2,974.17,4.2,0,0,4.7
O07598,C1927,V024,P0859,2025-05-12,5,1737.11,5.5,0,0,4.7
O07599,C1966,V002,P0843,2025-07-23,1,1107.4,3.3,0,0,3.1
O07600,C1305,V043,P0630,2025-05-08,4,3582.07,5.7,0,0,4.6
O07601,C1595,V089,P0589,2025-10-25,1,581.22,4.1,0,0,3.7
O07602,C2159,V021,P0315,2025-08-03,2,1919.54,3.5,0,0,4.4
O07603,C0659,V100,P0400,2025-04-11,6,6001.47,5.5,0,0,3.9
O07604,C0782,V095,P0215,2025-04-16,2,1592.18,5.5,0,0,5.0
O07605,C1889,V038,P0845,2025-06-10,1,550.53,2.2,0,0,4.5
O07606,C0440,V065,P0252,2025-10-27,1,632.05,2.9,0,0,3.7
O07607,C1525,V011,P0851,2025-03-02,1,926.77,4.3,0,0,4.4
O07608,C0213,V090,P0053,2025-03-23,2,612.8,6.0,0,0,4.7
O07609,C1998,V005,P0789,2025-04-17,3,1698.54,5.4,0,0,3.5
O07610,C1929,V031,P0884,2025-08-10,3,1275.48,2.2,0,0,4.3
O07611,C0748,V082,P0878,2025-08-16,1,514.36,4.3,0,0,4.2
O07612,C1084,V060,P0536,2025-08-12,2,1530.92,4.5,0,0,4.7
O07613,C1551,V084,P0573,2025-02-10,2,982.87,5.4,0,0,3.8
O07614,C1499,V005,P0423,2025-11-16,1,607.91,5.3,0,0,4.8
O07615,C1240,V033,P0601,2025-03-03,2,1329.96,3.8,0,0,3.7
O07616,C1413,V074,P0096,2025-12-25,1,442.64,3.3,0,0,4.8
O07617,C1432,V041,P0693,2025-12-15,2,788.1,3.1,0,0,3.3
O07618,C0802,V013,P0412,2025-10-09,4,1762.23,3.0,0,0,3.7
O07619,C0913,V074,P0096,2025-09-25,1,606.98,3.5,0,0,4.0
O07620,C0371,V058,P0267,2025-06-23,2,998.2,3.5,0,0,4.7
O07621,C1042,V036,P0372,2025-08-22,1,1040.8,4.2,0,0,4.3
O07622,C0966,V038,P0080,2025-12-16,1,260.08,4.4,0,0,4.1
O07623,C1338,V086,P0524,2025-03-28,2,1523.24,3.0,0,0,3.5
O07624,C0464,V041,P0040,2025-06-28,1,897.16,3.3,0,1,4.5
O07625,C0256,V009,P0568,2025-10-14,1,671.86,2.3,0,0,3.8
O07626,C1509,V046,P0200,2025-09-27,1,314.36,3.4,1,0,4.4
O07627,C1146,V081,P0346,2025-07-23,6,2805.65,4.8,0,0,4.3
O07628,C0517,V069,P0750,2025-05-09,2,1998.28,4.2,0,0,3.5
O07629,C0024,V030,P0013,2025-05-21,4,792.07,5.0,0,0,3.9
O07630,C0950,V071,P0015,2025-12-06,2,1095.96,2.0,1,0,3.9
O07631,C2257,V058,P0741,2025-12-06,3,1569.91,4.5,0,0,3.6
O07632,C0224,V041,P0386,2025-09-17,1,434.15,3.2,0,0,3.1
O07633,C1348,V003,P0204,2025-02-10,2,918.23,3.5,0,0,4.9
O07634,C1601,V074,P0690,2025-10-18,4,5197.87,2.9,0,1,4.3
O07635,C0609,V085,P0892,2025-02-14,4,2307.3,3.2,0,1,3.7
O07636,C0176,V088,P0312,2025-03-17,3,1894.38,2.4,0,0,4.5
O07637,C2055,V065,P0735,2025-10-13,1,344.94,1.3,0,0,4.6
O07638,C1817,V012,P0283,2025-01-05,2,1150.01,5.0,0,0,4.3
O07639,C1999,V025,P0800,2025-02-21,2,2173.88,4.8,1,0,5.0
O07640,C2451,V063,P0502,2025-01-09,1,955.26,2.1,0,0,4.1
O07641,C0640,V081,P0227,2025-09-26,2,2465.2,5.2,0,1,3.8
O07642,C0800,V050,P0882,2025-07-18,4,3660.96,4.5,0,0,4.8
O07643,C1832,V011,P0823,2025-07-15,3,1730.08,2.3,0,0,4.5
O07644,C0105,V032,P0571,2025-07-15,4,1573.46,5.9,0,0,4.3
O07645,C1282,V006,P0019,2025-03-03,1,511.76,5.9,0,0,3.3
O07646,C1374,V077,P0067,2025-08-16,1,304.62,5.8,0,0,4.7
O07647,C2283,V020,P0154,2025-01-28,6,4691.27,3.4,1,0,3.9
O07648,C1868,V086,P0450,2025-10-05,3,1421.9,2.5,0,0,4.0
O07649,C2172,V025,P0788,2025-02-24,2,1394.65,4.1,0,0,4.1
O07650,C0613,V006,P0180,2025-08-07,1,327.98,6.8,0,0,3.7
O07651,C1572,V018,P0760,2025-12-20,1,695.11,6.5,0,0,3.7
O07652,C1950,V046,P0594,2025-03-14,6,2722.91,1.8,0,0,3.5
O07653,C1388,V021,P0503,2025-03-12,1,478.06,2.6,0,1,4.3
O07654,C1261,V077,P0250,2025-02-04,1,677.0,4.1,1,0,3.8
O07655,C2027,V013,P0093,2025-07-29,1,655.8,2.4,0,1,4.3
O07656,C1141,V022,P0692,2025-02-08,2,1451.86,4.6,0,0,3.9
O07657,C0078,V056,P0864,2025-10-31,3,1876.96,3.4,0,0,4.5
O07658,C0452,V046,P0594,2025-02-10,2,820.79,2.5,1,0,3.4
O07659,C2120,V047,P0429,2025-11-20,2,636.16,3.8,0,0,4.2
O07660,C0854,V082,P0878,2025-02-09,5,2992.37,3.7,0,0,4.3
O07661,C0074,V080,P0669,2025-02-12,2,615.85,2.1,0,0,4.1
O07662,C1978,V087,P0648,2025-08-11,2,1730.51,4.9,0,0,4.3
O07663,C1071,V028,P0373,2025-01-24,1,627.2,3.2,0,1,4.0
O07664,C0908,V065,P0420,2025-12-20,2,1272.71,1.4,0,0,4.2
O07665,C1648,V043,P0073,2025-08-25,3,843.36,5.2,0,0,4.5
O07666,C2483,V086,P0407,2025-08-08,1,741.3,4.0,0,0,3.8
O07667,C0781,V071,P0457,2025-05-31,1,1879.27,1.8,0,0,3.9
O07668,C1766,V090,P0219,2025-02-22,3,1512.73,5.4,0,0,3.9
O07669,C1407,V070,P0941,2025-05-29,2,800.05,4.5,0,0,4.0
O07670,C0439,V076,P0453,2025-03-26,1,513.22,3.8,0,0,4.8
O07671,C0536,V056,P0864,2025-05-31,3,2022.04,4.6,0,0,4.8
O07672,C2262,V077,P0579,2025-07-13,6,2502.61,3.9,0,0,4.4
O07673,C0797,V024,P0606,2025-06-13,4,1264.78,5.5,1,0,4.3
O07674,C0401,V084,P0573,2025-07-08,3,1255.15,4.6,0,0,3.9
O07675,C1614,V084,P0156,2025-04-20,1,373.85,5.5,0,1,3.8
O07676,C0345,V081,P0346,2025-09-01,1,509.54,5.0,0,0,4.3
O07677,C2046,V043,P0849,2025-01-04,2,2053.83,6.9,0,1,3.7
O07678,C1836,V020,P0471,2025-04-29,2,3027.67,3.7,1,0,3.4
O07679,C1747,V037,P0785,2025-03-15,1,365.85,4.9,0,0,3.9
O07680,C1110,V022,P0477,2025-04-04,1,532.48,3.6,0,0,4.1
O07681,C0001,V054,P0506,2025-01-24,2,1407.09,5.5,0,0,4.6
O07682,C1660,V051,P0818,2025-07-06,2,1442.32,4.6,0,0,4.2
O07683,C1386,V023,P0701,2025-05-01,2,1024.96,3.0,0,0,4.5
O07684,C0500,V074,P0638,2025-08-25,2,522.15,4.0,0,0,3.8
O07685,C1218,V002,P0716,2025-09-16,1,490.05,2.9,0,0,3.8
O07686,C2430,V015,P0289,2025-07-18,2,1105.66,4.0,0,0,4.7
O07687,C1726,V082,P0242,2025-05-31,5,2221.49,5.5,0,0,4.5
O07688,C1343,V050,P0743,2025-10-24,3,1090.47,4.8,0,0,4.7
O07689,C1912,V038,P0830,2025-03-02,2,1257.44,2.8,0,0,4.5
O07690,C0523,V038,P0478,2025-01-03,1,344.1,3.0,0,0,4.7
O07691,C1378,V012,P0473,2025-09-23,4,1610.83,5.2,0,0,4.5
O07692,C0088,V066,P0102,2025-05-29,2,1315.75,4.1,0,0,4.6
O07693,C0835,V065,P0171,2025-01-15,2,1819.41,5.3,0,0,4.0
O07694,C1180,V071,P0121,2025-05-26,4,1288.44,3.4,0,0,4.1
O07695,C1285,V041,P0091,2025-03-23,1,428.07,4.7,0,0,4.0
O07696,C0790,V053,P0425,2025-10-18,1,326.69,4.6,0,0,3.9
O07697,C0715,V090,P0053,2025-12-01,1,322.21,4.5,0,0,4.1
O07698,C0196,V070,P0141,2025-05-01,2,1211.98,6.0,0,1,4.7
O07699,C1166,V029,P0111,2025-06-19,1,1187.81,2.4,0,0,4.2
O07700,C0401,V057,P0847,2025-09-12,1,800.21,3.6,0,0,3.8
O07701,C0421,V078,P0086,2025-02-18,1,664.3,2.3,1,0,2.6
O07702,C1318,V083,P0929,2025-04-24,1,583.25,4.0,0,0,3.7
O07703,C0613,V037,P0681,2025-01-31,4,2103.8,3.4,0,0,4.1
O07704,C0544,V054,P0506,2025-02-05,4,2827.6,5.3,0,0,4.4
O07705,C0299,V063,P0321,2025-04-22,2,703.31,3.6,0,0,5.0
O07706,C2261,V038,P0830,2025-05-08,1,720.44,5.0,0,0,4.6
O07707,C1473,V019,P0461,2025-07-21,2,801.96,3.8,0,0,4.6
O07708,C0936,V041,P0386,2025-11-13,4,1915.01,2.4,1,0,3.8
O07709,C0855,V063,P0321,2025-10-31,2,563.75,3.7,0,0,4.6
O07710,C1570,V015,P0149,2025-08-04,2,1295.59,4.0,1,0,4.4
O07711,C2225,V005,P0185,2025-04-04,2,384.2,4.7,0,0,5.0
O07712,C2186,V025,P0077,2025-01-21,3,1350.46,3.6,0,0,5.0
O07713,C1638,V053,P0753,2025-02-24,4,1849.14,2.9,0,0,3.7
O07714,C1367,V073,P0341,2025-04-09,4,1872.97,6.2,0,0,4.7
O07715,C1211,V058,P0963,2025-06-07,1,426.87,1.5,0,0,4.2
O07716,C0922,V005,P0380,2025-12-30,4,2017.98,2.1,0,0,4.2
O07717,C1405,V098,P0996,2025-05-11,2,1495.87,3.8,0,1,3.9
O07718,C1145,V092,P0980,2025-02-17,1,610.61,5.4,0,0,4.7
O07719,C1360,V091,P0644,2025-10-08,1,312.88,3.0,0,0,3.1
O07720,C1073,V055,P0862,2025-04-27,3,2023.66,5.2,0,0,4.5
O07721,C2321,V023,P0115,2025-07-26,3,756.65,3.6,0,0,4.0
O07722,C0105,V075,P0024,2025-03-21,3,1391.9,3.9,0,0,4.7
O07723,C0424,V021,P0158,2025-06-25,2,1068.61,4.8,0,0,3.5
O07724,C2281,V023,P0082,2025-04-22,1,738.43,3.7,0,0,4.6
O07725,C0575,V088,P0112,2025-06-15,3,1570.02,4.8,0,0,5.0
O07726,C2402,V038,P0845,2025-07-12,4,2739.67,4.9,0,0,4.4
O07727,C1493,V037,P0195,2025-07-14,2,845.05,2.3,0,1,4.2
O07728,C1009,V014,P0694,2025-09-05,4,2551.8,2.8,0,0,4.2
O07729,C1685,V096,P0174,2025-02-22,1,305.46,4.9,0,1,4.0
O07730,C1050,V034,P0300,2025-02-19,2,1230.39,2.7,0,0,3.4
O07731,C2194,V041,P0404,2025-09-05,3,2230.39,4.2,0,0,3.3
O07732,C2128,V026,P0133,2025-08-19,1,456.19,2.2,0,0,4.1
O07733,C0479,V026,P0979,2025-12-01,1,782.72,6.2,1,0,3.4
O07734,C1417,V100,P0449,2025-06-21,1,346.33,2.5,0,0,3.9
O07735,C2212,V055,P0862,2025-05-20,1,644.95,4.3,0,0,4.8
O07736,C1434,V077,P0865,2025-07-11,2,2098.06,4.6,0,0,4.4
O07737,C0685,V064,P0918,2025-07-16,3,1867.44,3.3,0,0,4.3
O07738,C1566,V009,P0075,2025-03-17,1,574.61,3.9,0,0,3.6
O07739,C0182,V079,P0326,2025-04-10,3,929.47,1.4,0,0,4.4
O07740,C0961,V100,P0010,2025-03-13,2,2185.15,5.9,0,0,4.7
O07741,C1465,V027,P0233,2025-05-20,7,4433.76,3.4,0,0,4.0
O07742,C0383,V075,P0362,2025-01-03,3,2551.04,4.8,0,0,4.5
O07743,C0725,V065,P0420,2025-04-02,2,1444.03,1.4,0,0,4.5
O07744,C2359,V033,P0296,2025-05-08,1,776.18,5.2,0,0,4.4
O07745,C1922,V082,P0426,2025-03-09,2,1736.58,5.6,0,0,4.4
O07746,C0713,V035,P0833,2025-10-04,1,1114.83,5.1,0,0,4.4
O07747,C0221,V031,P0387,2025-03-20,2,965.01,1.7,0,0,4.3
O07748,C1071,V087,P0335,2025-05-31,3,1899.93,4.3,1,0,4.4
O07749,C1543,V039,P0060,2025-05-26,3,2277.67,6.2,0,0,4.3
O07750,C1334,V035,P0805,2025-05-30,2,699.67,4.4,0,0,4.5
O07751,C2074,V015,P0950,2025-03-30,4,1429.59,4.8,0,0,5.0
O07752,C1311,V039,P0060,2025-12-23,1,905.28,7.0,0,0,5.0
O07753,C0454,V028,P0116,2025-04-18,2,1809.59,3.0,0,0,3.8
O07754,C2440,V090,P0689,2025-08-12,2,1180.63,3.7,0,1,3.2
O07755,C0150,V069,P0990,2025-11-21,1,968.97,3.2,0,0,4.3
O07756,C0127,V050,P0882,2025-06-06,1,723.55,4.4,0,0,5.0
O07757,C0481,V041,P0747,2025-09-07,1,261.15,3.9,0,0,3.6
O07758,C1920,V014,P0850,2025-09-09,1,588.09,2.7,0,0,4.2
O07759,C0052,V066,P0432,2025-03-24,1,458.75,2.8,0,0,4.4
O07760,C2089,V078,P0968,2025-03-06,3,767.05,1.6,0,0,3.6
O07761,C2113,V077,P0942,2025-01-17,4,1793.02,4.8,0,0,4.3
O07762,C2461,V080,P0883,2025-12-27,2,1217.46,3.2,0,1,3.7
O07763,C0092,V038,P0668,2025-04-28,1,299.38,4.2,0,0,3.7
O07764,C0538,V100,P0869,2025-11-21,3,676.17,4.9,0,1,3.5
O07765,C1609,V037,P0674,2025-06-03,2,2462.23,3.1,0,0,4.7
O07766,C0625,V087,P0003,2025-08-23,2,763.56,6.3,0,0,3.9
O07767,C1250,V086,P0407,2025-05-01,2,1472.47,4.2,0,0,3.6
O07768,C0016,V027,P0581,2025-04-12,1,534.22,3.9,0,0,3.7
O07769,C0703,V091,P0707,2025-06-11,2,1959.31,3.5,0,0,3.5
O07770,C1080,V015,P0184,2025-02-25,2,1700.58,1.7,0,0,4.5
O07771,C2026,V071,P0015,2025-05-05,2,1041.45,2.9,0,0,4.1
O07772,C1127,V078,P0632,2025-08-10,2,1946.55,6.0,0,0,3.5
O07773,C0783,V023,P0902,2025-05-19,3,2332.13,3.9,0,0,4.7
O07774,C1591,V033,P0832,2025-06-23,3,1984.68,3.8,0,0,4.6
O07775,C0618,V096,P0737,2025-06-03,2,1618.44,1.8,0,0,4.6
O07776,C0526,V039,P0462,2025-12-24,3,1681.72,6.8,0,0,4.3
O07777,C0850,V020,P0471,2025-05-24,4,5415.03,3.2,0,0,4.0
O07778,C0337,V011,P0851,2025-06-30,2,2292.4,1.7,0,0,4.8
O07779,C1100,V032,P0367,2025-08-19,3,1464.58,5.4,0,0,4.6
O07780,C2092,V037,P0674,2025-03-20,1,1539.71,5.7,1,0,4.1
O07781,C0583,V051,P0935,2025-05-06,2,1772.77,4.0,0,0,4.3
O07782,C1010,V095,P0120,2025-02-22,1,459.83,4.2,1,0,4.3
O07783,C1106,V021,P0819,2025-07-29,2,648.18,5.4,0,0,4.4
O07784,C0407,V077,P0942,2025-09-23,1,432.9,5.5,0,0,4.3
O07785,C0052,V043,P0073,2025-01-26,2,500.11,6.6,0,0,5.0
O07786,C2065,V031,P0884,2025-03-11,4,1551.35,2.1,0,0,4.5
O07787,C1608,V074,P0165,2025-01-30,4,1461.97,5.0,0,0,4.7
O07788,C1439,V056,P0988,2025-10-18,4,3444.44,2.5,0,0,4.8
O07789,C0360,V032,P0971,2025-04-09,1,1550.09,7.0,1,0,4.2
O07790,C2163,V073,P0284,2025-11-30,1,480.6,6.3,0,0,3.9
O07791,C0886,V035,P0805,2025-11-02,4,1420.69,5.9,1,0,4.1
O07792,C1010,V049,P0835,2025-03-22,1,483.34,1.7,0,0,4.5
O07793,C1116,V029,P0022,2025-06-05,5,1961.27,3.9,0,0,3.5
O07794,C1957,V051,P0687,2025-07-25,1,406.31,5.7,0,0,4.3
O07795,C2155,V023,P0446,2025-03-30,1,401.4,3.3,0,0,3.8
O07796,C0304,V087,P0633,2025-05-08,1,833.39,7.8,0,0,4.5
O07797,C0497,V027,P0181,2025-08-16,3,1716.74,3.1,0,0,4.7
O07798,C0124,V038,P0100,2025-04-24,1,395.71,6.0,0,0,4.0
O07799,C1048,V071,P0015,2025-12-30,1,603.84,4.5,0,0,3.2
O07800,C0032,V072,P0199,2025-12-03,4,1780.85,4.4,0,0,4.6
O07801,C0030,V068,P0822,2025-08-14,2,1078.72,3.8,0,0,3.6
O07802,C0619,V004,P0459,2025-07-12,4,4056.51,2.2,0,0,3.8
O07803,C0906,V004,P0047,2025-12-07,2,1221.77,3.2,0,0,4.0
O07804,C1545,V038,P0348,2025-02-13,1,207.64,5.5,0,1,4.0
O07805,C0252,V047,P0435,2025-02-05,1,553.03,2.5,0,0,3.7
O07806,C1998,V021,P0553,2025-09-17,1,407.36,5.0,0,0,3.4
O07807,C0573,V027,P0870,2025-10-16,2,944.39,5.6,0,0,3.0
O07808,C1468,V089,P0108,2025-07-10,1,369.89,3.9,0,0,4.1
O07809,C0500,V087,P0499,2025-09-17,4,1842.19,5.2,0,0,4.0
O07810,C0731,V064,P0812,2025-11-21,1,694.32,2.4,0,0,3.4
O07811,C0257,V100,P0382,2025-02-26,3,868.23,4.0,0,0,4.0
O07812,C0066,V067,P0410,2025-09-09,3,1713.56,3.7,1,0,3.8
O07813,C1091,V023,P0623,2025-01-03,2,691.85,3.1,0,0,4.2
O07814,C1398,V003,P0032,2025-09-26,2,1127.24,2.2,1,0,4.3
O07815,C2210,V083,P0893,2025-02-21,5,1957.56,4.9,0,0,4.3
O07816,C0408,V016,P0085,2025-06-20,2,1607.21,7.0,0,0,4.0
O07817,C1879,V043,P0849,2025-02-01,2,1771.04,6.5,0,0,3.6
O07818,C0285,V005,P0511,2025-12-31,2,660.43,3.6,0,0,4.6
O07819,C1280,V064,P0918,2025-06-05,3,1705.77,3.8,0,0,4.0
O07820,C1802,V046,P0594,2025-11-10,3,1268.89,3.8,0,0,2.9
O07821,C2387,V078,P0025,2025-09-29,3,1584.41,2.1,0,0,4.0
O07822,C0212,V043,P0583,2025-01-25,4,4728.58,6.8,1,0,4.3
O07823,C0343,V026,P0486,2025-08-06,1,607.48,4.6,0,1,4.3
O07824,C1616,V093,P0946,2025-02-25,3,1790.73,5.2,0,0,4.0
O07825,C2353,V077,P0942,2025-04-24,4,1676.38,4.6,1,0,4.8
O07826,C0643,V095,P0311,2025-07-23,4,1003.47,4.6,0,0,4.6
O07827,C2255,V077,P0062,2025-04-02,1,330.89,6.5,0,0,4.0
O07828,C2010,V087,P0565,2025-06-15,1,374.56,5.6,0,0,4.2
O07829,C0638,V014,P0263,2025-12-18,4,1135.66,3.6,0,0,4.1
O07830,C1998,V001,P0852,2025-05-19,3,977.46,4.8,0,0,5.0
O07831,C1091,V024,P0859,2025-06-02,2,740.88,3.4,1,0,4.5
O07832,C2367,V055,P0677,2025-11-25,4,2778.91,4.7,0,0,4.0
O07833,C1245,V066,P0538,2025-01-06,1,1173.99,3.8,0,0,4.3
O07834,C0851,V044,P0427,2025-08-20,1,666.0,6.3,0,0,4.1
O07835,C2074,V083,P0324,2025-02-05,1,377.91,3.4,0,0,3.5
O07836,C1358,V047,P0333,2025-09-12,1,539.16,4.2,0,1,3.7
O07837,C0885,V100,P0949,2025-04-18,2,417.03,3.3,0,0,3.4
O07838,C0566,V006,P0056,2025-09-25,3,847.24,7.9,0,0,4.2
O07839,C0496,V032,P0571,2025-05-10,6,2070.88,5.7,0,0,4.3
O07840,C0568,V065,P0451,2025-03-29,3,3765.06,3.8,0,1,4.5
O07841,C1783,V073,P0617,2025-06-26,1,479.51,3.6,0,0,4.6
O07842,C1929,V056,P0864,2025-02-15,2,1327.08,4.5,0,0,4.0
O07843,C1400,V045,P0198,2025-10-15,1,1053.97,3.3,0,0,5.0
O07844,C0736,V058,P0328,2025-04-11,6,3344.33,3.5,0,0,4.0
O07845,C0677,V058,P0328,2025-02-01,1,581.83,4.1,1,0,4.4
O07846,C1385,V047,P0548,2025-03-07,4,5516.27,3.3,0,0,4.2
O07847,C0581,V014,P0519,2025-08-06,4,1357.69,3.1,0,0,3.7
O07848,C2025,V023,P0115,2025-07-11,3,762.58,2.7,0,0,3.7
O07849,C0080,V065,P0600,2025-12-12,2,1074.47,3.5,0,1,4.2
O07850,C0557,V091,P0314,2025-07-29,3,2050.47,1.5,0,0,2.9
O07851,C1035,V056,P1000,2025-08-17,3,1926.81,4.7,0,0,4.6
O07852,C1202,V071,P0280,2025-03-26,2,2054.43,4.1,0,0,4.1
O07853,C1503,V090,P0371,2025-03-10,4,2034.55,5.4,0,0,3.0
O07854,C1067,V026,P0408,2025-03-09,1,415.06,3.3,0,0,4.4
O07855,C2397,V035,P0211,2025-06-29,2,1246.04,5.3,0,0,4.3
O07856,C2295,V061,P0728,2025-07-26,1,543.39,3.4,0,0,4.8
O07857,C0674,V065,P0252,2025-04-19,2,1283.28,2.7,0,0,3.6
O07858,C1880,V061,P0216,2025-08-16,3,1568.12,5.8,0,0,4.3
O07859,C1901,V040,P0675,2025-04-06,6,8876.4,2.4,0,0,4.4
O07860,C0268,V003,P0587,2025-01-30,5,3580.27,1.2,0,0,3.7
O07861,C1036,V013,P0547,2025-06-30,1,444.8,3.9,0,0,4.5
O07862,C1523,V060,P0995,2025-07-24,2,798.31,4.3,0,0,4.4
O07863,C0573,V065,P0417,2025-06-15,4,2143.74,2.4,0,0,3.9
O07864,C1967,V087,P0499,2025-06-28,2,755.4,6.4,0,1,4.3
O07865,C0357,V078,P0968,2025-11-25,2,578.57,2.6,0,0,3.7
O07866,C1987,V027,P0309,2025-12-22,2,704.89,3.7,0,0,4.0
O07867,C0307,V005,P0962,2025-09-06,2,1765.57,4.8,1,0,4.3
O07868,C1053,V081,P0618,2025-07-02,6,3971.97,4.4,0,0,4.1
O07869,C1599,V081,P0368,2025-09-07,1,439.22,5.0,0,0,4.6
O07870,C2029,V068,P0822,2025-01-02,1,626.83,2.9,0,0,3.9
O07871,C1341,V044,P0392,2025-07-17,4,2992.53,3.1,0,0,4.4
O07872,C2269,V073,P0759,2025-01-27,1,1041.6,5.6,0,0,3.9
O07873,C1754,V047,P0069,2025-12-26,4,2330.97,5.2,0,0,3.9
O07874,C1644,V002,P0843,2025-01-06,2,2184.52,3.0,0,0,3.6
O07875,C0672,V046,P0534,2025-02-22,2,941.02,1.9,0,0,3.4
O07876,C2323,V049,P0293,2025-12-27,2,690.69,4.2,0,0,4.0
O07877,C2146,V005,P0527,2025-04-27,1,683.71,6.6,0,0,4.4
O07878,C0573,V086,P0411,2025-05-07,3,1893.44,3.4,0,0,3.3
O07879,C0241,V070,P0355,2025-07-10,1,560.09,5.0,0,0,4.8
O07880,C0910,V056,P0864,2025-01-22,3,1884.44,3.8,0,0,4.6
O07881,C0295,V074,P0134,2025-08-21,1,768.44,4.0,0,0,4.2
O07882,C1170,V039,P0226,2025-03-22,2,859.24,3.6,0,0,4.8
O07883,C0366,V078,P0685,2025-04-10,2,559.64,2.3,0,0,3.7
O07884,C0107,V065,P0252,2025-01-03,1,676.34,3.3,0,0,4.2
O07885,C1697,V039,P0462,2025-01-04,2,1270.95,5.6,0,0,3.7
O07886,C0673,V016,P0840,2025-04-28,1,517.97,3.6,0,0,4.2
O07887,C1215,V027,P0261,2025-09-29,1,415.56,5.0,0,1,4.0
O07888,C2090,V062,P0064,2025-11-28,5,2966.09,3.3,0,0,4.7
O07889,C2135,V031,P0201,2025-10-09,4,1026.07,3.3,0,0,4.8
O07890,C1017,V050,P0099,2025-09-19,3,498.48,4.3,0,0,4.3
O07891,C2162,V005,P0423,2025-04-16,2,1185.47,4.9,0,0,4.1
O07892,C0303,V054,P0274,2025-10-28,1,625.86,3.4,0,0,4.1
O07893,C1075,V080,P0298,2025-10-16,3,4463.36,5.6,0,0,3.7
O07894,C2020,V088,P0312,2025-07-17,1,650.32,2.9,0,0,4.1
O07895,C1344,V022,P0692,2025-11-24,2,1405.3,2.9,0,0,4.2
O07896,C2390,V015,P0147,2025-10-27,1,1228.46,4.2,0,0,5.0
O07897,C1687,V002,P0783,2025-04-13,1,377.82,2.2,0,0,3.8
O07898,C0688,V012,P0593,2025-03-24,1,605.38,3.0,0,0,4.4
O07899,C2036,V082,P0301,2025-01-19,2,1094.61,3.7,1,0,4.6
O07900,C2240,V063,P0930,2025-07-03,1,1516.66,1.3,0,0,4.2
O07901,C2159,V072,P0967,2025-01-29,4,3169.01,5.2,0,0,4.4
O07902,C0120,V050,P0882,2025-01-27,1,831.13,4.7,0,0,4.8
O07903,C1530,V080,P0518,2025-08-03,2,3327.72,4.8,0,0,4.2
O07904,C0033,V006,P0087,2025-11-23,2,1062.33,5.5,0,0,3.9
O07905,C1184,V027,P0233,2025-12-18,2,1407.37,4.0,0,0,3.9
O07906,C1456,V097,P0526,2025-07-28,3,1880.3,5.7,0,0,4.0
O07907,C1288,V001,P0482,2025-04-22,2,634.94,5.2,0,0,4.1
O07908,C1079,V070,P0251,2025-12-22,1,786.67,5.6,1,0,3.8
O07909,C0427,V036,P0608,2025-03-24,2,1087.97,4.1,0,0,4.7
O07910,C0081,V052,P0791,2025-11-21,4,2611.05,4.3,0,0,4.4
O07911,C0414,V073,P0959,2025-04-07,1,428.69,6.0,0,0,4.7
O07912,C0188,V033,P0601,2025-08-12,1,709.48,5.3,0,0,3.7
O07913,C0862,V049,P0835,2025-09-18,2,787.31,4.2,0,0,3.9
O07914,C1309,V078,P0218,2025-03-11,4,1443.6,4.9,0,0,4.2
O07915,C0387,V003,P0495,2025-08-27,2,1282.0,2.4,0,0,4.2
O07916,C0740,V056,P0864,2025-12-01,3,1982.3,3.8,0,0,5.0
O07917,C1982,V011,P0631,2025-08-24,4,877.82,4.8,0,0,4.0
O07918,C1799,V095,P0120,2025-10-13,3,1476.0,2.9,0,0,4.2
O07919,C2382,V043,P0991,2025-06-03,7,5402.85,5.4,0,0,4.6
O07920,C0005,V032,P0354,2025-09-13,1,460.62,4.4,0,0,4.5
O07921,C1653,V052,P0231,2025-02-15,3,2030.3,4.1,0,0,4.9
O07922,C0133,V013,P0900,2025-08-23,4,2103.31,3.2,0,0,4.8
O07923,C1966,V005,P0655,2025-11-29,2,2100.82,4.7,0,0,4.3
O07924,C0904,V005,P0132,2025-11-10,4,2625.95,4.8,0,0,3.8
O07925,C0885,V001,P0482,2025-06-26,2,604.88,4.3,0,0,4.1
O07926,C0368,V069,P0673,2025-03-09,1,626.85,2.0,0,0,4.3
O07927,C0181,V079,P0938,2025-03-31,4,2107.49,2.6,0,0,5.0
O07928,C2233,V054,P0736,2025-08-25,2,1317.12,4.3,0,0,5.0
O07929,C1837,V058,P0247,2025-05-10,3,1271.45,2.4,0,0,4.4
O07930,C1289,V065,P0966,2025-04-10,1,989.72,6.2,1,0,3.9
O07931,C1666,V076,P0419,2025-09-29,2,1098.46,3.3,0,0,4.6
O07932,C0138,V099,P0575,2025-06-08,4,4225.02,2.3,0,0,4.8
O07933,C1601,V047,P0245,2025-09-27,1,393.48,5.0,0,0,4.3
O07934,C0144,V096,P0721,2025-09-28,1,2111.26,5.5,0,0,4.6
O07935,C1522,V037,P0674,2025-03-06,1,1478.97,2.8,0,0,4.8
O07936,C2257,V042,P0268,2025-09-25,1,618.88,4.8,0,0,4.2
O07937,C0738,V047,P0726,2025-11-06,1,453.63,4.6,0,0,3.7
O07938,C1683,V083,P0929,2025-02-26,3,1805.63,3.2,0,0,3.7
O07939,C0627,V041,P0585,2025-02-23,1,785.44,4.9,1,0,3.9
O07940,C0248,V013,P0763,2025-04-23,1,636.04,5.3,0,1,4.2
O07941,C0345,V051,P0122,2025-02-04,2,2144.6,6.0,0,0,4.5
O07942,C0177,V009,P0568,2025-05-30,1,718.69,5.1,0,0,3.7
O07943,C1147,V042,P0262,2025-05-03,2,2217.35,2.6,1,0,3.9
O07944,C0864,V009,P0075,2025-06-15,4,1880.81,3.1,0,0,3.4
O07945,C1338,V004,P0186,2025-06-08,5,4380.92,3.1,0,0,4.1
O07946,C2499,V093,P0977,2025-05-29,2,1948.57,6.1,0,0,3.8
O07947,C1569,V064,P0361,2025-12-21,3,1451.76,3.7,1,0,3.4
O07948,C0236,V033,P0554,2025-08-09,2,849.04,4.5,0,0,3.6
O07949,C2301,V079,P0647,2025-07-01,2,1078.11,4.1,0,0,4.6
O07950,C2402,V066,P0931,2025-12-24,3,2584.3,4.4,0,0,4.1
O07951,C2225,V100,P0889,2025-01-06,3,1612.03,3.7,0,0,3.3
O07952,C1775,V079,P0647,2025-05-18,3,1889.24,3.9,0,0,4.7
O07953,C0269,V021,P0158,2025-09-19,3,1628.49,5.4,0,0,3.5
O07954,C1042,V051,P0935,2025-07-07,4,3816.65,3.2,0,0,4.3
O07955,C1712,V051,P0349,2025-10-12,5,4129.8,4.5,0,0,4.2
O07956,C0247,V051,P0384,2025-08-19,2,866.88,4.0,0,0,4.2
O07957,C1548,V076,P0419,2025-09-16,5,2530.35,3.2,0,0,4.0
O07958,C2479,V080,P0669,2025-01-08,2,546.86,2.6,0,0,4.7
O07959,C1081,V040,P0041,2025-01-23,1,673.59,2.9,0,0,4.6
O07960,C1459,V097,P0456,2025-05-22,1,394.85,5.6,0,0,4.0
O07961,C1188,V075,P0059,2025-12-16,1,848.64,2.5,0,0,3.5
O07962,C2150,V081,P0719,2025-03-28,2,1155.56,5.0,0,0,4.0
O07963,C0399,V030,P0662,2025-07-21,2,1165.44,4.3,0,0,4.6
O07964,C2031,V100,P0549,2025-03-13,3,1437.51,4.9,0,0,4.0
O07965,C2239,V001,P0852,2025-11-19,5,1662.09,5.4,0,0,5.0
O07966,C1099,V086,P0269,2025-09-12,1,476.68,5.1,0,0,4.1
O07967,C2009,V062,P0469,2025-06-30,2,1039.94,4.3,0,0,4.5
O07968,C0748,V078,P0025,2025-09-30,3,1338.61,4.4,0,0,3.8
O07969,C0576,V084,P0191,2025-07-08,3,1725.28,5.7,0,0,3.5
O07970,C1331,V043,P0849,2025-11-13,1,1127.48,6.5,0,0,3.9
O07971,C0343,V058,P0328,2025-09-11,1,606.45,4.9,0,0,4.2
O07972,C0386,V039,P0740,2025-04-22,4,1575.73,5.0,0,0,4.8
O07973,C1122,V043,P0630,2025-12-20,5,5768.6,7.6,0,0,4.2
O07974,C2457,V044,P0514,2025-10-30,2,836.52,5.2,0,0,4.4
O07975,C1478,V082,P0683,2025-05-28,7,5138.8,5.4,0,0,4.8
O07976,C0600,V080,P0686,2025-04-10,1,470.63,6.2,0,0,4.2
O07977,C1796,V020,P0827,2025-08-24,7,2838.01,4.0,0,0,3.4
O07978,C0585,V008,P0724,2025-10-14,3,4050.88,3.0,0,0,4.3
O07979,C1669,V083,P0932,2025-07-21,5,2128.61,6.0,0,0,4.3
O07980,C0233,V029,P0111,2025-12-03,3,3568.54,3.0,0,0,4.7
O07981,C2128,V034,P0798,2025-07-05,2,1507.39,3.9,0,0,3.8
O07982,C2497,V070,P0260,2025-02-23,3,1878.18,5.9,0,0,4.0
O07983,C0083,V014,P0897,2025-04-04,2,2126.73,2.8,0,0,4.5
O07984,C0525,V012,P0033,2025-11-23,1,997.47,3.5,0,0,3.9
O07985,C1806,V005,P0350,2025-04-04,1,1161.31,5.1,0,0,4.0
O07986,C0483,V020,P0825,2025-04-10,2,1894.68,4.7,0,0,4.4
O07987,C1336,V027,P0181,2025-02-26,4,2032.04,4.3,0,0,4.2
O07988,C2383,V093,P0599,2025-10-24,5,4903.43,3.2,0,0,4.0
O07989,C1566,V077,P0678,2025-08-12,1,429.42,4.3,0,0,4.1
O07990,C0060,V051,P0818,2025-09-29,2,1679.31,4.6,0,0,5.0
O07991,C1383,V005,P0350,2025-09-26,3,3414.82,4.4,1,0,3.9
O07992,C1127,V046,P0444,2025-03-01,1,499.14,1.1,0,0,3.7
O07993,C1596,V074,P0690,2025-02-01,1,1317.92,5.2,0,0,4.1
O07994,C0570,V037,P0695,2025-11-10,3,3154.48,2.7,0,0,4.4
O07995,C0232,V010,P0658,2025-02-20,1,617.7,5.9,0,0,4.6
O07996,C2103,V044,P0796,2025-03-18,1,568.15,4.1,0,0,3.9
O07997,C1891,V006,P0428,2025-05-24,1,441.09,5.2,0,0,3.7
O07998,C2242,V095,P0718,2025-12-05,1,505.8,6.9,0,1,5.0
O07999,C1608,V032,P0927,2025-12-20,1,804.91,6.3,1,0,4.8
O08000,C1684,V036,P0372,2025-03-06,1,810.26,4.7,1,0,4.5
O08001,C1942,V028,P0116,2025-09-08,2,1668.42,3.6,0,1,4.3
O08002,C0768,V044,P0796,2025-03-20,1,676.83,5.0,0,0,4.7
O08003,C1879,V040,P0041,2025-02-08,2,1222.1,3.4,0,0,4.0
O08004,C1551,V001,P0482,2025-11-27,1,277.11,6.3,0,0,4.4
O08005,C0371,V011,P0564,2025-06-12,1,871.79,3.6,0,0,4.0
O08006,C2453,V044,P0207,2025-02-19,2,1597.33,4.1,0,0,4.6
O08007,C0436,V012,P0891,2025-03-25,3,1966.77,3.3,0,0,4.6
O08008,C1700,V053,P0128,2025-11-28,2,1135.62,5.4,0,0,3.5
O08009,C2331,V009,P0188,2025-12-23,4,2349.85,5.3,0,0,4.8
O08010,C1497,V100,P0010,2025-03-09,1,1036.98,4.4,0,1,4.1
O08011,C0560,V018,P0325,2025-10-24,3,2451.19,7.6,0,0,4.7
O08012,C1660,V044,P0392,2025-12-23,1,802.4,5.7,0,0,4.0
O08013,C2150,V001,P0441,2025-09-23,1,355.13,5.6,0,0,5.0
O08014,C1539,V015,P0147,2025-08-18,1,1300.13,4.5,0,0,4.2
O08015,C1857,V077,P0865,2025-09-08,3,3099.47,6.4,1,0,4.5
O08016,C2362,V014,P0263,2025-11-11,3,988.93,2.7,0,0,4.6
O08017,C0280,V063,P0072,2025-09-28,2,1562.31,2.4,0,0,4.7
O08018,C0137,V012,P0593,2025-10-16,1,742.67,2.7,0,0,4.5
O08019,C1464,V043,P0630,2025-02-27,2,2033.15,8.5,0,0,4.2
O08020,C0310,V065,P0649,2025-01-13,1,444.41,4.0,0,0,4.0
O08021,C0430,V005,P0350,2025-10-24,3,3375.95,5.1,0,0,4.3
O08022,C1850,V058,P0247,2025-03-25,3,1002.31,3.2,0,0,3.8
O08023,C0578,V099,P0230,2025-09-15,1,491.31,2.9,0,0,4.0
O08024,C0778,V013,P0183,2025-09-15,5,1528.53,4.4,1,0,4.7
O08025,C1992,V091,P0239,2025-09-13,1,497.52,1.5,1,0,3.9
O08026,C2109,V033,P0601,2025-07-14,3,1797.5,2.6,0,1,3.9
O08027,C0853,V027,P0581,2025-07-18,3,1718.49,2.9,0,0,4.0
O08028,C1412,V089,P0206,2025-05-21,2,1713.31,1.5,0,0,4.6
O08029,C1583,V013,P0287,2025-12-08,1,382.39,3.2,0,1,4.5
O08030,C0066,V082,P0916,2025-12-18,3,1896.89,2.8,1,0,4.2
O08031,C0600,V038,P0921,2025-11-10,3,1134.64,5.6,0,0,4.6
O08032,C0618,V091,P0314,2025-01-05,1,723.47,4.2,0,0,3.1
O08033,C0389,V055,P0555,2025-12-07,1,543.86,2.4,0,0,4.7
O08034,C0869,V084,P0220,2025-11-05,1,943.93,4.1,0,0,3.5
O08035,C2461,V031,P0424,2025-09-30,1,618.04,2.1,0,0,4.3
O08036,C0421,V021,P0819,2025-08-29,2,699.51,3.1,0,0,4.8
O08037,C0460,V061,P0728,2025-06-18,1,465.17,4.1,0,1,4.0
O08038,C1858,V065,P0600,2025-12-24,2,1068.87,2.6,0,0,3.5
O08039,C1735,V003,P0587,2025-01-25,3,2145.44,1.9,0,0,4.2
O08040,C2004,V035,P0833,2025-07-26,1,1061.82,3.5,0,0,3.8
O08041,C1410,V058,P0247,2025-10-01,1,372.54,4.0,0,0,3.8
O08042,C0686,V017,P0290,2025-04-11,1,172.49,5.2,0,0,4.9
O08043,C0198,V047,P0429,2025-06-13,1,425.6,4.5,0,0,4.2
O08044,C0945,V036,P0598,2025-12-09,1,419.55,4.4,1,0,3.8
O08045,C0953,V068,P0978,2025-03-30,1,741.09,2.9,0,0,4.1
O08046,C1165,V074,P0139,2025-01-01,1,683.35,4.1,0,0,4.3
O08047,C2086,V017,P0089,2025-03-24,2,1422.51,3.8,0,0,3.7
O08048,C0406,V010,P0901,2025-10-05,3,1715.08,5.9,0,0,4.2
O08049,C1736,V081,P0618,2025-05-16,3,2040.88,4.9,0,0,4.4
O08050,C0432,V080,P0866,2025-01-10,1,381.74,5.3,0,0,3.7
O08051,C1579,V027,P0877,2025-12-09,2,475.62,1.2,0,0,3.5
O08052,C2313,V036,P0603,2025-03-30,1,368.51,4.1,0,0,3.9
O08053,C2016,V059,P0389,2025-01-04,3,1820.36,3.8,0,0,3.5
O08054,C0959,V088,P0793,2025-05-18,1,310.17,4.1,0,0,3.5
O08055,C0826,V086,P0672,2025-09-08,3,2742.17,4.1,1,0,4.3
O08056,C1667,V022,P0692,2025-12-21,4,2943.41,5.0,0,0,4.2
O08057,C1697,V025,P0563,2025-01-06,1,646.87,4.6,0,0,3.9
O08058,C1925,V068,P0039,2025-06-05,2,606.44,5.6,0,0,4.0
O08059,C2379,V013,P0412,2025-06-11,4,1781.2,3.3,0,0,4.3
O08060,C0808,V007,P0009,2025-05-11,1,678.45,5.2,0,0,5.0
O08061,C0112,V096,P0556,2025-06-06,2,702.62,3.0,0,0,4.0
O08062,C1381,V100,P0097,2025-11-16,4,3244.3,2.0,0,0,4.2
O08063,C2078,V038,P0295,2025-08-22,1,1368.4,4.6,0,0,4.3
O08064,C0069,V038,P0533,2025-12-14,1,643.88,5.1,0,0,3.6
O08065,C1378,V018,P0826,2025-10-31,2,1086.27,6.1,1,0,3.7
O08066,C0643,V082,P0265,2025-05-29,3,1526.19,3.0,0,0,4.7
O08067,C1497,V034,P0981,2025-06-23,1,429.85,5.0,0,0,3.8
O08068,C1980,V010,P0901,2025-06-26,1,495.96,5.4,0,0,3.6
O08069,C1196,V017,P0772,2025-02-08,2,734.01,2.8,0,0,4.2
O08070,C0473,V060,P0975,2025-06-07,4,1798.97,3.8,0,0,4.3
O08071,C0745,V044,P0514,2025-10-06,3,1447.58,5.5,0,0,4.0
O08072,C1003,V052,P0791,2025-11-13,2,1274.37,4.4,0,0,3.6
O08073,C1572,V088,P0312,2025-02-06,2,1516.91,4.8,0,1,4.1
O08074,C1906,V068,P0039,2025-10-01,3,1266.95,2.2,0,0,3.9
O08075,C0936,V048,P0255,2025-02-01,1,1041.27,7.3,0,0,4.3
O08076,C2481,V071,P0129,2025-01-31,3,2312.47,1.5,0,0,4.0
O08077,C0890,V031,P0387,2025-05-11,2,871.07,1.0,0,0,4.2
O08078,C0803,V005,P0350,2025-10-14,2,2236.04,4.5,0,0,4.5
O08079,C1667,V038,P0478,2025-10-03,3,1191.48,4.0,1,0,4.0
O08080,C0934,V080,P0026,2025-01-11,1,517.29,6.1,0,0,4.4
O08081,C0662,V039,P0179,2025-08-24,2,1626.47,4.9,0,0,4.3
O08082,C2071,V034,P0542,2025-03-08,2,1149.67,4.1,0,0,3.0
O08083,C0971,V003,P0204,2025-09-03,2,866.33,2.4,0,0,4.9
O08084,C1762,V038,P0888,2025-07-19,2,1892.41,5.6,0,0,4.4
O08085,C0180,V095,P0118,2025-04-10,2,2025.93,3.7,0,0,4.2
O08086,C1800,V038,P0738,2025-03-28,2,492.36,4.7,1,0,4.3
O08087,C1078,V084,P0332,2025-01-19,1,259.46,5.4,0,0,3.9
O08088,C1159,V047,P0244,2025-05-26,1,294.64,4.1,0,0,4.1
O08089,C2270,V062,P0469,2025-08-21,1,495.0,3.5,0,0,3.6
O08090,C2141,V025,P0712,2025-11-30,3,501.77,2.0,0,0,4.2
O08091,C1850,V047,P0611,2025-05-20,1,851.85,4.4,0,0,4.3
O08092,C2257,V017,P0625,2025-01-02,5,3331.78,2.4,1,0,4.3
O08093,C1849,V056,P0894,2025-11-15,4,2628.06,4.5,0,0,4.2
O08094,C1075,V081,P0861,2025-10-21,3,1176.0,4.5,0,0,4.5
O08095,C1541,V061,P0937,2025-05-06,3,1371.41,4.6,0,0,4.4
O08096,C2217,V086,P0752,2025-06-25,3,1759.15,4.2,1,0,4.2
O08097,C0447,V032,P0364,2025-05-15,1,363.93,2.8,0,0,4.4
O08098,C0192,V041,P0091,2025-10-29,2,928.88,4.0,0,0,3.6
O08099,C2094,V096,P0556,2025-06-24,2,676.62,4.6,0,0,3.8
O08100,C2035,V081,P0719,2025-03-05,3,1452.36,4.6,0,0,4.3
O08101,C1580,V072,P0967,2025-04-10,1,941.86,5.6,0,0,4.7
O08102,C0503,V095,P0999,2025-09-22,3,990.66,5.2,0,0,3.7
O08103,C0048,V081,P0804,2025-01-19,1,422.8,2.6,0,0,3.9
O08104,C0931,V076,P0453,2025-11-17,1,505.16,4.5,0,0,4.4
O08105,C1830,V002,P0843,2025-03-13,2,2314.57,4.5,0,0,3.5
O08106,C1339,V086,P0752,2025-11-11,1,596.89,3.3,0,0,4.6
O08107,C2408,V013,P0287,2025-12-03,1,293.97,2.7,0,0,4.8
O08108,C2397,V082,P0336,2025-03-20,3,1915.41,4.6,0,0,4.6
O08109,C1610,V067,P0749,2025-06-10,1,443.57,5.5,1,0,4.4
O08110,C0908,V023,P0161,2025-04-15,1,467.17,4.0,0,0,4.0
O08111,C1782,V032,P0933,2025-08-05,2,354.13,3.8,0,0,4.0
O08112,C2477,V079,P0794,2025-02-16,3,1499.18,2.5,0,0,3.9
O08113,C0666,V063,P0467,2025-05-10,2,616.9,2.9,0,0,4.1
O08114,C1495,V011,P0924,2025-07-06,2,1197.6,3.9,1,0,4.4
O08115,C0635,V027,P0581,2025-09-19,1,602.84,3.4,0,0,3.9
O08116,C0158,V054,P0232,2025-11-27,1,199.12,4.0,0,0,4.7
O08117,C1636,V062,P0469,2025-08-20,6,2717.22,6.8,0,0,4.4
O08118,C0671,V002,P0237,2025-08-06,4,1876.15,3.0,0,0,3.8
O08119,C2424,V013,P0412,2025-03-12,2,904.33,4.2,0,0,4.1
O08120,C1349,V071,P0562,2025-05-01,2,1055.14,3.5,1,0,3.8
O08121,C1512,V033,P0554,2025-09-20,3,1157.79,4.2,0,0,4.4
O08122,C2091,V045,P0821,2025-05-23,3,2344.61,3.6,1,0,4.3
O08123,C2026,V071,P0129,2025-08-29,3,2358.18,2.1,0,0,3.9
O08124,C0947,V061,P0119,2025-11-11,1,459.12,2.2,0,0,4.1
O08125,C1410,V048,P0051,2025-12-14,3,2197.67,4.0,0,0,4.6
O08126,C1117,V074,P0714,2025-05-16,2,1798.89,3.4,0,0,4.0
O08127,C0310,V079,P0938,2025-03-31,3,1640.91,3.6,0,0,4.0
O08128,C1422,V094,P0879,2025-10-21,1,499.64,3.0,0,0,3.6
O08129,C2305,V085,P0092,2025-05-07,5,1542.33,7.7,0,0,3.1
O08130,C1525,V087,P0633,2025-12-10,1,666.18,4.8,0,0,4.7
O08131,C1732,V063,P0467,2025-03-26,1,334.44,4.1,1,0,4.6
O08132,C0505,V066,P0729,2025-10-05,3,1438.52,3.6,0,0,4.9
O08133,C0553,V032,P0927,2025-05-05,2,1680.32,6.6,0,0,4.2
O08134,C1926,V040,P0510,2025-05-13,1,461.24,4.1,0,0,4.4
O08135,C2245,V002,P0783,2025-02-05,6,2950.52,6.5,0,0,3.4
O08136,C0255,V078,P0632,2025-07-23,1,818.23,4.5,0,0,3.1
O08137,C2311,V023,P0433,2025-10-14,1,273.75,4.2,0,0,4.7
O08138,C0897,V078,P0968,2025-09-08,6,1522.12,3.3,0,0,3.5
O08139,C1642,V086,P0411,2025-01-31,1,792.15,4.0,0,0,3.4
O08140,C0671,V031,P0613,2025-04-03,3,3181.37,4.4,0,0,4.4
O08141,C0257,V097,P0697,2025-12-28,3,719.91,5.8,0,0,3.9
O08142,C2431,V029,P0101,2025-10-03,4,1185.72,1.0,0,0,2.8
O08143,C1222,V037,P0234,2025-03-26,2,1073.73,4.4,0,0,4.3
O08144,C1982,V004,P0713,2025-11-02,3,2203.46,1.0,0,0,4.4
O08145,C0564,V075,P0131,2025-04-13,2,921.43,1.2,0,0,4.6
O08146,C2422,V023,P0217,2025-12-19,3,1996.73,2.8,0,0,4.1
O08147,C1575,V057,P0366,2025-03-24,4,1194.93,3.3,0,0,4.0
O08148,C1955,V071,P0562,2025-01-23,4,1853.28,3.0,0,0,3.9
O08149,C0103,V086,P0680,2025-02-06,2,705.86,5.6,0,0,3.5
O08150,C2304,V020,P0385,2025-05-31,2,1397.27,4.7,1,0,4.0
O08151,C1196,V072,P0005,2025-02-23,2,996.03,4.4,0,0,4.8
O08152,C1662,V033,P0832,2025-06-12,1,696.15,7.3,0,0,4.3
O08153,C0511,V043,P0402,2025-02-10,2,1174.63,4.0,1,0,4.0
O08154,C2310,V010,P0658,2025-04-19,1,609.74,4.8,0,0,3.6
O08155,C1214,V046,P0004,2025-11-23,2,1049.96,1.2,0,0,4.2
O08156,C0876,V001,P0852,2025-03-24,2,601.49,3.0,1,0,4.2
O08157,C1618,V046,P0664,2025-05-22,4,4191.62,1.6,1,0,3.9
O08158,C2065,V074,P0096,2025-08-26,2,1107.55,3.0,0,0,4.7
O08159,C0123,V095,P0999,2025-03-24,3,1356.41,5.5,0,0,4.1
O08160,C0453,V014,P0725,2025-04-23,2,826.38,3.1,0,0,4.5
O08161,C0096,V095,P0656,2025-04-27,3,817.77,5.0,1,0,4.5
O08162,C0151,V006,P0352,2025-03-04,2,1383.69,5.0,0,0,4.6
O08163,C1489,V070,P0260,2025-09-03,3,1636.0,4.2,0,0,3.5
O08164,C0219,V021,P0887,2025-04-07,1,345.47,4.0,1,0,3.6
O08165,C0393,V071,P0129,2025-11-15,4,2877.54,5.9,0,0,3.9
O08166,C0444,V084,P0570,2025-04-04,1,588.62,5.8,0,0,3.6
O08167,C0942,V085,P0052,2025-10-20,2,859.43,4.5,1,0,3.6
O08168,C1390,V034,P0981,2025-12-14,3,1615.78,3.7,0,0,4.1
O08169,C1982,V079,P0688,2025-06-02,2,2083.1,4.3,0,0,4.1
O08170,C0344,V048,P0151,2025-02-19,4,3714.51,6.6,0,0,3.2
O08171,C0573,V013,P0763,2025-06-17,4,2187.54,3.2,0,0,4.7
O08172,C1579,V034,P0981,2025-09-05,1,499.11,4.1,0,0,3.8
O08173,C0469,V026,P0272,2025-09-15,3,1809.48,5.6,0,0,4.1
O08174,C0410,V075,P0846,2025-12-22,2,1393.91,3.9,0,0,4.7
O08175,C1771,V022,P0145,2025-10-22,2,653.41,3.7,1,0,3.5
O08176,C1897,V052,P0911,2025-03-04,5,4399.58,4.2,0,0,3.8
O08177,C2496,V006,P0066,2025-05-13,1,602.41,6.4,0,0,3.8
O08178,C2221,V088,P0793,2025-01-24,1,378.88,5.2,0,0,4.0
O08179,C1560,V064,P0918,2025-12-07,2,1081.77,4.2,1,0,3.9
O08180,C1111,V092,P0126,2025-08-30,2,651.59,5.7,0,0,4.1
O08181,C1661,V038,P0295,2025-05-03,4,4520.56,4.6,0,1,4.3
O08182,C1435,V031,P0458,2025-12-13,5,3094.09,2.0,0,0,4.3
O08183,C2075,V008,P0398,2025-10-01,1,362.52,5.5,0,0,4.2
O08184,C0743,V078,P0545,2025-01-12,1,1186.1,3.1,0,0,3.3
O08185,C0280,V092,P0628,2025-02-20,4,2003.36,6.2,0,0,4.9
O08186,C1698,V060,P0975,2025-12-02,1,432.26,4.5,0,0,4.4
O08187,C2156,V100,P0390,2025-10-21,3,3311.93,4.2,0,0,3.6
O08188,C1303,V013,P0547,2025-03-07,3,1459.14,1.5,0,0,4.3
O08189,C2418,V059,P0159,2025-02-07,1,487.33,3.1,0,0,4.6
O08190,C1442,V053,P0257,2025-03-03,1,798.57,4.6,0,0,3.6
O08191,C0272,V012,P0987,2025-11-07,3,1934.69,3.3,0,0,4.7
O08192,C0781,V012,P0283,2025-04-05,1,559.7,4.6,0,0,3.3
O08193,C1912,V080,P0660,2025-06-13,2,2314.91,6.3,0,0,4.2
O08194,C0986,V041,P0040,2025-01-22,2,1482.35,1.0,0,0,3.1
O08195,C2431,V020,P0733,2025-07-19,1,278.73,3.7,0,0,3.2
O08196,C1410,V008,P0338,2025-11-28,3,1167.55,5.4,0,0,4.2
O08197,C1820,V065,P0416,2025-05-21,1,1134.1,5.9,0,1,4.7
O08198,C0725,V004,P0186,2025-05-30,4,3705.83,3.3,0,0,4.2
O08199,C2137,V082,P0974,2025-11-18,2,1379.37,4.0,0,0,4.4
O08200,C0943,V003,P0032,2025-05-14,2,1025.06,4.8,0,0,4.1
O08201,C0055,V061,P0728,2025-09-16,1,481.43,5.3,0,0,4.1
O08202,C2322,V036,P0578,2025-06-09,2,1186.4,4.0,0,0,4.1
O08203,C0268,V013,P0135,2025-02-28,2,993.7,3.1,0,0,4.4
O08204,C1382,V096,P0721,2025-12-24,4,7783.03,4.7,0,0,3.8
O08205,C1533,V097,P0256,2025-01-19,1,644.74,6.6,0,0,3.6
O08206,C0423,V025,P0788,2025-06-05,3,2154.12,2.1,0,0,4.1
O08207,C1083,V044,P0030,2025-10-15,1,571.95,4.4,1,0,4.0
O08208,C1596,V043,P0073,2025-10-22,2,502.32,4.8,0,0,4.6
O08209,C1266,V020,P0385,2025-12-30,2,1377.11,4.1,0,0,3.8
O08210,C1470,V081,P0912,2025-10-16,1,575.32,3.4,0,0,4.7
O08211,C1462,V016,P0294,2025-10-05,3,808.26,5.7,0,0,4.3
O08212,C0612,V070,P0440,2025-09-09,4,3135.07,5.7,1,0,4.0
O08213,C2396,V073,P0936,2025-05-18,6,2969.07,4.4,0,0,4.2
O08214,C0564,V100,P0949,2025-10-07,1,195.74,4.8,0,0,3.2
O08215,C1946,V044,P0392,2025-05-23,5,3804.57,4.2,0,0,4.4
O08216,C0443,V082,P0265,2025-05-05,5,2556.12,4.9,0,0,4.7
O08217,C1303,V078,P0858,2025-12-30,2,2411.91,2.8,0,0,4.0
O08218,C1707,V082,P0254,2025-05-22,3,4037.66,6.7,0,0,4.0
O08219,C0168,V001,P0584,2025-07-20,2,757.69,4.6,0,0,3.8
O08220,C0885,V082,P0691,2025-10-05,1,1056.41,3.0,0,0,4.1
O08221,C0612,V068,P0797,2025-08-09,1,500.78,5.7,0,0,4.6
O08222,C1554,V050,P0989,2025-10-05,2,1054.3,2.3,0,0,5.0
O08223,C0766,V033,P0832,2025-10-13,2,1554.45,7.0,1,0,3.6
O08224,C1520,V012,P0033,2025-02-11,1,1106.56,5.1,0,0,5.0
O08225,C1898,V046,P0739,2025-10-24,1,319.49,2.4,0,0,4.2
O08226,C0767,V020,P0696,2025-03-01,1,491.06,3.3,0,0,4.1
O08227,C0351,V072,P0377,2025-07-08,4,1533.08,2.7,0,0,5.0
O08228,C1353,V076,P0419,2025-07-22,2,1187.77,2.8,0,0,4.4
O08229,C2042,V028,P0116,2025-10-26,2,1686.4,4.9,0,0,4.7
O08230,C2128,V100,P0010,2025-01-27,3,3366.92,3.1,0,1,3.8
O08231,C0374,V025,P0563,2025-04-07,1,566.44,3.3,0,0,4.4
O08232,C0277,V075,P0248,2025-01-15,2,1143.17,3.9,0,0,4.5
O08233,C0517,V091,P0236,2025-02-02,1,617.87,3.2,0,0,3.7
O08234,C1426,V045,P0466,2025-02-06,2,1253.38,1.3,0,0,5.0
O08235,C0387,V096,P0174,2025-02-15,7,1963.94,7.3,0,0,3.6
O08236,C1661,V061,P0119,2025-02-11,3,1449.79,5.7,0,0,4.4
O08237,C2261,V096,P0721,2025-03-22,2,3816.76,5.1,0,0,3.9
O08238,C0296,V017,P0310,2025-11-07,3,1283.62,3.0,0,0,4.2
O08239,C1373,V048,P0904,2025-10-28,2,1692.67,4.6,0,0,4.3
O08240,C1667,V012,P0343,2025-10-15,1,450.31,3.7,1,0,4.9
O08241,C1298,V001,P0356,2025-09-06,3,695.55,5.1,0,0,4.6
O08242,C2432,V085,P0092,2025-09-04,1,307.63,3.9,0,0,3.1
O08243,C0283,V002,P0972,2025-05-09,2,845.71,4.9,0,0,3.7
O08244,C0039,V062,P0515,2025-10-09,2,1218.05,4.3,0,0,4.9
O08245,C1437,V053,P0753,2025-12-05,4,1876.59,6.2,0,1,4.5
O08246,C1226,V004,P0713,2025-11-01,1,769.44,3.5,1,0,4.2
O08247,C0975,V003,P0288,2025-01-18,1,691.01,3.0,0,0,5.0
O08248,C1044,V086,P0680,2025-12-08,3,1205.11,4.4,0,0,3.5
O08249,C0383,V098,P0855,2025-09-14,4,1386.36,3.4,1,0,4.2
O08250,C1039,V063,P0636,2025-08-10,2,677.77,1.0,0,0,4.0
O08251,C2407,V079,P0922,2025-06-22,1,322.02,3.1,0,0,4.9
O08252,C0163,V054,P0393,2025-07-17,5,5908.32,5.6,0,1,4.0
O08253,C1925,V066,P0931,2025-04-21,2,1879.87,5.5,0,0,4.7
O08254,C2415,V058,P0741,2025-04-20,4,1864.86,2.9,0,0,3.6
O08255,C2444,V093,P0491,2025-10-06,3,1248.84,3.9,1,0,4.5
O08256,C2022,V013,P0168,2025-05-01,4,1800.21,3.6,0,0,4.2
O08257,C0529,V078,P0685,2025-08-31,1,273.73,2.1,0,0,3.8
O08258,C0753,V051,P0122,2025-12-13,4,3070.54,5.3,0,0,4.6
O08259,C1477,V012,P0238,2025-06-22,2,1062.17,4.4,0,0,4.0
O08260,C1801,V093,P0330,2025-05-28,1,641.64,6.0,0,0,4.2
O08261,C1806,V038,P0478,2025-07-29,1,315.9,6.1,0,0,3.9
O08262,C1726,V065,P0735,2025-02-11,1,406.66,2.6,0,0,4.1
O08263,C1659,V019,P0209,2025-07-20,5,2527.53,3.1,0,0,4.5
O08264,C2216,V071,P0457,2025-12-23,1,1763.7,4.1,0,0,3.5
O08265,C2274,V040,P0675,2025-01-20,2,2635.19,4.6,0,0,4.0
O08266,C0568,V093,P0955,2025-10-28,1,916.12,5.4,0,0,4.3
O08267,C2015,V029,P0778,2025-05-27,1,374.99,1.0,0,0,3.4
O08268,C1043,V071,P0513,2025-10-27,3,1995.28,2.9,0,0,3.8
O08269,C0252,V066,P0931,2025-04-30,2,1858.7,5.4,0,1,4.5
O08270,C1383,V087,P0335,2025-02-13,1,541.92,4.0,0,0,4.0
O08271,C1683,V096,P0539,2025-10-07,1,1188.83,5.3,0,0,4.0
O08272,C1371,V005,P0270,2025-10-28,2,844.43,3.8,0,0,4.3
O08273,C1049,V031,P0387,2025-03-14,1,461.24,1.0,0,0,3.7
O08274,C0424,V054,P0506,2025-03-03,1,603.87,2.3,0,0,4.4
O08275,C1298,V057,P0732,2025-02-21,1,915.7,3.1,0,0,4.5
O08276,C1486,V023,P0701,2025-03-12,1,454.17,4.4,0,0,4.6
O08277,C1097,V089,P0108,2025-08-24,2,740.87,2.2,0,0,3.5
O08278,C1647,V043,P0073,2025-02-06,2,518.18,6.7,0,0,4.1
O08279,C1123,V017,P0054,2025-10-06,1,583.97,3.9,0,0,3.4
O08280,C0127,V065,P0507,2025-06-05,1,506.17,3.6,0,0,3.5
O08281,C2176,V034,P0140,2025-01-22,2,1410.23,3.5,0,0,3.5
O08282,C2023,V073,P0959,2025-01-11,1,461.95,6.2,1,0,4.2
O08283,C1008,V038,P0203,2025-10-07,1,910.11,4.3,0,0,3.6
O08284,C0887,V045,P0821,2025-05-30,3,2103.23,2.3,0,0,3.8
O08285,C0871,V051,P0935,2025-04-13,2,1667.84,4.0,0,0,4.0
O08286,C1016,V075,P0169,2025-06-05,4,3821.66,3.4,1,0,5.0
O08287,C2060,V068,P0984,2025-05-01,1,378.65,3.6,0,0,4.5
O08288,C1483,V091,P0707,2025-07-30,4,3768.07,3.6,0,0,3.3
O08289,C1521,V089,P0437,2025-06-26,3,1752.95,4.8,0,0,3.7
O08290,C0710,V084,P0220,2025-04-02,2,1888.99,8.1,0,0,3.7
O08291,C0520,V070,P0709,2025-02-23,1,354.91,7.1,1,0,4.7
O08292,C0641,V080,P0026,2025-02-21,4,2478.2,4.4,0,0,3.9
O08293,C1099,V013,P0547,2025-10-14,2,1141.98,3.4,0,0,4.4
O08294,C1691,V039,P0740,2025-12-09,5,2381.41,5.4,0,0,4.1
O08295,C2028,V078,P0841,2025-02-10,4,2026.62,2.3,0,0,3.7
O08296,C0288,V002,P0972,2025-01-23,1,460.68,5.1,1,0,3.7
O08297,C0224,V020,P0385,2025-09-12,1,653.14,3.2,0,0,3.7
O08298,C0266,V084,P0191,2025-12-08,2,1010.44,4.6,1,0,4.0
O08299,C1619,V042,P0621,2025-02-27,1,730.65,4.5,0,0,4.3
O08300,C0858,V038,P0100,2025-11-09,1,323.63,3.5,0,0,3.5
O08301,C1736,V094,P0281,2025-05-19,3,3008.12,3.7,0,0,4.0
O08302,C0058,V027,P0181,2025-11-20,1,578.45,4.3,0,0,4.0
O08303,C1648,V017,P0811,2025-02-03,5,5641.71,3.2,0,0,4.4
O08304,C2359,V079,P0303,2025-06-10,4,1699.05,2.2,0,0,4.8
O08305,C2167,V022,P0145,2025-08-09,4,955.79,4.9,0,0,3.6
O08306,C2432,V080,P0883,2025-08-29,3,1528.75,4.0,0,0,3.5
O08307,C0076,V045,P0960,2025-06-15,7,4457.87,2.5,0,0,5.0
O08308,C2323,V050,P0703,2025-08-26,4,3495.63,3.9,0,0,4.9
O08309,C0052,V019,P0447,2025-12-24,1,461.14,4.2,0,0,4.2
O08310,C0469,V046,P0004,2025-10-03,3,1630.19,1.1,0,0,3.2
O08311,C0150,V012,P0593,2025-02-04,1,639.57,3.1,1,0,4.4
O08312,C0075,V084,P0573,2025-12-30,3,1216.94,4.6,0,0,3.3
O08313,C2290,V006,P0087,2025-12-31,3,1754.39,6.5,0,0,4.0
O08314,C1189,V061,P0728,2025-05-03,5,2511.95,5.4,0,0,4.2
O08315,C2301,V024,P0606,2025-12-04,1,404.92,4.5,0,1,4.6
O08316,C2394,V011,P0924,2025-05-07,6,3494.07,3.5,0,0,4.1
O08317,C0404,V024,P0817,2025-07-21,1,313.75,4.2,1,0,4.4
O08318,C2500,V033,P0601,2025-05-22,2,1176.37,4.5,0,0,3.6
O08319,C0125,V043,P0073,2025-01-05,3,846.6,8.2,0,0,3.9
O08320,C1573,V073,P0284,2025-03-11,2,1002.44,8.1,0,0,5.0
O08321,C1064,V013,P0093,2025-05-28,3,1930.69,2.7,0,0,4.9
O08322,C0573,V082,P0336,2025-10-27,3,2062.17,5.6,0,0,3.7
O08323,C0886,V025,P0422,2025-10-04,3,1972.02,5.4,0,0,5.0
O08324,C2148,V054,P0708,2025-09-29,1,690.41,5.5,0,0,4.7
O08325,C2397,V013,P0493,2025-12-07,1,540.8,3.8,0,0,4.3
O08326,C0409,V067,P0162,2025-05-07,2,634.08,3.4,0,0,4.4
O08327,C0658,V005,P0380,2025-03-04,1,577.73,3.5,0,0,3.6
O08328,C2330,V007,P0178,2025-06-14,6,3547.93,6.5,0,0,3.9
O08329,C2240,V031,P0884,2025-11-11,1,419.56,2.6,0,0,4.3
O08330,C1255,V032,P0364,2025-08-21,2,890.23,4.4,1,0,3.9
O08331,C1353,V087,P0335,2025-12-15,4,2226.0,3.5,0,0,3.4
O08332,C2378,V021,P0315,2025-10-27,3,3566.15,4.0,0,0,4.1
O08333,C2050,V078,P0968,2025-07-29,1,327.93,4.7,0,0,3.9
O08334,C1387,V097,P0697,2025-04-29,2,497.32,6.1,0,0,4.0
O08335,C0273,V037,P0249,2025-11-23,2,364.87,4.3,0,0,3.6
O08336,C2191,V047,P0726,2025-06-15,3,1437.96,4.4,0,0,3.1
O08337,C2159,V001,P0584,2025-05-27,1,371.82,7.2,0,1,4.2
O08338,C1287,V039,P0481,2025-10-22,2,1585.89,5.7,1,0,4.5
O08339,C0487,V098,P0557,2025-06-20,3,1031.94,2.7,0,0,3.9
O08340,C1432,V006,P0180,2025-05-04,3,889.22,5.7,0,0,3.2
O08341,C0458,V073,P0976,2025-09-15,4,1819.43,5.2,0,0,3.5
O08342,C1081,V012,P0343,2025-09-03,1,458.84,3.0,0,0,4.9
O08343,C2171,V032,P0643,2025-11-23,2,1573.3,4.3,1,0,3.9
O08344,C1769,V085,P0092,2025-05-05,2,633.66,6.3,0,0,3.9
O08345,C1068,V045,P0198,2025-02-15,1,959.36,2.4,0,0,4.8
O08346,C0190,V096,P0997,2025-07-04,1,809.08,4.4,0,0,4.3
O08347,C2149,V090,P0371,2025-02-01,3,1420.85,3.9,0,0,4.0
O08348,C0930,V086,P0411,2025-04-03,3,1982.38,3.1,0,0,3.0
O08349,C0537,V046,P0664,2025-12-01,1,842.43,2.4,0,1,4.0
O08350,C0449,V057,P0418,2025-07-25,1,622.55,5.7,0,0,4.3
O08351,C0946,V071,P0513,2025-01-23,4,2848.12,3.1,0,0,3.7
O08352,C0769,V006,P0087,2025-01-26,3,1539.7,8.4,0,0,4.2
O08353,C0697,V032,P0354,2025-06-06,4,2179.33,7.1,0,0,5.0
O08354,C1673,V025,P0034,2025-06-17,3,750.55,5.5,0,0,4.3
O08355,C2331,V031,P0201,2025-08-12,1,259.95,2.8,0,0,4.6
O08356,C2298,V095,P0118,2025-01-22,2,1659.75,6.4,0,0,4.6
O08357,C0489,V024,P0723,2025-02-08,1,284.1,3.3,0,0,4.5
O08358,C1195,V043,P0583,2025-06-01,5,5410.08,6.5,1,0,4.7
O08359,C1873,V026,P0133,2025-03-05,1,494.62,5.0,0,0,3.7
O08360,C0391,V059,P0969,2025-12-26,2,969.29,2.6,0,0,4.1
O08361,C1117,V036,P0334,2025-05-08,3,1011.48,3.8,0,0,3.9
O08362,C1330,V043,P0073,2025-11-14,2,503.36,5.9,0,0,4.3
O08363,C0800,V086,P0551,2025-03-13,2,801.6,2.6,0,0,4.1
O08364,C0474,V098,P0855,2025-01-14,1,300.33,1.8,0,0,3.9
O08365,C1197,V007,P0178,2025-01-03,1,613.66,4.4,0,0,4.2
O08366,C0424,V040,P0210,2025-06-02,1,816.96,2.8,0,0,3.8
O08367,C1675,V025,P0422,2025-04-21,2,1356.97,4.2,0,0,5.0
O08368,C2212,V020,P0090,2025-02-01,3,2233.53,3.7,0,0,3.8
O08369,C1017,V065,P0416,2025-09-30,1,1168.61,3.7,0,0,4.2
O08370,C1953,V081,P0227,2025-01-08,4,4106.71,5.2,0,0,4.5
O08371,C2104,V082,P0336,2025-09-07,1,716.58,3.4,0,1,4.6
O08372,C0344,V017,P0212,2025-02-13,2,807.33,4.5,0,0,3.9
O08373,C0605,V034,P0079,2025-11-08,1,415.31,2.9,0,0,3.6
O08374,C1899,V035,P0868,2025-10-29,2,904.83,3.4,0,0,4.0
O08375,C2493,V076,P0360,2025-02-03,3,665.64,5.6,0,0,4.4
O08376,C0909,V070,P0084,2025-07-13,2,1176.67,5.7,0,0,4.2
O08377,C1503,V040,P0041,2025-09-04,5,3344.17,2.5,0,0,3.5
O08378,C1148,V011,P0851,2025-05-03,1,874.78,5.1,0,0,4.1
O08379,C2119,V024,P0606,2025-07-28,2,753.32,4.2,0,0,5.0
O08380,C1373,V100,P0400,2025-09-21,1,1253.63,5.0,0,1,3.8
O08381,C0410,V065,P0509,2025-02-18,1,378.56,3.6,0,0,3.8
O08382,C1465,V096,P0997,2025-04-08,2,1790.11,4.8,0,1,3.6
O08383,C2344,V005,P0423,2025-11-05,1,617.38,6.2,0,0,4.2
O08384,C0736,V021,P0503,2025-04-23,2,847.94,5.3,0,0,4.9
O08385,C1541,V093,P0572,2025-11-28,2,2114.89,1.4,0,0,3.9
O08386,C1025,V059,P0622,2025-10-24,1,473.41,4.3,0,0,3.7
O08387,C2299,V009,P0445,2025-10-24,2,1302.42,3.5,1,0,4.9
O08388,C2060,V017,P0290,2025-11-01,2,357.65,3.0,0,1,4.0
O08389,C2094,V058,P0808,2025-08-07,3,1072.97,2.5,0,0,3.5
O08390,C0558,V080,P0866,2025-02-18,1,389.44,5.5,0,0,4.0
O08391,C1484,V019,P0187,2025-05-04,1,364.04,4.3,1,0,4.8
O08392,C0863,V060,P0043,2025-01-30,4,1392.33,3.8,0,0,4.5
O08393,C2287,V044,P0207,2025-11-03,4,2725.45,3.7,0,0,4.6
O08394,C1163,V089,P0415,2025-12-18,1,813.24,2.7,1,0,3.6
O08395,C2255,V095,P0340,2025-11-05,2,3789.69,5.8,0,0,3.9
O08396,C1015,V081,P0618,2025-05-06,2,1348.57,3.8,0,0,3.5
O08397,C0676,V054,P0027,2025-04-15,1,336.12,4.2,0,0,4.2
O08398,C0604,V069,P0258,2025-08-30,1,227.75,4.4,0,0,4.2
O08399,C0441,V050,P0989,2025-07-07,1,586.02,5.9,0,0,4.9
O08400,C1923,V094,P0137,2025-05-31,1,363.72,3.2,0,0,4.4
O08401,C0954,V069,P0258,2025-10-19,2,421.97,5.1,1,0,4.6
O08402,C1871,V054,P0498,2025-04-13,1,482.27,6.3,0,0,4.6
O08403,C0366,V013,P0143,2025-12-03,5,3390.35,3.4,0,0,4.5
O08404,C2111,V026,P0476,2025-01-23,1,211.79,3.5,0,0,4.7
O08405,C0981,V077,P0881,2025-10-01,3,1038.66,5.2,0,0,5.0
O08406,C0040,V025,P0800,2025-12-23,2,2291.22,6.4,0,0,4.2
O08407,C0913,V029,P0778,2025-03-06,3,1354.96,2.5,1,0,3.7
O08408,C0769,V072,P0199,2025-10-23,1,465.99,5.3,0,0,3.7
O08409,C1532,V079,P0647,2025-05-24,5,2743.97,2.8,0,0,4.5
O08410,C1227,V070,P0084,2025-01-08,4,2517.76,3.5,0,0,3.9
O08411,C0237,V090,P0048,2025-07-11,3,1109.43,3.2,1,0,3.2
O08412,C2121,V094,P0998,2025-09-12,4,1699.8,5.3,1,0,4.9
O08413,C0802,V004,P0047,2025-12-21,4,2404.71,4.1,1,0,4.1
O08414,C0785,V074,P0714,2025-03-25,1,1058.52,1.9,0,0,3.9
O08415,C0530,V026,P0133,2025-05-20,4,1859.32,2.6,0,0,3.3
O08416,C1833,V013,P0412,2025-03-23,2,807.62,3.7,0,0,4.6
O08417,C1574,V086,P0679,2025-05-12,4,1276.42,3.5,0,0,3.8
O08418,C0757,V093,P0955,2025-11-09,3,2680.68,6.1,0,0,3.9
O08419,C0894,V063,P0930,2025-04-26,1,1387.14,1.7,0,0,4.7
O08420,C1129,V069,P0163,2025-07-08,1,214.0,4.5,0,0,4.7
O08421,C0505,V048,P0558,2025-07-01,2,1602.64,6.2,0,0,4.8
O08422,C2316,V080,P0883,2025-01-04,1,482.49,5.9,0,0,3.1
O08423,C0913,V046,P0443,2025-02-28,1,465.67,3.6,0,0,3.9
O08424,C0646,V039,P0455,2025-03-22,1,955.38,6.8,0,0,4.5
O08425,C0220,V082,P0301,2025-10-24,1,531.95,5.1,0,0,4.2
O08426,C2430,V096,P0174,2025-02-11,4,1238.24,3.7,0,0,4.2
O08427,C1616,V094,P0744,2025-08-28,3,2086.94,4.3,0,0,4.6
O08428,C0150,V086,P0551,2025-08-02,1,469.41,3.3,0,0,4.1
O08429,C1047,V098,P0576,2025-04-07,3,1391.26,3.3,0,0,3.9
O08430,C2440,V018,P0973,2025-01-25,4,5539.04,6.0,0,0,3.8
O08431,C0148,V010,P0901,2025-07-22,1,621.53,5.8,0,0,4.7
O08432,C0865,V078,P0545,2025-06-22,1,1041.95,5.1,0,0,2.9
O08433,C0471,V032,P0971,2025-08-27,1,1719.74,3.5,0,0,4.3
O08434,C1545,V004,P0713,2025-12-15,2,1599.13,1.5,0,0,3.9
O08435,C0775,V051,P0016,2025-12-15,4,1854.72,4.1,0,0,4.5
O08436,C0113,V043,P0657,2025-03-12,4,2591.69,5.3,0,0,3.5
O08437,C0416,V093,P0920,2025-05-28,2,881.27,3.2,0,0,4.2
O08438,C1306,V080,P0660,2025-03-31,4,5218.07,4.3,0,0,3.5
O08439,C0548,V021,P0553,2025-11-18,3,1192.58,2.5,0,0,4.2
O08440,C1161,V021,P0158,2025-06-19,4,1885.7,5.2,0,0,3.7
O08441,C2022,V081,P0618,2025-10-07,3,1890.84,4.0,0,0,4.3
O08442,C0160,V020,P0470,2025-06-08,2,1327.21,5.0,0,0,4.1
O08443,C1573,V044,P0875,2025-09-01,4,2144.54,4.0,0,0,3.7
O08444,C2082,V004,P0297,2025-05-19,1,346.35,2.0,0,0,3.7
O08445,C0286,V091,P0323,2025-07-19,2,939.21,2.2,0,0,4.0
O08446,C0408,V095,P0311,2025-04-09,1,228.7,4.9,1,0,4.2
O08447,C0296,V023,P0115,2025-10-06,3,743.07,2.0,0,0,3.8
O08448,C2379,V074,P0139,2025-11-13,2,1140.52,2.4,0,0,4.2
O08449,C2424,V085,P0098,2025-11-17,2,813.63,7.1,1,0,4.2
O08450,C2162,V020,P0385,2025-11-27,2,1075.87,5.8,0,0,4.2
O08451,C1273,V003,P0895,2025-06-06,1,258.9,4.3,0,0,3.8
O08452,C0385,V021,P0784,2025-03-08,1,547.59,5.1,0,0,4.1
O08453,C2030,V023,P0764,2025-09-09,4,2126.63,2.4,0,0,4.9
O08454,C1805,V088,P0671,2025-02-15,2,1045.48,2.8,0,0,5.0
O08455,C2174,V036,P0608,2025-10-04,1,542.91,3.9,0,0,4.4
O08456,C1902,V092,P0152,2025-11-27,3,2054.17,6.7,0,0,4.6
O08457,C0854,V098,P0557,2025-10-02,6,1710.48,5.7,0,0,3.9
O08458,C1771,V024,P0699,2025-03-02,1,1053.05,2.7,0,0,4.2
O08459,C1769,V099,P0230,2025-09-09,4,1861.46,4.0,0,0,4.3
O08460,C2191,V089,P0206,2025-03-15,1,784.2,3.9,0,0,4.5
O08461,C1391,V066,P0432,2025-03-23,4,2119.56,4.7,0,0,3.9
O08462,C1066,V100,P0609,2025-03-07,1,544.38,4.8,0,0,3.7
O08463,C1840,V009,P0075,2025-10-30,1,596.63,3.6,0,0,4.2
O08464,C1239,V082,P0426,2025-03-18,1,811.81,6.1,0,0,3.5
O08465,C0748,V044,P0875,2025-02-14,2,1088.85,5.8,0,0,4.1
O08466,C2107,V075,P0846,2025-04-10,3,2388.65,4.0,0,0,4.2
O08467,C0445,V095,P0215,2025-05-24,1,779.66,5.0,0,0,4.6
O08468,C0839,V067,P0357,2025-06-06,1,352.38,3.9,0,0,3.7
O08469,C1320,V086,P0809,2025-09-19,2,2315.01,4.7,0,0,4.5
O08470,C0739,V059,P0569,2025-05-08,4,1986.6,3.9,0,0,3.8
O08471,C1556,V080,P0298,2025-01-09,1,1556.34,5.1,0,0,3.9
O08472,C2286,V001,P0356,2025-05-02,1,244.66,4.5,1,0,4.5
O08473,C2388,V100,P0939,2025-10-14,1,345.93,5.0,0,1,3.9
O08474,C2012,V039,P0928,2025-05-21,3,2313.75,4.0,0,0,4.7
O08475,C0994,V047,P0244,2025-03-19,1,323.14,4.6,0,0,4.0
O08476,C0693,V070,P0355,2025-11-15,3,1796.8,4.6,0,0,5.0
O08477,C1950,V039,P0175,2025-03-03,1,604.18,5.5,0,0,4.7
O08478,C1957,V047,P0333,2025-03-04,1,494.88,3.2,0,0,4.3
O08479,C1383,V036,P0598,2025-04-16,3,1177.03,6.1,0,0,2.7
O08480,C0614,V037,P0695,2025-10-18,4,3630.04,4.3,0,0,4.3
O08481,C0359,V047,P0245,2025-12-04,1,500.49,4.1,0,0,4.0
O08482,C0663,V036,P0603,2025-01-26,1,344.61,4.0,0,0,3.4
O08483,C1783,V065,P0735,2025-03-31,3,937.59,1.9,0,0,4.3
O08484,C0386,V067,P0954,2025-06-03,1,1085.85,3.6,0,0,3.7
O08485,C2039,V001,P0829,2025-05-12,4,1448.08,8.2,0,0,4.5
O08486,C0486,V001,P0441,2025-05-11,2,717.08,6.9,0,0,4.7
O08487,C2017,V069,P0258,2025-06-07,1,235.01,1.7,0,0,4.1
O08488,C2367,V078,P0841,2025-01-29,1,446.39,2.1,0,0,3.8
O08489,C1137,V009,P0653,2025-07-30,2,890.71,4.4,0,0,4.8
O08490,C0498,V047,P0333,2025-04-27,1,591.49,2.3,0,0,4.1
O08491,C2102,V037,P0654,2025-01-11,5,3038.78,2.3,0,0,4.0
O08492,C0849,V063,P0467,2025-05-05,2,560.95,3.2,0,0,4.2
O08493,C2288,V091,P0644,2025-09-06,3,922.02,3.3,0,0,2.7
O08494,C2485,V074,P0907,2025-10-23,1,290.9,4.1,0,1,4.5
O08495,C1458,V057,P0732,2025-10-16,3,2321.32,4.6,0,0,5.0
O08496,C2194,V027,P0758,2025-08-05,2,3556.15,1.8,0,0,3.7
O08497,C1972,V050,P0099,2025-12-27,1,195.2,3.7,0,0,4.7
O08498,C1997,V015,P0950,2025-07-23,1,415.5,4.8,0,0,4.6
O08499,C1811,V077,P0062,2025-02-24,4,1443.18,4.0,1,0,4.4
O08500,C0869,V052,P0667,2025-12-21,3,1154.16,4.8,0,0,4.5
O08501,C2492,V085,P0345,2025-09-30,1,217.4,5.0,0,1,3.3
O08502,C1767,V065,P0417,2025-08-04,1,526.74,3.9,0,0,4.4
O08503,C0098,V015,P0184,2025-04-16,3,2636.39,4.2,0,0,4.2
O08504,C0961,V021,P0431,2025-09-06,1,264.52,4.2,0,0,4.1
O08505,C0583,V009,P0568,2025-07-24,1,665.98,5.6,0,0,4.3
O08506,C0408,V076,P0761,2025-10-02,3,1981.24,3.7,0,0,4.7
O08507,C1892,V033,P0554,2025-08-09,1,377.99,4.3,0,0,4.4
O08508,C1926,V051,P0190,2025-06-21,1,579.88,2.7,0,0,4.8
O08509,C1132,V045,P0198,2025-10-12,1,946.35,3.6,0,0,5.0
O08510,C0793,V028,P0373,2025-03-31,1,644.58,6.2,0,0,3.1
O08511,C0755,V076,P0031,2025-05-18,2,1296.76,4.6,0,0,4.8
O08512,C0110,V055,P0555,2025-12-07,2,1058.87,4.1,0,1,4.1
O08513,C0836,V057,P0706,2025-01-20,3,2875.31,2.0,0,0,4.0
O08514,C0328,V058,P0267,2025-12-15,1,428.5,4.0,0,0,4.6
O08515,C0023,V066,P0102,2025-05-13,1,666.38,3.7,0,0,5.0
O08516,C0155,V038,P0295,2025-03-14,2,2293.74,4.9,0,0,3.8
O08517,C0042,V052,P0956,2025-07-29,1,793.87,3.1,0,0,4.8
O08518,C1995,V086,P0679,2025-10-06,1,319.38,5.4,0,0,4.1
O08519,C0564,V029,P0058,2025-04-09,1,291.61,4.6,0,0,3.2
O08520,C0438,V009,P0445,2025-08-05,3,1550.06,3.6,1,0,3.8
O08521,C1060,V077,P0865,2025-07-29,1,1181.68,4.2,0,0,4.1
O08522,C1498,V074,P0890,2025-11-19,2,456.97,4.8,0,1,4.4
O08523,C2141,V006,P0066,2025-07-18,4,2381.32,6.6,0,0,4.1
O08524,C0724,V091,P0644,2025-04-20,2,555.33,4.7,0,0,2.9
O08525,C2062,V017,P0028,2025-04-06,1,366.96,2.2,0,0,3.9
O08526,C0609,V074,P0890,2025-11-21,4,1106.47,3.9,0,0,4.3
O08527,C0577,V013,P0537,2025-02-28,3,1297.22,3.2,0,0,3.9
O08528,C0401,V098,P0576,2025-08-03,1,601.44,3.7,0,0,3.8
O08529,C2220,V099,P0567,2025-01-07,8,4453.23,5.0,0,0,3.9
O08530,C0399,V071,P0457,2025-11-06,1,1609.76,4.4,0,0,4.0
O08531,C0465,V092,P0628,2025-09-26,5,2295.58,6.8,0,0,4.6
O08532,C1350,V031,P0899,2025-05-19,1,312.73,2.7,0,0,5.0
O08533,C0602,V013,P0412,2025-11-14,4,1785.57,3.4,1,0,4.2
O08534,C2083,V081,P0346,2025-09-07,1,482.99,3.5,0,0,4.0
O08535,C0212,V034,P0079,2025-11-29,4,1640.31,1.8,0,0,3.7
O08536,C2165,V032,P0494,2025-08-07,1,638.07,2.9,0,0,4.5
O08537,C1153,V073,P0976,2025-05-04,1,380.6,5.6,0,0,4.4
O08538,C2457,V011,P0631,2025-10-17,2,508.32,3.9,0,0,4.8
O08539,C1280,V042,P0756,2025-02-09,3,1730.09,2.7,0,0,4.0
O08540,C0057,V020,P0385,2025-04-05,3,2083.67,3.9,0,0,4.8
O08541,C1640,V036,P0372,2025-02-01,1,984.09,3.3,0,0,4.4
O08542,C2048,V078,P0545,2025-01-27,3,3306.33,3.9,0,0,3.7
O08543,C1341,V039,P0848,2025-04-16,3,1083.67,5.2,0,1,4.8
O08544,C1999,V004,P0319,2025-04-01,3,1054.54,2.3,0,0,4.9
O08545,C2007,V009,P0075,2025-08-16,5,2636.85,4.2,0,0,4.0
O08546,C2326,V041,P0585,2025-09-20,5,3552.39,3.8,0,0,3.4
O08547,C1165,V041,P0014,2025-11-30,2,1226.6,2.5,0,0,3.8
O08548,C0167,V053,P0257,2025-11-05,2,1645.65,5.0,0,0,3.6
O08549,C0433,V002,P0783,2025-10-14,3,1358.71,3.7,0,0,3.4
O08550,C0854,V026,P0133,2025-09-18,3,1412.16,4.9,0,0,3.8
O08551,C1111,V032,P0971,2025-01-26,2,3439.16,5.3,0,0,4.2
O08552,C1405,V092,P0436,2025-08-31,2,1907.5,4.8,0,0,3.5
O08553,C0300,V037,P0452,2025-12-13,1,385.61,4.5,0,0,4.1
O08554,C1828,V025,P0914,2025-01-30,2,1293.54,2.6,0,0,4.2
O08555,C0575,V097,P0705,2025-12-07,1,570.52,6.8,0,0,4.6
O08556,C1624,V034,P0981,2025-08-19,1,515.09,2.1,0,0,4.4
O08557,C1438,V048,P0051,2025-02-05,1,796.32,4.2,0,0,3.7
O08558,C1951,V041,P0530,2025-07-21,1,608.33,3.9,0,0,3.8
O08559,C0470,V059,P0235,2025-03-11,3,1814.16,5.4,1,0,3.1
O08560,C1289,V046,P0438,2025-10-04,3,2799.77,2.7,0,0,3.3
O08561,C1957,V066,P0432,2025-01-04,1,484.19,4.2,0,0,3.6
O08562,C0702,V046,P0534,2025-11-02,1,465.26,1.7,0,1,3.2
O08563,C2394,V009,P0568,2025-07-11,2,1137.68,5.6,0,0,3.9
O08564,C0901,V026,P0813,2025-08-19,6,4005.23,4.4,0,0,4.6
O08565,C0988,V032,P0364,2025-07-17,3,1109.66,5.7,0,0,4.3
O08566,C2283,V003,P0895,2025-03-31,3,661.87,3.3,0,0,4.1
O08567,C1459,V096,P0926,2025-08-16,2,1605.13,4.8,0,1,4.0
O08568,C0460,V088,P0671,2025-01-30,2,858.37,4.8,0,1,4.8
O08569,C2411,V051,P0349,2025-08-31,2,1712.41,4.4,0,0,3.6
O08570,C2285,V067,P0162,2025-11-01,2,635.21,4.8,0,1,3.6
O08571,C0875,V071,P0457,2025-03-14,2,3470.08,1.0,0,0,3.7
O08572,C1276,V011,P0924,2025-08-14,2,1234.55,3.0,0,0,4.4
O08573,C1109,V054,P0383,2025-04-10,2,908.95,3.8,0,0,4.4
O08574,C0638,V074,P0096,2025-03-26,1,490.93,2.5,0,0,4.1
O08575,C2145,V074,P0690,2025-03-27,3,3507.36,2.0,0,0,4.2
O08576,C0472,V089,P0057,2025-11-06,1,495.8,3.5,0,0,4.2
O08577,C2066,V016,P0167,2025-05-14,3,898.33,5.8,0,0,4.4
O08578,C2263,V001,P0356,2025-06-26,2,441.54,7.7,0,0,4.4
O08579,C0685,V090,P0331,2025-08-12,1,1178.63,3.7,0,0,4.9
O08580,C2414,V085,P0892,2025-04-02,2,1099.49,4.5,0,0,3.8
O08581,C1989,V039,P0928,2025-11-29,2,1283.57,4.7,0,0,4.8
O08582,C0620,V087,P0395,2025-08-18,2,651.05,4.3,0,0,4.2
O08583,C1549,V039,P0455,2025-02-21,2,1564.44,3.5,0,0,4.3
O08584,C2309,V033,P0832,2025-11-19,4,3279.72,4.1,0,0,4.3
O08585,C0554,V074,P0690,2025-12-19,1,1161.8,2.0,0,1,4.3
O08586,C0388,V050,P0882,2025-10-07,4,2919.67,5.2,0,0,5.0
O08587,C1423,V005,P0615,2025-04-24,1,650.65,4.1,1,0,4.3
O08588,C2423,V071,P0015,2025-06-02,3,1470.74,3.1,0,0,3.8
O08589,C1839,V077,P0062,2025-12-03,1,380.25,5.5,0,0,4.1
O08590,C2369,V017,P0290,2025-03-13,1,176.02,3.8,0,0,4.4
O08591,C1329,V013,P0135,2025-08-21,3,1651.84,4.9,0,0,4.3
O08592,C2145,V003,P0895,2025-05-13,4,930.06,3.6,0,0,4.5
O08593,C1222,V022,P0766,2025-06-30,1,1501.72,4.8,1,0,3.6
O08594,C0408,V026,P0272,2025-03-29,1,619.14,4.1,0,0,4.8
O08595,C2466,V048,P0430,2025-01-09,2,972.54,5.1,0,0,3.8
O08596,C1071,V067,P0954,2025-11-19,2,2207.26,3.5,0,0,3.6
O08597,C0887,V065,P0600,2025-10-08,3,1572.91,4.5,1,0,4.0
O08598,C2367,V032,P0364,2025-02-02,1,463.75,5.4,0,0,4.3
O08599,C2276,V071,P0129,2025-06-21,3,2108.3,1.9,0,0,3.8
O08600,C1031,V084,P0332,2025-06-28,2,520.91,6.0,0,0,4.4
O08601,C1895,V025,P0807,2025-03-10,1,648.59,3.4,0,0,5.0
O08602,C2321,V100,P0869,2025-05-19,1,260.56,4.8,0,0,3.9
O08603,C0175,V072,P0199,2025-01-24,4,1963.5,4.5,0,0,4.7
O08604,C0145,V091,P0095,2025-08-08,2,636.58,4.3,0,0,3.3
O08605,C0978,V079,P0794,2025-01-03,2,987.8,2.5,0,0,3.2
O08606,C2019,V069,P0550,2025-07-17,2,981.61,3.2,0,0,4.2
O08607,C1402,V036,P0334,2025-10-08,4,1371.43,2.4,0,0,4.2
O08608,C0575,V009,P0075,2025-08-08,2,1114.09,4.7,0,0,3.9
O08609,C1888,V065,P0509,2025-07-18,4,1376.17,4.0,0,0,4.0
O08610,C1794,V082,P0691,2025-03-18,2,1894.02,3.2,0,0,3.7
O08611,C0026,V052,P0667,2025-11-02,3,1185.6,4.1,0,0,3.8
O08612,C2083,V024,P0472,2025-07-27,2,1014.67,4.3,0,0,4.1
O08613,C0580,V006,P0136,2025-06-03,3,945.23,5.3,0,0,3.3
O08614,C1887,V086,P0551,2025-02-07,3,1578.66,4.1,0,0,3.9
O08615,C1633,V047,P0611,2025-02-05,1,888.38,3.7,0,0,3.9
O08616,C2375,V100,P0010,2025-01-17,4,4934.9,3.1,0,0,4.3
O08617,C1680,V009,P0445,2025-05-27,1,588.54,3.2,0,0,4.3
O08618,C2432,V076,P0774,2025-02-21,2,1825.07,2.9,0,0,4.3
O08619,C1818,V013,P0763,2025-11-24,2,1383.07,2.2,0,0,5.0
O08620,C1662,V045,P0061,2025-09-27,1,295.99,2.6,0,0,4.2
O08621,C0827,V022,P0145,2025-05-01,1,234.67,5.1,0,0,3.7
O08622,C0328,V068,P0978,2025-01-30,2,1848.22,4.3,0,0,3.9
O08623,C2240,V043,P0020,2025-07-02,2,2191.58,6.4,0,0,4.0
O08624,C2401,V028,P0373,2025-08-15,1,665.94,4.5,0,0,3.5
O08625,C0523,V080,P0518,2025-07-13,1,1502.39,3.0,0,1,4.0
O08626,C2020,V013,P0522,2025-12-05,1,807.09,5.1,0,0,4.1
O08627,C1893,V025,P0563,2025-04-04,1,526.03,4.3,0,0,4.1
O08628,C2024,V027,P0877,2025-05-24,3,720.2,2.7,0,0,3.5
O08629,C1237,V087,P0499,2025-12-17,3,1376.01,5.7,0,0,5.0
O08630,C0799,V065,P0586,2025-08-08,4,1872.28,2.9,1,0,5.0
O08631,C0565,V025,P0563,2025-02-08,1,520.9,4.1,0,0,4.4
O08632,C1298,V040,P0754,2025-08-27,3,756.37,5.1,0,0,4.2
O08633,C1948,V082,P0683,2025-10-01,2,1597.53,3.7,1,0,4.9
O08634,C1359,V054,P0308,2025-05-26,1,325.73,4.8,0,0,4.2
O08635,C1153,V003,P0023,2025-03-02,2,2087.95,3.5,0,0,4.8
O08636,C2446,V095,P0002,2025-04-09,1,291.79,4.8,0,0,4.1
O08637,C0987,V080,P0660,2025-01-25,4,4326.16,7.1,0,0,4.1
O08638,C0769,V021,P0887,2025-12-27,4,1318.25,5.1,0,0,3.9
O08639,C0865,V025,P0422,2025-02-28,3,1776.4,3.6,0,0,5.0
O08640,C1748,V007,P0485,2025-04-01,1,530.65,5.4,0,0,4.2
O08641,C2223,V034,P0140,2025-06-11,1,733.29,2.4,0,1,3.8
O08642,C1328,V066,P0729,2025-03-31,1,437.44,5.0,0,0,4.6
O08643,C0113,V013,P0537,2025-07-12,5,2031.21,3.5,0,0,3.9
O08644,C0456,V031,P0387,2025-06-18,3,1625.77,1.9,0,0,4.1
O08645,C2445,V099,P0567,2025-01-18,3,1422.28,4.1,0,0,4.7
O08646,C1503,V057,P0732,2025-01-01,1,850.63,3.9,0,0,4.9
O08647,C0040,V090,P0331,2025-08-05,1,1156.85,4.7,0,0,3.7
O08648,C0051,V081,P0912,2025-10-18,1,482.69,5.0,0,0,4.0
O08649,C0177,V063,P0636,2025-11-24,3,951.8,3.1,0,0,4.0
O08650,C2221,V062,P0983,2025-12-10,1,1413.32,4.8,0,0,4.2
O08651,C1449,V019,P0508,2025-02-28,1,274.78,3.3,0,0,4.8
O08652,C0627,V097,P0456,2025-10-24,1,413.86,6.7,0,1,4.3
O08653,C1875,V062,P0515,2025-11-28,1,521.42,3.8,0,0,4.2
O08654,C2220,V063,P0321,2025-04-21,4,1319.19,1.6,1,0,4.6
O08655,C1187,V051,P0190,2025-06-19,4,2000.81,3.5,0,0,4.5
O08656,C2488,V060,P0536,2025-01-12,4,3113.52,3.4,0,0,3.9
O08657,C2256,V082,P0974,2025-12-06,1,618.78,3.9,0,0,4.1
O08658,C1796,V066,P0102,2025-05-04,1,665.16,3.7,0,0,5.0
O08659,C1451,V060,P0995,2025-09-17,2,744.32,5.2,0,0,4.0
O08660,C1869,V056,P0646,2025-04-18,2,672.04,3.6,0,1,4.0
O08661,C1362,V046,P0534,2025-01-08,1,475.14,2.2,0,0,3.8
O08662,C0890,V055,P0862,2025-09-28,3,2057.21,1.0,0,0,3.8
O08663,C0664,V008,P0398,2025-12-03,1,395.22,4.6,0,0,4.1
O08664,C0522,V005,P0615,2025-06-24,3,1961.52,3.7,0,0,3.6
O08665,C0551,V060,P0124,2025-06-22,3,2434.38,2.1,0,0,3.5
O08666,C1187,V096,P0997,2025-04-04,3,2714.1,6.1,0,0,4.2
O08667,C2308,V064,P0812,2025-08-29,3,2298.95,4.3,0,0,3.7
O08668,C1657,V093,P0572,2025-03-03,7,6169.44,5.7,0,1,3.9
O08669,C1526,V081,P0346,2025-10-02,2,859.06,4.5,0,0,4.1
O08670,C2155,V025,P0788,2025-02-11,3,1899.5,3.7,0,1,4.8
O08671,C1288,V097,P0751,2025-09-08,1,341.37,4.3,0,0,4.4
O08672,C0178,V070,P0084,2025-03-22,3,1637.47,4.4,0,0,4.6
O08673,C1930,V089,P0205,2025-09-04,3,2245.16,2.9,0,0,4.8
O08674,C1605,V047,P0164,2025-09-29,1,287.95,2.9,0,0,3.7
O08675,C0819,V097,P0322,2025-03-07,2,948.09,5.9,0,0,4.8
O08676,C1867,V016,P0501,2025-09-24,1,377.19,5.7,0,0,4.9
O08677,C0798,V059,P0123,2025-08-23,1,495.04,1.7,0,0,3.9
O08678,C0156,V020,P0154,2025-12-28,6,4130.09,4.8,0,0,3.5
O08679,C2021,V038,P0561,2025-07-22,2,754.84,4.7,0,0,4.4
O08680,C1469,V014,P0421,2025-12-20,3,2308.91,1.3,0,0,4.1
O08681,C2048,V087,P0499,2025-03-03,3,1373.61,4.8,0,0,5.0
O08682,C2260,V062,P0727,2025-10-11,2,901.64,5.5,0,0,4.5
O08683,C1772,V087,P0648,2025-05-17,3,2010.82,3.8,0,0,4.1
O08684,C0511,V100,P0097,2025-07-11,2,1757.63,2.6,0,0,4.4
O08685,C1052,V097,P0256,2025-07-29,3,1818.11,5.8,0,0,3.1
O08686,C1380,V029,P0101,2025-02-06,3,1089.78,3.8,1,0,3.3
O08687,C0615,V027,P0877,2025-04-25,3,719.86,3.2,0,0,2.9
O08688,C1727,V048,P0051,2025-08-03,1,655.82,7.9,0,0,4.3
O08689,C0039,V051,P0935,2025-01-22,3,2085.22,5.8,0,0,4.7
O08690,C0254,V024,P0859,2025-09-03,1,406.9,4.5,1,0,5.0
O08691,C2228,V009,P0568,2025-08-26,5,3460.24,5.3,0,0,4.2
O08692,C2061,V024,P0177,2025-01-31,1,619.07,6.3,0,0,3.9
O08693,C1965,V062,P0037,2025-04-02,4,665.7,6.0,0,1,4.0
O08694,C0434,V028,P0373,2025-07-03,2,1338.09,3.1,0,0,4.1
O08695,C0677,V031,P0458,2025-12-18,3,1796.66,3.1,0,0,3.9
O08696,C1088,V079,P0794,2025-10-02,3,1462.89,1.9,0,0,4.4
O08697,C1769,V051,P0016,2025-11-29,1,562.26,4.0,0,0,5.0
O08698,C2172,V001,P0482,2025-02-18,1,288.38,5.7,0,0,4.5
O08699,C1554,V078,P0545,2025-09-10,4,3981.54,3.9,0,0,3.4
O08700,C1573,V021,P0378,2025-06-29,2,723.68,3.7,0,0,3.9
O08701,C1287,V019,P0187,2025-01-07,1,502.14,3.3,0,0,4.4
O08702,C2148,V086,P0809,2025-07-10,1,926.59,5.1,0,0,4.6
O08703,C1805,V051,P0496,2025-02-27,1,631.42,4.5,1,0,4.4
O08704,C0310,V053,P0257,2025-07-11,2,1620.26,4.4,0,0,4.3
O08705,C1551,V021,P0887,2025-09-29,1,329.32,3.6,0,0,3.5
O08706,C1191,V065,P0171,2025-11-02,4,3782.98,5.3,0,0,3.9
O08707,C0999,V053,P0710,2025-12-16,2,2681.23,4.2,0,1,4.5
O08708,C0376,V086,P0160,2025-05-21,3,4721.32,2.3,0,0,3.8
O08709,C1389,V080,P0026,2025-12-22,1,476.7,6.2,0,0,4.3
O08710,C2459,V016,P0193,2025-02-16,3,2598.73,4.3,0,0,3.5
O08711,C0702,V017,P0769,2025-05-27,4,2020.36,3.1,0,0,3.7
O08712,C0397,V051,P0687,2025-08-20,3,1249.41,3.8,0,0,3.9
O08713,C1942,V009,P0653,2025-05-28,5,2316.72,4.7,0,0,4.3
O08714,C2460,V015,P0876,2025-10-17,2,2229.09,3.8,0,0,4.8
O08715,C1519,V043,P0630,2025-07-16,5,5025.53,6.8,0,0,4.7
O08716,C2420,V051,P0818,2025-01-27,3,2337.85,4.2,0,0,4.7
O08717,C1470,V079,P0922,2025-09-06,1,412.74,3.3,0,0,5.0
O08718,C0438,V083,P0460,2025-03-30,4,5701.94,4.3,1,0,3.9
O08719,C1107,V025,P0563,2025-07-16,1,634.38,2.9,0,0,5.0
O08720,C1891,V014,P0850,2025-07-26,1,590.93,3.4,0,0,3.1
O08721,C2437,V031,P0458,2025-05-13,3,1976.74,3.9,0,1,3.6
O08722,C1472,V075,P0684,2025-02-18,1,380.22,3.1,0,0,4.3
O08723,C1454,V091,P0475,2025-03-24,1,993.97,3.4,0,0,3.7
O08724,C0365,V018,P0614,2025-05-09,1,756.72,6.5,0,0,4.3
O08725,C0961,V047,P0726,2025-04-10,1,484.65,3.8,0,0,3.5
O08726,C0701,V051,P0496,2025-11-07,1,599.56,3.6,0,0,4.1
O08727,C1824,V044,P0337,2025-05-19,1,917.1,4.8,0,0,3.2
O08728,C1830,V041,P0693,2025-09-30,5,1812.67,2.7,0,0,4.4
O08729,C1589,V067,P0357,2025-10-03,2,568.85,1.6,0,0,3.9
O08730,C1931,V065,P0966,2025-01-18,1,957.88,3.4,1,0,4.6
O08731,C2158,V047,P0435,2025-11-20,2,920.79,5.4,0,0,3.9
O08732,C1312,V069,P0711,2025-03-25,1,227.93,4.2,0,1,3.8
O08733,C0416,V065,P0637,2025-07-15,3,1591.0,2.9,0,0,5.0
O08734,C2192,V001,P0829,2025-08-25,1,318.36,5.3,0,0,4.2
O08735,C2106,V036,P0578,2025-04-30,3,1937.18,5.2,1,0,3.0
O08736,C0930,V077,P0579,2025-11-13,3,1347.89,2.8,0,0,4.1
O08737,C2105,V054,P0405,2025-08-18,1,271.77,5.0,0,0,4.2
O08738,C1301,V100,P0382,2025-03-25,3,832.49,4.7,0,0,3.9
O08739,C2326,V063,P0930,2025-11-14,3,3542.7,2.1,0,0,4.7
O08740,C2449,V005,P0270,2025-01-06,1,434.27,5.3,0,0,3.2
O08741,C1595,V032,P0354,2025-11-30,2,951.53,5.1,0,0,4.3
O08742,C1922,V037,P0452,2025-05-13,4,1690.55,4.1,1,0,3.8
O08743,C0786,V044,P0427,2025-07-01,3,2186.98,4.2,0,0,4.3
O08744,C1532,V068,P0822,2025-06-15,2,1230.18,3.3,0,0,3.3
O08745,C0597,V058,P0247,2025-02-08,2,765.61,2.8,0,0,4.3
O08746,C2358,V059,P0569,2025-03-29,1,412.13,4.2,0,0,4.1
O08747,C1930,V030,P0246,2025-11-13,2,1095.77,3.8,0,0,3.5
O08748,C1572,V039,P0060,2025-12-17,2,2116.04,6.2,0,1,3.9
O08749,C1085,V017,P0856,2025-08-06,3,1980.45,3.9,0,0,4.1
O08750,C2473,V024,P0952,2025-08-08,1,534.73,5.2,0,0,3.6
O08751,C2004,V046,P0739,2025-04-17,1,321.9,2.0,0,0,4.2
O08752,C0735,V041,P0530,2025-01-10,3,1711.36,5.4,0,1,4.9
O08753,C1628,V090,P0844,2025-05-21,3,792.43,4.7,0,0,3.8
O08754,C2011,V038,P0203,2025-10-17,1,783.82,4.3,0,0,3.9
O08755,C2409,V050,P0703,2025-11-05,4,3215.77,3.5,0,0,4.5
O08756,C0430,V013,P0559,2025-07-07,4,4517.91,3.9,0,0,5.0
O08757,C1186,V020,P0454,2025-09-11,3,1625.29,3.8,0,0,3.7
O08758,C1173,V073,P0976,2025-07-08,4,2015.96,5.6,0,0,4.0
O08759,C2063,V095,P0718,2025-12-01,1,487.84,4.6,0,1,5.0
O08760,C1610,V042,P0081,2025-07-09,1,300.05,5.2,1,0,3.2
O08761,C1996,V041,P0040,2025-04-08,3,2171.05,1.6,0,0,3.4
O08762,C0864,V019,P0447,2025-03-23,7,3202.68,4.0,0,0,3.9
O08763,C0326,V028,P0116,2025-06-11,3,2591.31,3.0,0,0,4.0
O08764,C1546,V065,P0590,2025-09-04,1,1442.63,5.7,0,0,3.1
O08765,C2257,V013,P0143,2025-11-13,3,1939.1,3.8,0,0,4.6
O08766,C1231,V036,P0401,2025-07-09,5,2866.5,4.0,0,0,4.5
O08767,C0059,V021,P0503,2025-09-08,1,502.82,5.7,0,0,3.6
O08768,C0356,V082,P0683,2025-01-30,2,1697.09,6.0,0,0,4.5
O08769,C2088,V041,P0040,2025-01-16,6,4852.93,2.8,0,0,3.8
O08770,C1212,V004,P0944,2025-08-31,2,517.02,1.5,0,0,3.9
O08771,C0132,V004,P0713,2025-11-13,2,1586.73,4.8,0,0,3.9
O08772,C1772,V073,P0959,2025-05-03,1,419.27,6.3,0,0,4.5
O08773,C2083,V087,P0580,2025-04-15,3,1170.91,6.8,0,0,4.2
O08774,C1978,V021,P0909,2025-04-07,3,2464.28,5.0,0,0,3.6
O08775,C2488,V070,P0141,2025-12-22,2,1476.66,4.6,0,0,4.2
O08776,C1733,V081,P0346,2025-06-01,6,2867.61,2.5,0,0,3.9
O08777,C0888,V087,P0565,2025-02-20,2,845.46,4.6,0,0,3.8
O08778,C0960,V057,P0021,2025-10-19,5,1690.88,3.7,0,1,3.9
O08779,C1449,V042,P0228,2025-09-21,4,2653.01,4.4,0,0,4.7
O08780,C0770,V015,P0876,2025-01-04,1,1164.42,5.3,0,0,3.9
O08781,C0653,V066,P0138,2025-04-15,2,2164.77,6.0,0,0,4.3
O08782,C0905,V086,P0450,2025-06-09,2,1007.88,1.7,0,0,3.7
O08783,C1520,V020,P0470,2025-04-30,3,2404.84,5.5,0,0,3.8
O08784,C1111,V047,P0548,2025-03-29,3,4033.42,3.7,0,0,3.5
O08785,C0243,V031,P0613,2025-11-24,3,2805.44,3.6,0,0,3.8
O08786,C0570,V048,P0109,2025-07-10,1,607.44,3.1,0,0,5.0
O08787,C0412,V069,P0381,2025-02-20,2,507.25,6.4,0,0,3.7
O08788,C0892,V041,P0693,2025-04-23,2,729.0,1.7,0,0,3.7
O08789,C0759,V004,P0944,2025-02-15,1,238.1,1.8,0,0,3.6
O08790,C1784,V063,P0838,2025-10-26,2,1759.54,1.2,0,0,4.1
O08791,C0153,V042,P0492,2025-08-10,4,1934.67,5.7,0,0,4.0
O08792,C0924,V016,P0666,2025-03-15,1,797.93,4.7,0,0,4.5
O08793,C1420,V016,P0666,2025-07-06,1,925.2,6.0,1,0,3.9
O08794,C1069,V022,P0145,2025-09-30,1,309.42,4.1,1,0,3.1
O08795,C2160,V050,P0157,2025-09-14,1,562.79,5.8,0,1,4.5
O08796,C1897,V048,P0430,2025-02-02,3,1224.42,4.6,1,0,4.0
O08797,C1966,V065,P0252,2025-10-18,1,729.81,4.9,0,0,3.4
O08798,C0416,V046,P0739,2025-04-25,3,982.33,2.9,0,0,4.1
O08799,C2279,V019,P0275,2025-08-11,2,686.54,5.3,0,0,4.7
O08800,C1797,V043,P0402,2025-11-14,3,1533.9,5.5,0,0,4.1
O08801,C0610,V003,P0895,2025-04-09,2,546.97,3.9,0,0,4.0
O08802,C0480,V024,P0606,2025-06-04,2,788.74,3.7,1,0,5.0
O08803,C0026,V095,P0839,2025-02-17,3,1408.18,5.6,0,0,4.8
O08804,C0501,V075,P0684,2025-07-25,4,1682.23,4.1,0,0,4.5
O08805,C2329,V027,P0394,2025-06-13,1,645.42,2.9,0,0,3.6
O08806,C1800,V067,P0357,2025-09-09,2,522.63,2.0,0,0,3.3
O08807,C0496,V036,P0372,2025-12-08,2,1984.06,2.5,0,0,4.5
O08808,C1290,V030,P0246,2025-07-19,1,510.23,3.4,0,0,4.2
O08809,C2210,V074,P0222,2025-09-12,3,1871.33,1.9,0,0,3.4
O08810,C1020,V017,P0212,2025-06-18,4,1827.57,3.4,0,0,4.1
O08811,C1672,V050,P0099,2025-12-03,3,596.29,3.3,0,1,4.3
O08812,C0621,V081,P0346,2025-04-01,5,2562.13,3.2,0,0,4.6
O08813,C2271,V016,P0344,2025-08-31,1,1690.87,3.7,0,0,3.8
O08814,C0802,V081,P0912,2025-04-25,1,525.16,5.6,0,0,3.9
O08815,C0798,V063,P0321,2025-10-15,1,321.93,3.0,0,0,5.0
O08816,C1171,V051,P0384,2025-01-17,1,539.2,3.4,0,0,4.2
O08817,C0025,V004,P0047,2025-08-09,5,2988.72,2.4,0,0,4.3
O08818,C1372,V093,P0946,2025-01-27,1,648.3,3.8,0,0,4.5
O08819,C0137,V093,P0698,2025-01-07,1,498.39,2.9,0,0,4.5
O08820,C1651,V084,P0332,2025-05-27,1,298.83,5.0,0,0,3.8
O08821,C1897,V012,P0987,2025-03-31,2,1265.99,4.9,0,0,4.6
O08822,C0950,V059,P0569,2025-11-20,3,1485.43,4.1,0,0,3.8
O08823,C0819,V052,P0791,2025-02-01,2,1173.38,3.3,1,0,4.0
O08824,C1073,V047,P0611,2025-02-09,3,2546.63,3.3,0,0,3.9
O08825,C0100,V066,P0538,2025-09-24,1,1121.28,3.6,1,0,4.4
O08826,C0165,V022,P0125,2025-10-06,1,755.47,3.5,0,0,4.7
O08827,C2474,V012,P0987,2025-09-01,2,1336.61,2.3,0,0,4.5
O08828,C2103,V031,P0899,2025-01-18,1,362.67,3.8,0,0,4.8
O08829,C0111,V005,P0527,2025-02-17,2,1271.8,3.4,0,0,3.6
O08830,C2451,V005,P0423,2025-12-06,1,594.17,2.6,0,0,4.5
O08831,C1840,V050,P0099,2025-04-13,1,150.24,3.7,1,0,4.7
O08832,C2334,V086,P0809,2025-09-15,4,3550.57,4.8,0,0,4.7
O08833,C2157,V099,P0070,2025-02-24,1,378.97,4.5,0,0,4.8
O08834,C1049,V016,P0344,2025-04-10,2,2914.95,6.0,1,0,4.1
O08835,C2472,V057,P0582,2025-03-02,3,1592.12,3.7,1,0,4.1
O08836,C1845,V038,P0561,2025-08-07,2,844.7,3.8,0,1,4.2
O08837,C1519,V081,P0487,2025-08-12,1,337.88,3.4,0,0,3.9
O08838,C1506,V025,P0788,2025-07-02,2,1241.38,5.1,0,0,4.7
O08839,C0456,V031,P0201,2025-01-05,1,254.65,1.4,0,0,5.0
O08840,C1288,V009,P0075,2025-12-21,1,532.48,6.2,0,0,4.5
O08841,C1878,V085,P0345,2025-05-07,1,200.95,6.5,0,0,4.3
O08842,C1056,V025,P0914,2025-05-05,2,1648.77,2.3,0,0,5.0
O08843,C2386,V061,P0728,2025-04-12,1,458.78,4.3,0,0,4.1
O08844,C1291,V032,P0144,2025-01-29,3,1413.55,3.0,0,0,4.3
O08845,C1812,V069,P0711,2025-04-01,3,764.97,3.0,0,0,4.6
O08846,C1784,V054,P0232,2025-12-06,3,644.24,6.3,0,0,4.5
O08847,C2358,V089,P0512,2025-01-23,1,527.1,2.4,0,0,4.3
O08848,C0451,V035,P0211,2025-01-19,1,769.39,5.9,0,0,3.9
O08849,C0908,V085,P0092,2025-06-25,3,942.03,5.3,0,0,3.5
O08850,C1742,V072,P0005,2025-07-09,3,1292.47,3.9,0,0,5.0
O08851,C0732,V044,P0903,2025-04-10,1,844.21,2.6,0,0,3.8
O08852,C0712,V045,P0061,2025-12-22,5,1500.67,2.8,0,0,3.8
O08853,C2316,V094,P0879,2025-07-01,1,542.95,3.9,0,0,4.5
O08854,C0084,V056,P0646,2025-01-13,2,497.29,2.6,0,0,4.2
O08855,C1932,V065,P0420,2025-10-17,3,2055.97,2.2,1,0,4.3
O08856,C1783,V093,P0491,2025-09-08,3,1187.82,3.9,0,0,3.8
O08857,C2220,V027,P0181,2025-05-15,4,2229.3,4.9,1,0,4.0
O08858,C0773,V074,P0134,2025-10-19,2,1613.71,2.5,1,0,4.2
O08859,C0281,V001,P0356,2025-03-26,1,223.91,6.0,0,0,4.7
O08860,C0350,V070,P0141,2025-08-10,2,1534.74,3.0,0,0,4.4
O08861,C0717,V051,P0818,2025-08-18,4,2621.36,3.5,0,0,4.2
O08862,C1545,V066,P0931,2025-08-09,4,3636.04,6.3,0,0,4.3
O08863,C2145,V027,P0758,2025-01-07,1,1731.18,2.6,0,0,3.7
O08864,C0277,V034,P0641,2025-04-27,1,544.27,4.4,0,0,3.6
O08865,C0424,V075,P0684,2025-02-17,1,419.56,3.7,0,0,3.4
O08866,C0573,V013,P0287,2025-07-12,1,368.39,3.6,0,0,5.0
O08867,C1013,V043,P0657,2025-07-27,1,687.16,4.3,0,0,3.6
O08868,C0629,V065,P0509,2025-02-03,2,737.1,3.1,0,0,4.1
O08869,C1262,V009,P0568,2025-12-13,3,1982.59,4.0,0,0,3.4
O08870,C1819,V045,P0198,2025-04-24,3,2697.94,3.2,0,0,5.0
O08871,C0598,V066,P0432,2025-11-17,2,1015.73,4.5,0,0,4.0
O08872,C2312,V090,P0371,2025-01-04,2,931.03,3.3,0,1,3.5
O08873,C0715,V096,P0737,2025-05-17,3,2495.09,4.2,0,0,4.5
O08874,C0789,V020,P0071,2025-05-13,2,738.55,4.3,0,0,3.6
O08875,C0401,V026,P0476,2025-10-12,4,751.81,4.6,0,0,4.5
O08876,C1040,V093,P0330,2025-06-14,2,1209.99,5.1,0,0,3.7
O08877,C0849,V078,P0218,2025-02-17,2,781.98,1.9,0,0,3.7
O08878,C1141,V041,P0386,2025-11-26,4,1920.7,1.0,0,0,4.1
O08879,C0114,V015,P0184,2025-04-14,2,1620.48,5.5,0,0,3.8
O08880,C1984,V063,P0467,2025-11-19,4,1245.95,3.8,0,1,4.8
O08881,C0987,V055,P0552,2025-06-27,4,2322.62,1.0,0,0,4.9
O08882,C0425,V084,P0220,2025-07-01,1,854.23,4.7,1,0,3.2
O08883,C0555,V093,P0330,2025-03-17,3,1691.75,4.6,0,0,3.6
O08884,C1920,V039,P0953,2025-05-12,1,252.97,5.5,0,0,4.1
O08885,C2176,V044,P0903,2025-07-05,2,1570.2,4.4,0,0,4.3
O08886,C1231,V050,P0157,2025-06-01,1,574.52,3.5,0,0,4.5
O08887,C0265,V027,P0181,2025-02-16,2,926.15,3.9,0,0,4.4
O08888,C0286,V012,P0483,2025-03-26,1,310.69,3.9,0,0,4.1
O08889,C2308,V021,P0909,2025-04-25,2,1496.75,4.1,0,0,4.9
O08890,C2029,V014,P0421,2025-03-16,4,3361.98,3.1,0,0,4.2
O08891,C0903,V004,P0940,2025-12-21,2,1693.03,2.9,0,0,4.2
O08892,C0118,V070,P0260,2025-11-09,4,1623.51,6.9,0,0,4.5
O08893,C2235,V006,P0180,2025-03-20,1,324.91,6.8,0,0,3.6
O08894,C0982,V069,P0381,2025-07-29,2,550.77,3.2,0,0,4.3
O08895,C2142,V031,P0277,2025-08-06,1,1103.57,1.0,0,0,4.7
O08896,C1372,V072,P0967,2025-03-02,2,1667.33,4.1,1,0,4.4
O08897,C1166,V046,P0443,2025-05-30,1,496.55,1.1,0,1,4.3
O08898,C2181,V028,P0116,2025-07-15,2,1859.4,3.7,0,0,3.2
O08899,C0773,V084,P0573,2025-03-03,1,465.12,6.1,0,0,4.2
O08900,C1844,V001,P0584,2025-07-30,5,1817.63,4.2,0,0,3.7
O08901,C2096,V091,P0323,2025-06-01,1,499.75,3.4,1,0,4.1
O08902,C2300,V078,P0632,2025-10-09,2,1779.58,6.2,0,0,3.0
O08903,C0362,V059,P0569,2025-11-11,2,922.09,5.0,0,0,4.3
O08904,C0639,V075,P0059,2025-06-01,1,832.01,5.6,0,0,4.1
O08905,C1794,V039,P0953,2025-05-26,4,897.78,3.6,0,0,4.6
O08906,C1671,V012,P0224,2025-05-28,1,394.43,3.9,0,0,4.7
O08907,C1293,V037,P0674,2025-10-28,1,1512.99,2.8,0,0,4.4
O08908,C0692,V099,P0070,2025-04-08,2,775.53,3.9,0,0,4.3
O08909,C2384,V039,P0928,2025-08-02,1,733.95,5.4,0,0,4.9
O08910,C0341,V003,P0495,2025-07-29,1,732.69,4.4,1,0,4.3
O08911,C1754,V036,P0598,2025-02-10,3,1372.73,5.0,0,0,3.2
O08912,C1507,V055,P0862,2025-04-24,2,1256.69,4.5,0,0,4.0
O08913,C0437,V011,P0924,2025-08-23,2,1182.08,5.0,1,0,4.4
O08914,C2259,V013,P0135,2025-01-31,2,1041.69,4.6,0,1,4.4
O08915,C2476,V054,P0661,2025-08-14,2,376.26,4.9,0,0,4.3
O08916,C0251,V047,P0245,2025-02-13,4,1670.18,4.1,0,0,3.6
O08917,C2117,V091,P0314,2025-07-15,1,736.31,3.2,0,0,2.6
O08918,C0191,V092,P0628,2025-04-09,2,847.24,6.6,1,0,4.2
O08919,C0290,V025,P0800,2025-12-02,1,1107.14,6.3,0,0,4.0
O08920,C1468,V004,P0297,2025-02-02,1,330.88,3.3,0,0,3.7
O08921,C0939,V060,P0995,2025-06-25,2,724.06,4.3,0,0,4.6
O08922,C2322,V089,P0500,2025-12-29,4,1764.73,2.4,0,0,4.2
O08923,C0493,V060,P0659,2025-05-08,1,534.59,3.7,0,0,4.1
O08924,C0447,V089,P0437,2025-09-30,2,1073.37,3.3,0,0,4.4
O08925,C1220,V047,P0243,2025-04-05,2,685.44,3.9,0,0,4.0
O08926,C1806,V014,P0897,2025-07-05,3,3302.36,3.6,0,0,4.5
O08927,C0488,V070,P0440,2025-10-05,2,1674.77,5.0,0,0,4.3
O08928,C2118,V100,P0609,2025-10-12,1,556.48,3.5,0,0,4.9
O08929,C1053,V019,P0508,2025-11-10,3,707.53,2.8,0,0,4.6
O08930,C0762,V047,P0243,2025-08-20,3,776.39,4.8,0,0,3.9
O08931,C2302,V093,P0977,2025-01-21,2,1911.52,5.6,0,0,3.8
O08932,C2232,V042,P0621,2025-05-27,1,676.69,4.1,0,0,4.6
O08933,C1532,V100,P0889,2025-04-22,5,2357.18,2.4,1,0,3.5
O08934,C1152,V025,P0563,2025-06-21,3,1462.95,2.9,0,0,4.3
O08935,C1598,V096,P0304,2025-12-18,1,435.21,6.1,0,0,3.2
O08936,C1104,V088,P0285,2025-05-10,2,1186.76,3.6,0,0,4.5
O08937,C2473,V053,P0425,2025-06-08,1,280.8,3.1,0,0,3.5
O08938,C1149,V006,P0044,2025-12-08,5,1536.17,7.1,0,0,3.5
O08939,C2345,V088,P0318,2025-06-30,2,2022.91,4.2,0,0,3.9
O08940,C2219,V056,P0864,2025-11-27,1,643.28,4.1,0,0,4.0
O08941,C0662,V007,P0329,2025-06-16,2,1428.34,3.8,0,1,4.8
O08942,C0660,V083,P0221,2025-11-12,3,1389.63,2.4,0,1,4.2
O08943,C1072,V093,P0599,2025-06-22,1,955.36,2.8,0,0,3.7
O08944,C2019,V063,P0502,2025-10-21,1,832.06,3.9,1,0,4.2
O08945,C1412,V086,P0160,2025-06-27,1,1700.08,6.0,0,0,4.1
O08946,C1095,V068,P0042,2025-07-22,3,1999.83,6.6,0,0,4.1
O08947,C2327,V092,P0436,2025-06-08,2,2187.81,5.5,0,0,3.5
O08948,C1159,V016,P0344,2025-02-14,4,7377.71,4.9,0,0,4.6
O08949,C0428,V003,P0587,2025-01-12,1,702.65,2.8,0,0,4.6
O08950,C1519,V100,P0939,2025-11-20,2,723.77,4.9,0,0,3.9
O08951,C2011,V096,P0842,2025-05-23,1,532.05,4.7,0,1,3.9
O08952,C0798,V085,P0915,2025-06-29,3,631.06,6.2,0,0,3.7
O08953,C1030,V050,P0806,2025-06-12,1,576.32,4.9,0,0,4.4
O08954,C2019,V010,P0658,2025-07-27,3,1505.79,4.5,0,0,4.3
O08955,C1165,V096,P0556,2025-01-17,3,927.35,4.5,0,0,4.3
O08956,C0891,V034,P0214,2025-03-02,2,2074.43,3.4,0,0,4.1
O08957,C0260,V088,P0318,2025-10-20,1,853.14,4.6,0,0,4.6
O08958,C0858,V027,P0581,2025-10-05,1,529.41,3.1,0,0,3.7
O08959,C0157,V004,P0297,2025-06-11,3,871.94,1.3,0,1,4.1
O08960,C0381,V051,P0810,2025-10-28,3,999.22,5.9,0,0,3.7
O08961,C1663,V081,P0618,2025-08-31,2,1364.25,4.7,0,0,3.8
O08962,C2190,V057,P0732,2025-10-15,2,1638.4,2.6,0,0,4.4
O08963,C1931,V046,P0594,2025-04-26,1,463.6,4.0,1,0,4.0
O08964,C2348,V014,P0694,2025-06-28,3,1742.86,2.5,0,0,4.9
O08965,C1083,V010,P0901,2025-01-28,2,1210.07,5.6,0,0,4.2
O08966,C0445,V069,P0720,2025-05-30,3,1087.69,4.3,0,0,4.5
O08967,C0013,V043,P0849,2025-08-18,4,4012.65,6.4,1,0,4.2
O08968,C1263,V079,P0938,2025-07-15,1,489.83,4.2,0,1,4.4
O08969,C2424,V077,P0062,2025-03-26,3,1140.65,5.2,0,0,4.0
O08970,C2257,V018,P0760,2025-02-03,3,2318.41,5.1,0,0,3.2
O08971,C2148,V069,P0750,2025-08-21,4,3981.73,3.7,0,0,4.3
O08972,C1562,V002,P0202,2025-06-11,2,1191.94,4.8,0,0,3.8
O08973,C2266,V015,P0184,2025-10-03,1,917.42,3.2,0,0,3.9
O08974,C0945,V075,P0684,2025-04-15,2,752.85,3.4,0,0,4.4
O08975,C1546,V013,P0007,2025-01-22,2,469.33,4.7,0,0,5.0
O08976,C1963,V031,P0884,2025-03-28,1,390.39,3.2,0,0,3.9
O08977,C0833,V005,P0423,2025-01-07,1,555.1,4.5,0,0,3.9
O08978,C2185,V045,P0821,2025-12-04,1,725.26,5.7,0,0,3.6
O08979,C0282,V061,P0182,2025-04-01,1,727.36,5.4,0,1,3.3
O08980,C0846,V033,P0832,2025-06-27,2,1372.72,3.4,0,0,4.0
O08981,C1096,V016,P0085,2025-04-17,3,2520.24,4.2,0,0,4.5
O08982,C1318,V012,P0224,2025-04-05,3,1046.15,3.6,0,0,4.3
O08983,C1249,V023,P0273,2025-05-02,1,1614.09,5.9,0,0,4.2
O08984,C1659,V095,P0311,2025-08-07,2,504.54,4.5,0,0,4.3
O08985,C0866,V013,P0612,2025-11-29,2,1036.03,2.3,0,0,4.2
O08986,C0993,V017,P0403,2025-11-16,5,3468.03,3.1,0,0,3.7
O08987,C0887,V028,P0373,2025-10-10,1,655.84,1.4,0,0,4.1
O08988,C0821,V007,P0485,2025-01-15,4,2259.84,5.1,0,0,4.4
O08989,C0303,V096,P0304,2025-02-06,1,417.44,5.8,0,0,4.3
O08990,C2316,V032,P0933,2025-02-03,2,340.5,3.6,0,0,4.2
O08991,C1417,V040,P0913,2025-07-21,2,688.0,3.2,0,0,4.4
O08992,C1070,V084,P0191,2025-02-14,1,543.06,4.7,0,0,3.8
O08993,C0489,V026,P0979,2025-02-03,2,1609.89,4.1,0,0,4.0
O08994,C2017,V040,P0210,2025-05-19,1,786.62,4.4,0,0,3.7
O08995,C0271,V098,P0855,2025-11-19,2,694.86,3.1,0,0,3.9
O08996,C2233,V076,P0602,2025-05-18,1,1581.63,2.8,0,0,4.4
O08997,C2265,V061,P0182,2025-08-15,3,2248.62,3.6,0,0,4.0
O08998,C1453,V059,P0569,2025-06-27,1,476.84,4.6,0,0,4.6
O08999,C0488,V056,P0947,2025-12-09,8,5963.01,5.7,0,0,4.5
O09000,C1259,V012,P0283,2025-06-26,1,542.72,4.7,0,0,4.8
O09001,C2324,V031,P0413,2025-02-07,4,1433.19,2.3,0,0,4.3
O09002,C1107,V051,P0935,2025-08-04,4,3253.45,5.2,0,0,4.0
O09003,C1230,V080,P0866,2025-02-22,4,1348.73,4.0,0,0,4.0
O09004,C0601,V046,P0443,2025-08-12,4,1886.41,1.1,1,0,3.5
O09005,C0419,V054,P0308,2025-03-26,1,304.12,3.9,0,0,4.4
O09006,C1883,V063,P0930,2025-05-05,1,1303.67,1.3,0,0,4.0
O09007,C1118,V031,P0458,2025-04-06,1,705.6,2.2,0,0,4.5
O09008,C1108,V100,P0390,2025-10-17,2,2356.42,3.9,1,0,4.3
O09009,C2347,V076,P0104,2025-03-09,5,2797.48,3.0,0,0,4.3
O09010,C2229,V081,P0114,2025-12-29,8,4042.45,2.9,1,0,3.2
O09011,C0589,V001,P0482,2025-01-28,1,288.74,6.1,0,0,4.6
O09012,C0546,V025,P0077,2025-03-10,2,1187.77,2.7,0,0,4.7
O09013,C2369,V019,P0815,2025-04-29,1,278.2,3.6,0,0,4.7
O09014,C1798,V023,P0115,2025-08-07,2,538.94,3.9,0,0,4.1
O09015,C1626,V077,P0867,2025-12-11,2,1787.29,5.4,0,0,4.5
O09016,C2049,V069,P0711,2025-05-09,2,422.65,5.0,0,0,4.1
O09017,C1091,V022,P0908,2025-07-29,2,2063.18,5.4,0,0,3.8
O09018,C0037,V079,P0938,2025-08-26,2,1024.75,4.3,0,0,4.7
O09019,C2057,V023,P0115,2025-03-10,2,463.24,3.4,0,0,3.5
O09020,C1084,V083,P0460,2025-06-28,2,2771.28,6.2,0,0,4.1
O09021,C1194,V009,P0075,2025-06-25,2,1095.19,3.9,0,0,4.1
O09022,C1715,V005,P0615,2025-12-22,2,1429.45,3.9,0,0,4.5
O09023,C1144,V011,P0896,2025-03-16,1,396.35,5.1,0,0,4.1
O09024,C0309,V023,P0446,2025-05-20,7,2475.36,2.8,0,0,4.6
O09025,C2097,V029,P0225,2025-11-28,1,442.54,5.6,0,0,3.4
O09026,C0255,V046,P0505,2025-08-31,3,1117.62,4.1,0,0,3.7
O09027,C1642,V078,P0218,2025-10-28,2,827.04,2.9,0,0,3.3
O09028,C1104,V095,P0215,2025-04-03,4,3526.07,5.5,1,0,4.8
O09029,C0699,V025,P0034,2025-09-04,3,836.96,4.7,0,0,4.3
O09030,C1267,V041,P0463,2025-08-19,4,1620.77,4.2,1,0,3.7
O09031,C0949,V016,P0085,2025-11-11,5,4374.19,5.5,0,1,3.7
O09032,C2038,V020,P0454,2025-01-19,4,2546.61,3.7,1,0,3.2
O09033,C1889,V034,P0520,2025-02-20,6,1001.03,3.5,0,0,3.8
O09034,C1324,V031,P0742,2025-10-06,1,688.08,3.4,0,0,5.0
O09035,C1929,V041,P0040,2025-11-09,3,2351.23,3.5,0,0,3.8
O09036,C0361,V074,P0139,2025-09-05,1,570.79,4.2,0,0,5.0
O09037,C1789,V060,P0124,2025-03-13,4,2937.9,3.4,0,0,4.3
O09038,C0735,V077,P0881,2025-04-29,1,286.43,4.1,0,0,4.2
O09039,C0133,V012,P0283,2025-07-31,1,535.49,2.9,0,0,4.1
O09040,C1956,V005,P0270,2025-01-29,1,435.61,4.5,0,1,3.4
O09041,C2056,V059,P0012,2025-10-24,3,2514.91,4.6,1,0,3.3
O09042,C2157,V061,P0078,2025-06-11,5,1136.94,6.2,0,0,3.9
O09043,C2363,V026,P0476,2025-01-27,4,824.49,5.6,0,0,4.1
O09044,C0644,V061,P0652,2025-07-28,2,1914.39,3.4,0,0,3.8
O09045,C2106,V006,P0056,2025-12-12,4,1210.09,6.0,0,0,3.7
O09046,C2095,V095,P0999,2025-06-29,3,1238.32,5.5,0,0,4.2
O09047,C0841,V081,P0618,2025-02-03,2,1288.62,3.5,0,0,4.3
O09048,C2326,V042,P0374,2025-04-29,3,1238.06,3.9,0,0,3.9
O09049,C0298,V039,P0740,2025-02-17,1,374.86,6.2,0,0,4.2
O09050,C0633,V039,P0175,2025-05-20,1,629.14,5.4,0,0,4.2
O09051,C1854,V020,P0090,2025-12-13,1,687.01,4.1,0,0,3.6
O09052,C1923,V026,P0448,2025-04-30,1,971.88,5.1,0,0,4.1
O09053,C1211,V001,P0702,2025-09-12,2,1433.63,5.5,0,0,4.9
O09054,C2078,V095,P0656,2025-09-28,1,280.31,6.9,0,0,4.5
O09055,C0482,V016,P0344,2025-08-13,4,6517.07,5.5,0,0,3.8
O09056,C1374,V059,P0775,2025-07-03,4,1770.04,4.8,0,0,4.3
O09057,C1902,V027,P0581,2025-10-16,1,605.6,4.0,0,0,3.5
O09058,C2284,V027,P0581,2025-03-30,4,2310.42,4.1,0,0,3.6
O09059,C2293,V096,P0304,2025-01-14,2,923.52,5.6,0,0,3.7
O09060,C2198,V047,P0069,2025-06-02,1,447.97,3.0,0,0,4.1
O09061,C0835,V078,P0685,2025-12-01,4,999.02,3.6,0,0,4.3
O09062,C2171,V054,P0405,2025-02-06,5,1475.12,3.9,0,0,4.0
O09063,C1693,V051,P0117,2025-09-16,4,1629.2,2.8,0,0,5.0
O09064,C1547,V087,P0335,2025-10-15,1,570.07,6.2,0,0,4.2
O09065,C1823,V082,P0488,2025-02-26,1,459.74,5.4,0,0,4.5
O09066,C1695,V048,P0255,2025-01-08,5,4621.04,5.6,0,0,4.4
O09067,C1838,V026,P0272,2025-11-12,2,1318.5,4.6,0,0,5.0
O09068,C0505,V036,P0603,2025-06-24,1,346.15,3.3,0,0,3.8
O09069,C1673,V058,P0328,2025-01-29,3,1774.36,4.6,0,0,4.1
O09070,C0633,V024,P0699,2025-04-26,1,812.95,3.6,1,0,3.9
O09071,C1485,V087,P0335,2025-05-09,1,529.95,5.8,1,0,3.8
O09072,C1937,V086,P0269,2025-05-17,4,1578.36,3.9,0,0,4.0
O09073,C1242,V018,P0614,2025-01-19,5,3629.27,5.3,0,0,5.0
O09074,C1816,V024,P0699,2025-03-22,2,1629.24,5.6,0,0,4.8
O09075,C0511,V064,P0812,2025-11-07,2,1631.68,4.1,0,0,3.5
O09076,C1532,V079,P0794,2025-11-18,1,519.13,3.4,0,0,4.7
O09077,C1883,V078,P0545,2025-03-04,1,1247.3,1.6,0,0,3.3
O09078,C0092,V092,P0628,2025-02-27,4,1732.68,7.2,0,0,4.6
O09079,C0871,V074,P0165,2025-11-16,1,409.98,4.0,0,0,4.4
O09080,C1088,V082,P0242,2025-06-09,3,1372.18,4.6,0,0,4.4
O09081,C2370,V097,P0705,2025-05-23,1,522.76,7.0,0,0,5.0
O09082,C1088,V077,P0942,2025-02-24,3,1387.2,4.4,0,0,4.2
O09083,C2028,V029,P0058,2025-10-25,3,738.99,5.3,0,0,4.0
O09084,C2346,V050,P0806,2025-06-11,2,1330.86,3.3,0,0,3.8
O09085,C1939,V045,P0960,2025-12-19,4,3038.81,4.0,0,1,4.7
O09086,C1873,V032,P0364,2025-09-13,2,854.85,3.6,0,0,4.2
O09087,C2435,V087,P0088,2025-09-18,2,395.2,5.6,0,0,5.0
O09088,C1624,V042,P0734,2025-06-22,4,2214.7,5.2,0,0,4.4
O09089,C0783,V035,P0110,2025-05-13,3,4008.53,2.7,0,1,3.8
O09090,C0498,V064,P0361,2025-02-02,3,1252.23,5.1,0,0,3.0
O09091,C2491,V025,P0957,2025-01-25,1,661.88,3.6,0,0,4.5
O09092,C0487,V032,P0494,2025-03-23,2,1411.13,5.6,0,0,5.0
O09093,C0529,V095,P0311,2025-08-14,2,540.27,5.3,0,0,4.2
O09094,C1387,V030,P0523,2025-09-25,2,896.47,2.6,0,0,3.7
O09095,C0854,V013,P0093,2025-03-20,3,2263.69,3.7,0,0,4.2
O09096,C2283,V071,P0562,2025-04-01,2,1011.8,3.0,0,0,4.2
O09097,C0137,V068,P0406,2025-12-10,1,380.94,3.1,0,1,3.8
O09098,C2256,V012,P0593,2025-11-24,1,640.02,2.7,0,0,4.5
O09099,C0749,V013,P0183,2025-10-21,3,952.74,4.1,0,0,5.0
O09100,C1010,V047,P0244,2025-08-28,4,1339.98,4.7,1,0,4.0
O09101,C2126,V076,P0419,2025-07-15,1,505.08,2.4,0,0,4.1
O09102,C2303,V019,P0447,2025-09-23,4,2240.7,5.4,0,0,3.6
O09103,C2325,V097,P0456,2025-12-22,4,1650.83,7.3,0,0,3.9
O09104,C0670,V085,P0345,2025-03-29,2,444.46,4.5,0,0,3.9
O09105,C1505,V010,P0497,2025-11-21,2,713.98,3.0,0,0,5.0
O09106,C0757,V011,P0896,2025-08-16,3,1329.71,2.7,0,0,4.2
O09107,C2134,V085,P0052,2025-06-06,4,1925.01,4.7,0,1,3.2
O09108,C0258,V087,P0335,2025-01-15,1,578.15,2.8,0,0,3.9
O09109,C0730,V088,P0036,2025-02-05,1,1423.39,5.7,0,0,5.0
O09110,C1837,V013,P0007,2025-11-08,1,243.97,4.5,0,0,4.5
O09111,C1102,V054,P0383,2025-09-03,1,343.53,4.0,0,0,4.4
O09112,C1699,V080,P0686,2025-09-12,3,1343.52,4.5,0,0,3.3
O09113,C0595,V085,P0780,2025-10-07,2,697.34,5.2,0,0,3.4
O09114,C2187,V045,P0148,2025-11-27,1,1317.8,4.3,0,0,4.3
O09115,C1841,V087,P0320,2025-04-06,2,1536.52,5.7,0,0,4.7
O09116,C0005,V071,P0562,2025-08-22,1,473.21,3.7,0,0,3.8
O09117,C1846,V093,P0599,2025-12-06,2,1897.97,6.4,1,0,3.4
O09118,C1931,V065,P0771,2025-05-16,3,1862.56,3.8,1,0,4.5
O09119,C1327,V092,P0628,2025-12-28,1,551.05,4.6,0,0,4.5
O09120,C1318,V018,P0130,2025-03-28,2,1239.41,5.0,0,0,4.4
O09121,C0266,V043,P0020,2025-11-01,3,3056.18,6.5,0,0,4.1
O09122,C1424,V018,P0130,2025-05-16,5,3277.18,4.8,0,0,3.1
O09123,C1805,V070,P0355,2025-06-16,2,1122.02,6.5,0,0,4.7
O09124,C0033,V004,P0297,2025-01-15,2,703.86,4.4,0,0,4.5
O09125,C0015,V029,P0101,2025-06-12,3,1011.12,4.1,0,0,2.7
O09126,C1375,V061,P0078,2025-04-17,1,227.27,3.5,0,0,4.1
O09127,C1480,V031,P0742,2025-10-26,7,4337.9,2.0,0,0,4.5
O09128,C1606,V069,P0258,2025-10-09,3,662.01,5.2,0,0,4.5
O09129,C0276,V017,P0054,2025-04-15,2,1308.43,2.1,0,0,4.1
O09130,C1978,V026,P0253,2025-01-06,4,8386.66,3.3,0,0,4.4
O09131,C2006,V097,P0276,2025-07-15,1,756.03,5.2,0,1,4.4
O09132,C1086,V089,P0589,2025-01-31,2,1231.76,2.3,0,0,4.7
O09133,C1978,V016,P0167,2025-12-23,5,1826.03,5.7,0,1,3.9
O09134,C2106,V006,P0136,2025-12-06,3,988.74,4.4,1,0,4.2
O09135,C1242,V053,P0425,2025-08-02,2,529.07,6.5,0,1,4.1
O09136,C0506,V051,P0122,2025-01-15,3,2823.67,3.8,0,0,4.0
O09137,C0293,V079,P0922,2025-09-08,4,1642.38,3.9,0,0,4.8
O09138,C1956,V061,P0484,2025-03-13,3,2833.87,5.2,0,0,4.2
O09139,C0603,V011,P0564,2025-11-01,2,1813.98,2.8,0,0,4.5
O09140,C1973,V074,P0907,2025-01-29,1,286.14,2.7,0,0,3.7
O09141,C1564,V013,P0143,2025-12-12,1,625.68,4.0,0,0,4.9
O09142,C1638,V012,P0283,2025-11-25,4,2326.37,6.0,0,0,4.5
O09143,C1211,V031,P0277,2025-11-04,2,2785.24,1.0,0,0,5.0
O09144,C1804,V005,P0270,2025-07-28,4,1678.55,4.7,0,1,4.2
O09145,C1261,V018,P0760,2025-12-25,2,1633.42,6.2,1,0,1.9
O09146,C0878,V069,P0750,2025-04-08,1,973.72,3.2,0,0,4.3
O09147,C1363,V073,P0759,2025-02-04,2,2266.08,6.4,0,0,4.0
O09148,C0627,V082,P0426,2025-09-26,5,4178.57,3.0,0,0,4.5
O09149,C0155,V047,P0243,2025-04-14,3,912.38,4.0,0,0,3.8
O09150,C1650,V051,P0935,2025-12-20,1,822.84,4.9,0,1,4.1
O09151,C2214,V012,P0194,2025-09-24,2,1010.03,5.9,0,0,4.7
O09152,C0661,V083,P0460,2025-05-28,4,5316.48,4.3,0,0,4.4
O09153,C1654,V022,P0908,2025-11-10,1,1088.69,4.9,0,0,4.0
O09154,C2244,V032,P0144,2025-12-03,3,1618.26,2.9,0,0,4.5
O09155,C0233,V019,P0187,2025-09-06,2,1008.71,2.8,0,0,4.9
O09156,C0360,V076,P0761,2025-02-17,3,1708.56,4.5,0,0,3.9
O09157,C0176,V053,P0425,2025-09-01,6,1730.12,6.1,0,0,4.9
O09158,C0817,V048,P0051,2025-12-10,1,747.12,5.4,0,0,4.6
O09159,C2057,V031,P0899,2025-02-09,1,342.8,1.9,0,0,4.8
O09160,C0300,V088,P0318,2025-07-18,1,910.03,3.4,0,0,4.1
O09161,C0149,V045,P0061,2025-03-25,1,284.25,3.3,1,0,5.0
O09162,C0115,V009,P0445,2025-07-26,3,1686.56,4.8,0,0,4.2
O09163,C0654,V057,P0732,2025-10-21,4,2716.0,4.5,0,0,4.5
O09164,C0859,V036,P0334,2025-11-05,1,319.89,3.5,0,0,3.5
O09165,C0254,V031,P0884,2025-07-11,2,848.22,2.0,0,0,4.1
O09166,C0549,V085,P0731,2025-05-26,3,822.67,4.9,0,0,3.6
O09167,C0739,V039,P0226,2025-12-08,1,420.0,3.6,0,0,4.5
O09168,C2440,V006,P0352,2025-04-06,1,724.68,6.4,0,0,3.8
O09169,C1019,V026,P0253,2025-10-24,2,4611.66,4.3,0,0,4.7
O09170,C0026,V034,P0068,2025-04-15,2,788.68,2.7,0,0,4.3
O09171,C1358,V093,P0572,2025-05-23,3,3064.59,5.8,0,0,4.0
O09172,C1818,V097,P0697,2025-06-29,3,673.65,6.2,0,0,4.2
O09173,C0104,V018,P0760,2025-02-03,4,3406.07,4.3,0,0,2.8
O09174,C2396,V057,P0582,2025-12-06,3,1356.53,5.7,0,0,3.9
O09175,C2215,V031,P0223,2025-10-09,2,1017.96,1.1,1,0,4.6
O09176,C2185,V053,P0753,2025-05-02,1,452.2,4.1,0,0,3.7
O09177,C2196,V037,P0299,2025-09-24,3,1494.04,4.2,0,0,4.1
O09178,C2444,V005,P0655,2025-04-21,2,2299.16,4.1,0,0,4.6
O09179,C2250,V080,P0883,2025-04-13,1,600.54,5.1,0,0,3.2
O09180,C1936,V070,P0251,2025-09-01,3,2428.4,4.7,0,0,3.1
O09181,C2284,V100,P0949,2025-04-23,2,382.55,3.5,0,0,3.3
O09182,C0222,V017,P0532,2025-10-08,3,1567.82,5.0,0,0,4.4
O09183,C2376,V099,P0787,2025-03-02,4,4028.19,3.2,0,0,4.4
O09184,C1848,V044,P0875,2025-10-02,1,469.76,5.6,0,0,4.0
O09185,C1982,V023,P0082,2025-03-05,2,1625.98,2.0,0,0,4.3
O09186,C1375,V034,P0214,2025-07-03,4,3867.48,3.8,0,0,3.9
O09187,C0793,V020,P0696,2025-02-28,3,1744.03,3.4,0,0,4.1
O09188,C1558,V057,P0366,2025-05-26,4,1103.12,2.9,1,0,4.4
O09189,C1594,V068,P0984,2025-05-28,2,735.51,3.6,0,0,3.7
O09190,C2044,V031,P0277,2025-02-03,1,1224.18,2.3,0,0,4.8
O09191,C2176,V013,P0559,2025-12-13,3,3171.66,4.1,0,0,4.7
O09192,C0550,V077,P0103,2025-07-01,2,937.64,7.3,0,0,4.3
O09193,C1970,V047,P0468,2025-03-01,1,228.65,3.7,0,0,3.9
O09194,C0155,V036,P0372,2025-05-29,2,1937.92,3.2,0,0,3.9
O09195,C1923,V038,P0317,2025-12-05,4,3434.33,3.4,0,0,3.7
O09196,C0254,V029,P0704,2025-01-18,3,2249.32,4.1,0,0,3.8
O09197,C2082,V042,P0081,2025-07-03,1,297.73,5.6,0,0,3.7
O09198,C2433,V005,P0423,2025-07-04,1,656.94,2.6,1,0,4.1
O09199,C1489,V084,P0278,2025-09-06,2,945.73,4.9,0,0,3.6
O09200,C1732,V052,P0083,2025-05-01,2,826.32,4.6,0,0,5.0
O09201,C0563,V051,P0122,2025-07-14,3,2619.24,3.0,0,0,4.1
O09202,C1358,V037,P0681,2025-11-30,2,922.39,4.0,0,0,4.7
O09203,C0426,V043,P0630,2025-04-24,1,1133.38,7.6,0,0,4.9
O09204,C1231,V054,P0405,2025-02-02,1,309.52,4.2,0,0,4.1
O09205,C2341,V046,P0443,2025-09-02,2,881.49,3.7,1,0,4.4
O09206,C1710,V098,P0855,2025-05-20,4,1239.04,3.8,0,0,4.4
O09207,C1288,V097,P0697,2025-07-16,1,214.98,3.9,0,0,4.0
O09208,C1145,V097,P0456,2025-11-17,1,385.46,6.2,0,0,4.4
O09209,C0638,V052,P0313,2025-01-30,2,1510.07,3.6,0,0,4.6
O09210,C1708,V018,P0993,2025-12-22,2,1773.5,5.2,0,0,4.0
O09211,C1798,V041,P0585,2025-01-21,2,1698.54,2.5,0,0,3.9
O09212,C1024,V081,P0854,2025-07-07,4,1962.68,3.3,0,0,4.4
O09213,C1549,V076,P0774,2025-12-11,1,767.87,3.1,0,0,4.3
O09214,C2164,V086,P0011,2025-10-03,1,500.18,5.6,0,0,3.9
O09215,C1503,V039,P0229,2025-09-18,2,545.93,8.8,1,0,4.7
O09216,C1895,V052,P0667,2025-08-04,2,670.53,4.3,1,0,4.1
O09217,C0068,V077,P0062,2025-10-25,1,320.47,4.4,0,0,4.3
O09218,C1925,V036,P0540,2025-01-08,3,1447.61,4.2,0,0,4.2
O09219,C0376,V014,P0694,2025-09-19,1,554.34,1.4,0,0,4.8
O09220,C0514,V022,P0945,2025-12-02,1,868.58,4.8,0,0,4.1
O09221,C0946,V034,P0214,2025-09-18,1,1104.7,2.6,0,0,4.1
O09222,C1205,V025,P0800,2025-05-15,3,3440.78,3.3,0,0,4.3
O09223,C1875,V060,P0353,2025-09-14,5,2067.06,2.5,0,0,4.6
O09224,C1902,V020,P0827,2025-08-11,6,2713.47,5.3,0,0,3.1
O09225,C1850,V004,P0713,2025-07-18,2,1546.3,2.5,1,0,4.2
O09226,C1794,V078,P0545,2025-08-06,2,2493.38,3.2,0,0,3.3
O09227,C1878,V054,P0274,2025-11-12,7,3733.52,6.0,0,0,3.8
O09228,C0227,V066,P0931,2025-09-08,1,825.44,3.0,0,0,4.7
O09229,C0998,V087,P0499,2025-11-21,1,419.87,4.9,0,1,4.4
O09230,C0904,V029,P0474,2025-12-25,3,2442.25,5.6,0,0,3.4
O09231,C1693,V066,P0670,2025-06-22,1,706.53,4.3,0,1,4.4
O09232,C2053,V062,P0597,2025-05-23,3,1049.18,4.0,0,0,3.3
O09233,C2154,V095,P0120,2025-10-12,2,881.46,5.9,0,0,4.4
O09234,C2489,V022,P0945,2025-01-14,3,2494.42,5.0,0,0,4.0
O09235,C2143,V078,P0841,2025-02-08,2,984.46,3.3,0,0,3.6
O09236,C0946,V025,P0800,2025-10-07,2,1890.93,4.9,0,0,4.5
O09237,C0957,V085,P0098,2025-11-04,1,414.12,5.2,0,0,4.1
O09238,C1283,V080,P0660,2025-06-16,6,7034.46,2.8,0,0,3.9
O09239,C1576,V078,P0545,2025-04-18,7,8657.03,4.4,0,0,3.1
O09240,C2009,V065,P0171,2025-03-15,2,1735.05,3.6,0,0,3.5
O09241,C0888,V071,P0280,2025-08-03,2,1778.05,3.1,1,0,4.8
O09242,C1112,V090,P0919,2025-11-13,1,999.33,4.4,0,0,3.6
O09243,C2463,V031,P0458,2025-09-14,5,3154.07,1.9,0,0,4.2
O09244,C0627,V100,P0889,2025-07-19,1,442.09,5.4,0,0,3.8
O09245,C2462,V082,P0544,2025-06-18,5,1162.32,4.8,0,1,4.7
O09246,C1858,V011,P0961,2025-10-20,6,2687.82,1.9,0,0,4.5
O09247,C1869,V005,P0105,2025-01-17,3,1096.31,5.5,0,0,4.1
O09248,C0571,V044,P0337,2025-06-09,1,796.81,3.4,0,0,4.1
O09249,C1185,V097,P0751,2025-09-02,3,1002.88,1.5,0,0,4.3
O09250,C2094,V048,P0109,2025-04-29,2,1188.51,6.0,0,0,5.0
O09251,C0230,V027,P0925,2025-09-19,1,1399.99,2.6,0,0,3.6
O09252,C2125,V099,P0575,2025-12-19,2,1902.06,5.8,0,0,3.7
O09253,C0788,V065,P0586,2025-01-17,1,409.31,3.4,0,0,4.1
O09254,C2299,V047,P0435,2025-01-23,4,2091.61,4.3,0,0,2.9
O09255,C0840,V039,P0928,2025-11-02,1,666.96,4.0,0,0,4.6
O09256,C1152,V082,P0242,2025-08-12,1,531.15,5.8,0,0,4.3
O09257,C1254,V023,P0764,2025-02-10,1,494.83,3.2,0,0,4.5
O09258,C0631,V029,P0704,2025-08-24,3,2252.9,3.1,0,0,3.6
O09259,C2466,V006,P0352,2025-06-27,3,2074.94,6.2,0,0,4.0
O09260,C2048,V086,P0160,2025-04-23,4,5919.85,4.7,0,1,4.0
O09261,C2210,V030,P0523,2025-04-06,3,1598.1,2.7,0,0,4.7
O09262,C1675,V010,P0901,2025-04-27,1,532.13,4.7,0,0,4.2
O09263,C0429,V081,P0719,2025-01-27,4,2303.1,3.9,0,0,3.9
O09264,C1947,V032,P0643,2025-03-06,3,2570.42,3.9,0,0,3.9
O09265,C0436,V042,P0228,2025-02-19,1,627.96,3.5,0,0,4.3
O09266,C0440,V001,P0852,2025-06-07,2,611.55,6.9,0,0,4.5
O09267,C1363,V020,P0154,2025-12-20,1,692.24,4.2,0,0,4.2
O09268,C2446,V021,P0158,2025-07-18,4,1995.71,6.2,0,0,4.5
O09269,C0203,V025,P0034,2025-11-27,1,333.45,3.8,0,1,4.2
O09270,C1795,V091,P0707,2025-09-29,1,1000.89,3.5,1,0,3.4
O09271,C1178,V070,P0251,2025-05-02,1,777.47,3.4,0,1,4.5
O09272,C0991,V005,P0511,2025-02-07,2,617.82,4.5,0,0,4.3
O09273,C0305,V032,P0494,2025-05-25,3,2020.76,4.7,0,0,4.6
O09274,C0507,V039,P0455,2025-10-21,1,925.03,4.5,0,0,4.4
O09275,C0853,V100,P0889,2025-02-16,4,1946.6,2.9,0,0,4.3
O09276,C0063,V087,P0395,2025-08-26,3,979.92,6.4,0,0,4.2
O09277,C2199,V065,P0637,2025-04-20,2,858.32,4.0,0,0,4.4
O09278,C0231,V085,P0780,2025-06-16,1,309.14,5.0,0,0,3.6
O09279,C0313,V065,P0451,2025-10-07,7,10020.4,5.3,0,0,3.3
O09280,C1165,V093,P0698,2025-07-01,4,1996.37,4.2,0,0,4.1
O09281,C1231,V083,P0932,2025-03-03,3,1229.36,3.6,0,0,3.9
O09282,C0788,V044,P0560,2025-07-05,2,1013.88,4.0,1,0,4.0
O09283,C2270,V059,P0123,2025-05-29,3,1599.67,3.0,0,0,4.5
O09284,C1045,V095,P0120,2025-09-15,3,1389.34,4.0,0,0,4.6
O09285,C1125,V062,P0983,2025-04-24,5,6751.45,3.0,0,0,4.5
O09286,C0774,V074,P0714,2025-09-20,4,3829.39,2.9,0,0,4.1
O09287,C0308,V081,P0074,2025-08-23,1,467.38,4.9,1,0,4.1
O09288,C1244,V068,P0406,2025-12-17,1,342.36,3.0,0,0,4.0
O09289,C0267,V027,P0792,2025-09-28,3,1440.31,2.1,0,0,3.2
O09290,C0002,V089,P0779,2025-09-25,2,1293.25,2.5,0,1,4.6
O09291,C1748,V044,P0796,2025-06-17,1,590.49,5.3,0,0,4.3
O09292,C0826,V032,P0571,2025-06-09,2,743.86,5.1,0,0,4.7
O09293,C2210,V031,P0620,2025-08-12,3,2691.79,1.0,0,0,4.6
O09294,C1097,V058,P0247,2025-04-09,1,403.44,4.2,0,0,4.2
O09295,C0818,V053,P0257,2025-05-09,1,724.47,6.3,1,0,4.1
O09296,C0679,V035,P0868,2025-04-05,2,827.97,4.4,0,0,3.6
O09297,C2074,V070,P0251,2025-05-06,4,3237.06,4.1,0,0,4.2
O09298,C0152,V100,P0939,2025-04-15,1,364.52,3.5,0,0,3.3
O09299,C1135,V071,P0121,2025-06-27,6,2279.67,2.8,0,0,4.2
O09300,C1927,V053,P0257,2025-01-13,2,1475.18,4.6,0,0,3.9
O09301,C1911,V069,P0917,2025-06-25,3,3269.89,3.4,1,0,4.8
O09302,C2082,V029,P0474,2025-05-17,4,3165.67,4.5,0,0,3.6
O09303,C0721,V071,P0457,2025-07-17,4,6929.16,4.0,0,0,4.1
O09304,C2291,V040,P0041,2025-11-17,1,672.62,3.5,0,0,4.4
O09305,C1358,V054,P0736,2025-07-08,2,1533.87,5.1,0,0,4.8
O09306,C0736,V068,P0197,2025-12-19,2,1826.0,1.7,0,0,3.9
O09307,C0788,V065,P0417,2025-10-25,2,917.16,3.2,0,1,4.2
O09308,C2242,V063,P0502,2025-03-05,3,2480.1,1.4,0,0,4.8
O09309,C2035,V040,P0510,2025-04-25,3,1403.44,4.0,0,0,4.5
O09310,C0643,V001,P0852,2025-03-08,2,750.91,4.9,0,0,4.9
O09311,C1321,V014,P0263,2025-03-07,2,647.03,4.6,0,0,4.0
O09312,C0566,V016,P0294,2025-03-25,3,785.09,3.4,0,0,4.4
O09313,C0871,V026,P0795,2025-07-30,1,366.17,1.4,0,0,4.8
O09314,C0685,V023,P0757,2025-06-04,2,816.03,4.9,0,1,4.6
O09315,C2492,V013,P0522,2025-01-15,1,957.65,4.7,0,0,4.7
O09316,C0109,V095,P0215,2025-02-12,2,1469.05,5.3,1,0,4.6
O09317,C0141,V077,P0062,2025-02-18,1,406.23,4.3,0,1,4.0
O09318,C0742,V084,P0332,2025-07-15,2,595.25,4.5,0,0,4.5
O09319,C1295,V045,P0198,2025-04-23,1,989.31,3.6,0,1,4.7
O09320,C0691,V045,P0821,2025-01-24,5,4361.73,3.0,0,0,4.1
O09321,C1447,V098,P0855,2025-09-29,2,651.19,4.2,0,0,4.3
O09322,C0787,V031,P0201,2025-07-19,3,761.84,2.4,0,0,4.5
O09323,C0782,V080,P0298,2025-01-09,2,2883.36,5.3,0,0,4.0
O09324,C2003,V059,P0665,2025-02-12,2,577.5,3.3,0,0,4.7
O09325,C2096,V056,P0894,2025-01-25,3,1809.41,4.4,0,0,4.7
O09326,C1285,V073,P0617,2025-11-28,1,563.33,6.4,0,0,4.3
O09327,C2280,V075,P0616,2025-01-16,2,1019.92,5.0,0,0,4.5
O09328,C1011,V051,P0818,2025-09-22,2,1577.3,5.7,0,0,4.8
O09329,C0899,V050,P0099,2025-03-05,1,194.24,3.4,0,0,3.9
O09330,C1999,V063,P0663,2025-09-14,3,1106.81,2.1,1,0,4.7
O09331,C1974,V087,P0499,2025-09-30,5,2113.82,5.8,0,0,4.4
O09332,C0707,V099,P0070,2025-09-10,4,1320.44,5.8,0,0,5.0
O09333,C0186,V062,P0037,2025-12-22,1,162.22,5.9,0,0,3.7
O09334,C2231,V001,P0441,2025-01-24,2,559.21,5.1,0,0,4.6
O09335,C0426,V021,P0887,2025-11-28,3,1105.32,3.1,1,0,3.1
O09336,C0568,V069,P0550,2025-10-10,1,501.88,2.0,0,0,3.8
O09337,C1139,V077,P0865,2025-02-07,2,2299.71,5.1,0,0,4.7
O09338,C2197,V027,P0925,2025-06-04,3,4107.72,4.9,0,0,3.9
O09339,C1867,V097,P0526,2025-11-27,4,2760.3,5.6,0,0,4.1
O09340,C2490,V053,P0710,2025-11-05,1,1494.56,5.6,0,1,4.0
O09341,C2425,V026,P0795,2025-05-18,1,331.34,2.6,0,0,3.9
O09342,C1920,V063,P0502,2025-12-30,1,955.49,2.0,0,0,4.0
O09343,C2224,V095,P0414,2025-06-02,1,922.12,4.1,0,0,5.0
O09344,C1425,V065,P0451,2025-05-18,4,5248.52,4.9,0,0,3.7
O09345,C2184,V031,P0277,2025-04-06,2,2347.78,2.8,0,0,4.7
O09346,C0912,V027,P0581,2025-07-28,1,588.71,5.3,0,0,3.5
O09347,C0380,V034,P0641,2025-12-23,3,1850.04,3.8,0,1,3.3
O09348,C2414,V005,P0185,2025-05-05,1,179.15,4.8,0,1,4.7
O09349,C1690,V023,P0623,2025-01-28,6,2005.9,5.1,0,0,4.0
O09350,C1294,V069,P0163,2025-11-23,2,404.52,4.2,1,0,4.7
O09351,C2276,V058,P0651,2025-03-02,2,1217.89,2.6,1,0,4.4
O09352,C0081,V089,P0108,2025-06-21,4,1402.62,2.3,1,0,4.2
O09353,C1167,V051,P0384,2025-01-15,1,464.24,3.5,0,0,4.3
O09354,C0809,V100,P0176,2025-11-18,1,676.97,2.8,1,0,4.4
O09355,C0958,V100,P0549,2025-09-26,3,1864.72,1.8,0,1,4.2
O09356,C2007,V002,P0339,2025-02-21,3,1379.14,4.0,0,0,3.0
O09357,C0770,V026,P0746,2025-07-04,2,1242.05,2.1,0,0,4.0
O09358,C0100,V004,P0047,2025-03-13,2,1290.56,2.1,0,0,4.1
O09359,C1016,V039,P0226,2025-02-06,1,414.97,5.2,1,0,4.5
O09360,C1956,V047,P0650,2025-02-28,2,997.49,2.1,1,0,3.5
O09361,C0112,V081,P0861,2025-12-27,8,3366.88,3.7,0,1,5.0
O09362,C2149,V025,P0800,2025-11-07,3,3699.36,4.2,0,1,4.1
O09363,C0698,V042,P0081,2025-10-24,3,824.21,1.8,0,1,3.8
O09364,C0058,V077,P0566,2025-01-25,1,452.87,6.8,0,0,4.2
O09365,C0800,V087,P0633,2025-10-22,1,600.57,5.3,1,0,4.1
O09366,C1373,V022,P0543,2025-11-11,1,595.31,4.9,0,0,4.8
O09367,C1597,V035,P0833,2025-12-24,2,1860.76,4.2,0,1,3.8
O09368,C1236,V067,P0357,2025-09-25,4,1445.12,4.2,0,0,4.1
O09369,C0719,V082,P0426,2025-03-23,2,1875.67,4.5,0,0,5.0
O09370,C2218,V017,P0310,2025-11-16,1,474.59,3.2,0,0,4.0
O09371,C0591,V097,P0322,2025-01-17,2,982.77,4.9,0,0,4.4
O09372,C1923,V041,P0306,2025-01-23,2,323.66,3.2,0,1,3.1
O09373,C2080,V024,P0952,2025-09-19,1,502.84,3.7,0,0,3.7
O09374,C2329,V038,P0100,2025-06-23,5,1473.38,7.2,0,0,4.2
O09375,C1867,V025,P0934,2025-10-18,2,1866.67,3.6,0,0,4.7
O09376,C0510,V054,P0027,2025-01-07,3,968.41,4.6,0,0,4.3
O09377,C2226,V014,P0850,2025-06-19,1,618.56,2.7,0,0,4.4
O09378,C1222,V097,P0276,2025-05-18,1,784.95,7.4,0,0,4.4
O09379,C1717,V034,P0906,2025-06-06,1,546.92,4.2,0,0,4.5
O09380,C1050,V095,P0311,2025-09-14,3,823.79,4.8,0,0,4.7
O09381,C1809,V054,P0241,2025-05-17,2,1391.43,4.4,1,0,5.0
O09382,C0601,V065,P0966,2025-03-12,2,2265.5,3.5,0,0,3.9
O09383,C0652,V054,P0736,2025-02-24,3,2237.75,5.2,0,0,4.6
O09384,C1781,V071,P0562,2025-06-27,3,1442.54,2.5,0,0,4.3
O09385,C0350,V013,P0537,2025-08-17,2,775.96,4.8,0,0,4.0
O09386,C0398,V033,P0296,2025-03-09,1,776.6,5.9,0,0,3.5
O09387,C0185,V040,P0347,2025-05-06,4,3923.04,3.2,0,0,4.1
O09388,C0697,V036,P0401,2025-10-29,3,1687.53,3.3,0,1,4.2
O09389,C0712,V045,P0821,2025-06-27,2,1365.27,5.4,0,0,4.4
O09390,C0997,V041,P0951,2025-06-05,3,2680.48,2.6,0,0,4.3
O09391,C1733,V064,P0107,2025-06-04,2,1367.5,4.8,0,0,4.7
O09392,C1616,V081,P0346,2025-04-18,1,494.54,4.2,0,0,4.1
O09393,C1774,V096,P0266,2025-05-14,3,1579.94,6.1,0,0,4.6
O09394,C0095,V051,P0935,2025-10-13,2,1765.75,2.8,0,1,4.2
O09395,C2293,V020,P0696,2025-07-16,2,1221.87,4.9,0,0,3.8
O09396,C0204,V037,P0234,2025-10-03,3,1571.51,3.4,0,0,4.0
O09397,C1849,V034,P0798,2025-02-12,2,1769.84,3.8,0,0,4.1
O09398,C0926,V065,P0586,2025-11-20,2,951.67,3.8,0,0,4.2
O09399,C0818,V060,P0730,2025-08-10,1,521.93,2.6,0,0,3.7
O09400,C2484,V026,P0408,2025-02-03,1,401.29,3.5,0,0,3.8
O09401,C1559,V058,P0824,2025-03-01,4,2757.17,4.0,0,0,3.8
O09402,C0910,V055,P0862,2025-10-09,1,698.06,2.9,0,0,4.3
O09403,C1350,V062,P0302,2025-06-26,4,1466.91,5.7,0,0,3.9
O09404,C2074,V054,P0661,2025-05-28,2,341.62,4.5,0,0,4.6
O09405,C2463,V032,P0354,2025-10-04,3,1466.13,6.1,0,0,4.7
O09406,C2087,V002,P0339,2025-07-13,1,532.64,2.2,0,0,3.4
O09407,C0110,V059,P0123,2025-10-05,1,521.95,4.4,0,0,4.3
O09408,C1602,V051,P0935,2025-12-13,1,870.77,4.1,0,0,4.6
O09409,C1667,V012,P0238,2025-01-28,1,575.4,5.1,0,0,3.6
O09410,C1180,V086,P0011,2025-04-05,1,526.31,1.8,0,0,3.4
O09411,C2278,V079,P0688,2025-06-03,1,1093.19,4.5,0,0,4.1
O09412,C2266,V038,P0921,2025-05-14,1,309.02,4.1,0,0,3.7
O09413,C2293,V020,P0454,2025-08-13,1,684.47,5.0,0,0,4.0
O09414,C1844,V062,P0302,2025-02-01,2,646.87,5.0,0,0,4.7
O09415,C1988,V039,P0928,2025-09-03,5,3888.08,6.5,0,0,3.8
O09416,C0900,V027,P0181,2025-07-07,6,3184.24,5.8,0,0,3.4
O09417,C0600,V047,P0726,2025-12-26,1,474.22,3.3,0,0,3.9
O09418,C0287,V013,P0168,2025-02-28,1,440.33,3.7,0,0,4.0
O09419,C1156,V062,P0037,2025-02-04,2,332.92,3.1,0,0,4.2
O09420,C1909,V003,P0587,2025-05-01,1,702.03,1.7,0,0,3.8
O09421,C1317,V100,P0949,2025-11-30,2,432.14,6.4,0,0,3.7
O09422,C1668,V044,P0514,2025-12-21,4,1943.43,4.5,0,0,3.5
O09423,C1176,V080,P0298,2025-04-13,1,1272.13,5.0,0,0,4.1
O09424,C0787,V099,P0070,2025-10-07,3,934.17,5.3,0,1,4.2
O09425,C1525,V014,P0421,2025-02-10,3,2195.61,4.1,0,0,4.1
O09426,C1168,V097,P0751,2025-12-29,2,665.44,6.6,1,0,3.3
O09427,C1982,V051,P0639,2025-11-28,3,1329.62,5.4,0,0,4.2
O09428,C0205,V044,P0560,2025-01-07,4,2110.99,4.9,0,0,4.2
O09429,C0751,V058,P0651,2025-09-26,1,641.42,4.2,0,0,4.5
O09430,C2104,V021,P0431,2025-02-28,2,522.17,3.7,0,0,4.2
O09431,C1790,V069,P0163,2025-05-04,6,1413.93,2.3,0,0,5.0
O09432,C0597,V088,P0793,2025-02-15,3,1037.8,6.2,0,0,4.2
O09433,C0184,V013,P0093,2025-01-25,3,1926.62,2.6,0,0,5.0
O09434,C0171,V044,P0875,2025-11-17,1,506.84,4.7,0,0,4.3
O09435,C0926,V048,P0051,2025-07-06,1,736.8,7.3,0,1,3.8
O09436,C1199,V037,P0785,2025-08-02,3,1105.52,4.6,0,0,5.0
O09437,C1322,V052,P0399,2025-08-25,1,508.19,7.6,0,0,4.8
O09438,C2227,V077,P0942,2025-03-16,1,480.33,5.1,0,0,4.5
O09439,C0910,V081,P0804,2025-01-16,1,330.25,5.9,0,0,3.5
O09440,C2353,V100,P0390,2025-12-31,2,2480.58,3.4,0,1,4.3
O09441,C1997,V049,P0293,2025-09-21,4,1505.42,5.5,0,0,3.6
O09442,C1396,V068,P0042,2025-02-20,5,3828.68,4.3,0,0,3.9
O09443,C0825,V074,P0890,2025-11-18,3,796.58,2.2,0,0,4.9
O09444,C1760,V084,P0332,2025-01-29,3,929.98,5.6,0,0,3.9
O09445,C0017,V007,P0485,2025-07-03,3,1624.46,5.5,0,0,3.7
O09446,C1457,V013,P0135,2025-03-28,2,996.63,2.7,0,0,5.0
O09447,C0806,V032,P0927,2025-12-21,2,1630.81,5.1,0,0,4.7
O09448,C0944,V091,P0642,2025-04-17,2,1534.7,2.9,0,0,3.6
O09449,C1272,V068,P0197,2025-09-18,2,1585.34,3.3,0,0,3.8
O09450,C2420,V043,P0020,2025-06-06,2,2069.86,5.9,1,0,3.8
O09451,C2426,V013,P0287,2025-07-07,3,997.61,2.5,0,0,5.0
O09452,C0385,V057,P0706,2025-01-30,1,684.76,3.7,0,0,3.7
O09453,C1158,V062,P0302,2025-06-04,1,298.33,2.5,0,0,4.1
O09454,C2249,V089,P0779,2025-02-01,1,603.58,2.8,0,0,4.4
O09455,C0749,V006,P0676,2025-01-27,4,2042.45,6.0,1,0,3.5
O09456,C1026,V050,P0099,2025-12-15,3,623.64,3.9,0,0,5.0
O09457,C1587,V041,P0605,2025-11-04,3,1397.46,1.7,0,0,3.7
O09458,C1527,V007,P0178,2025-04-12,4,2462.5,2.9,1,0,3.9
O09459,C0387,V025,P0800,2025-08-13,1,1052.0,3.7,0,0,4.5
O09460,C0623,V027,P0181,2025-05-20,1,596.21,3.7,0,0,3.6
O09461,C1137,V036,P0598,2025-06-09,1,462.05,2.7,1,0,3.5
O09462,C1667,V052,P0231,2025-10-11,4,2450.06,5.6,0,0,5.0
O09463,C1959,V057,P0706,2025-02-24,3,2237.39,2.5,0,0,4.5
O09464,C1937,V084,P0156,2025-04-08,2,685.46,7.7,0,0,3.5
O09465,C2324,V016,P0167,2025-08-23,3,1096.76,4.6,0,0,4.1
O09466,C0635,V027,P0233,2025-11-21,3,1782.15,5.1,0,0,4.2
O09467,C1437,V048,P0151,2025-12-28,3,2957.27,4.5,0,0,3.9
O09468,C2048,V016,P0193,2025-10-17,1,889.37,3.6,0,0,3.7
O09469,C1425,V088,P0318,2025-05-30,3,2560.82,3.1,0,0,4.4
O09470,C1540,V059,P0622,2025-12-12,2,936.56,5.7,0,1,4.3
O09471,C2351,V063,P0467,2025-09-21,1,362.08,1.9,0,0,4.7
O09472,C1771,V042,P0756,2025-04-06,2,1028.05,5.2,0,1,4.7
O09473,C1265,V031,P0277,2025-01-05,3,2830.82,2.0,0,0,4.2
O09474,C1646,V099,P0986,2025-05-08,2,1170.73,3.2,0,0,3.8
O09475,C1911,V003,P0895,2025-09-16,1,256.72,3.3,0,0,3.6
O09476,C1145,V065,P0507,2025-10-18,2,1079.03,4.6,1,0,4.6
O09477,C0609,V022,P0692,2025-03-04,1,739.38,6.2,0,0,3.8
O09478,C0997,V003,P0495,2025-11-03,2,1207.86,2.2,0,0,4.2
O09479,C0020,V069,P0711,2025-05-23,2,461.69,2.7,0,0,3.8
O09480,C1416,V060,P0730,2025-04-07,3,1674.93,3.7,0,0,4.0
O09481,C2288,V016,P0344,2025-01-18,4,7183.2,5.1,0,1,4.4
O09482,C1337,V013,P0007,2025-04-07,2,465.87,4.7,0,0,4.8
O09483,C2425,V054,P0027,2025-04-13,1,354.26,3.8,0,0,4.0
O09484,C2183,V076,P0453,2025-05-20,3,1559.64,2.0,0,0,4.9
O09485,C1262,V089,P0205,2025-12-31,4,3374.53,3.4,0,0,4.6
O09486,C2028,V003,P0204,2025-08-30,2,899.04,4.7,0,0,5.0
O09487,C1933,V074,P0096,2025-02-22,5,2651.45,4.0,0,0,4.6
O09488,C2397,V004,P0944,2025-01-12,2,484.56,2.3,0,0,3.5
O09489,C1399,V085,P0345,2025-01-21,1,222.55,5.3,0,0,3.7
O09490,C0921,V063,P0663,2025-07-15,2,795.34,2.6,0,0,4.7
O09491,C1243,V037,P0234,2025-10-12,3,1430.25,2.7,1,0,4.2
O09492,C1373,V096,P0721,2025-10-20,1,1710.64,6.8,0,0,3.8
O09493,C1215,V086,P0524,2025-04-04,2,1611.62,2.3,0,0,4.3
O09494,C1516,V074,P0134,2025-02-21,6,4766.79,4.1,0,0,4.4
O09495,C2081,V066,P0538,2025-06-22,3,3768.41,2.8,0,0,5.0
O09496,C0810,V020,P0071,2025-06-21,1,379.84,1.7,0,0,3.5
O09497,C0468,V061,P0119,2025-09-20,4,1818.1,5.8,0,0,4.3
O09498,C0207,V057,P0732,2025-02-02,1,719.71,4.6,0,0,3.8
O09499,C0971,V015,P0289,2025-06-17,2,1167.57,2.3,0,0,3.6
O09500,C1461,V093,P0955,2025-05-17,5,4423.18,3.3,0,1,4.1
O09501,C0128,V065,P0600,2025-08-11,1,539.27,3.6,1,0,3.7
O09502,C1111,V015,P0150,2025-07-28,2,1033.96,4.8,0,0,4.1
O09503,C1443,V060,P0975,2025-09-03,4,1939.11,1.9,0,0,4.2
O09504,C1094,V090,P0053,2025-05-10,3,846.31,4.4,0,0,4.3
O09505,C0693,V082,P0544,2025-02-16,2,573.96,2.5,0,0,4.5
O09506,C0493,V023,P0828,2025-11-12,3,1075.61,3.1,0,0,4.1
O09507,C0683,V013,P0183,2025-08-08,2,600.63,4.5,0,0,4.3
O09508,C1346,V019,P0447,2025-06-28,2,971.69,2.2,0,0,3.9
O09509,C1755,V039,P0175,2025-09-16,1,567.8,5.3,0,0,4.7
O09510,C1969,V059,P0012,2025-09-19,2,1872.24,3.2,0,0,4.1
O09511,C0190,V081,P0618,2025-06-13,1,699.87,5.0,0,0,4.0
O09512,C0399,V006,P0044,2025-01-30,1,331.13,6.5,0,0,4.0
O09513,C0992,V090,P0053,2025-07-22,4,1299.97,3.4,0,0,3.8
O09514,C2311,V029,P0474,2025-03-23,1,811.1,3.9,0,0,3.9
O09515,C0625,V058,P0741,2025-09-25,1,464.5,2.7,0,0,4.3
O09516,C0754,V055,P0801,2025-05-15,4,2963.85,4.8,0,0,4.5
O09517,C1708,V091,P0964,2025-02-06,1,816.88,2.4,0,0,3.9
O09518,C0569,V031,P0424,2025-04-23,1,709.93,2.8,0,0,4.5
O09519,C1984,V048,P0151,2025-05-29,5,5516.47,5.5,0,0,4.2
O09520,C1814,V038,P0100,2025-02-27,1,396.2,3.7,0,0,4.5
O09521,C1021,V023,P0161,2025-04-22,2,900.42,4.7,0,0,4.5
O09522,C0348,V026,P0795,2025-07-03,6,1941.79,4.8,0,0,4.7
O09523,C2076,V004,P0459,2025-06-20,4,3437.93,3.0,0,0,4.4
O09524,C1338,V095,P0340,2025-11-02,1,2089.79,5.0,0,1,3.9
O09525,C2258,V043,P0768,2025-02-18,2,1217.34,7.9,0,0,3.8
O09526,C0584,V041,P0306,2025-12-19,6,861.09,3.9,1,0,3.9
O09527,C2473,V051,P0810,2025-04-05,3,911.55,4.7,0,0,4.1
O09528,C0723,V022,P0945,2025-04-04,3,2406.45,5.2,0,0,4.1
O09529,C1976,V023,P0446,2025-01-08,3,1093.66,3.3,0,0,5.0
O09530,C2262,V011,P0564,2025-09-28,5,4369.11,3.7,0,0,4.7
O09531,C1975,V080,P0669,2025-11-02,3,751.32,2.9,0,0,3.4
O09532,C0914,V065,P0637,2025-02-07,5,2062.15,1.7,0,0,4.9
O09533,C1907,V024,P0177,2025-08-07,5,2514.57,2.5,1,0,4.8
O09534,C2084,V014,P0694,2025-04-20,3,1884.02,2.4,0,0,4.4
O09535,C2170,V037,P0803,2025-08-17,2,1723.16,4.2,0,0,4.8
O09536,C2093,V090,P0371,2025-01-14,3,1545.04,5.0,0,0,3.9
O09537,C0926,V074,P0782,2025-05-20,3,1750.11,4.5,0,0,3.8
O09538,C2458,V054,P0498,2025-01-04,1,527.68,5.5,0,1,4.2
O09539,C1132,V028,P0373,2025-12-14,4,2767.24,5.1,0,0,4.6
O09540,C0438,V004,P0047,2025-08-14,3,1926.61,1.0,0,1,4.1
O09541,C0659,V012,P0194,2025-09-20,1,530.42,3.4,0,0,4.0
O09542,C2261,V095,P0656,2025-05-27,1,265.55,6.3,0,0,4.1
O09543,C2015,V036,P0598,2025-12-11,2,842.23,2.8,0,0,3.3
O09544,C1197,V033,P0832,2025-10-30,1,614.56,4.1,0,0,4.4
O09545,C1331,V077,P0865,2025-11-04,3,3224.8,4.0,0,0,4.0
O09546,C2131,V008,P0398,2025-11-12,3,1176.34,4.1,0,0,3.6
O09547,C1939,V042,P0621,2025-03-21,1,750.23,4.3,0,0,4.3
O09548,C0955,V046,P0948,2025-03-26,1,305.19,2.3,0,0,3.0
O09549,C0358,V051,P0016,2025-11-17,2,1167.75,4.8,0,0,4.0
O09550,C1320,V052,P0667,2025-02-19,5,1794.86,5.0,0,1,3.9
O09551,C1713,V031,P0884,2025-05-15,3,1380.92,1.0,0,0,4.1
O09552,C0150,V053,P0710,2025-01-17,5,6402.83,5.4,1,0,4.3
O09553,C1385,V023,P0623,2025-06-06,2,656.63,5.4,0,1,4.2
O09554,C1583,V014,P0694,2025-02-11,1,553.22,4.1,0,0,4.6
O09555,C2093,V084,P0220,2025-05-28,1,897.3,6.5,0,0,3.6
O09556,C1972,V089,P0512,2025-12-26,3,1697.5,3.1,1,0,3.9
O09557,C0118,V042,P0756,2025-06-26,3,1890.0,2.8,0,0,4.1
O09558,C1814,V077,P0250,2025-07-12,2,1316.72,4.5,0,0,4.4
O09559,C2466,V098,P0855,2025-01-29,8,2871.81,2.5,0,0,4.6
O09560,C0843,V076,P0453,2025-08-05,1,573.06,5.5,0,0,5.0
O09561,C1120,V076,P0774,2025-01-02,2,1844.29,2.3,0,0,4.3
O09562,C0976,V013,P0412,2025-11-10,1,464.65,3.9,0,0,4.3
O09563,C2194,V079,P0688,2025-11-20,2,2585.01,2.3,0,0,4.1
O09564,C1652,V044,P0279,2025-05-06,3,2705.03,4.5,0,0,4.0
O09565,C0870,V029,P0778,2025-07-14,3,1416.25,3.8,0,0,4.0
O09566,C0558,V001,P0702,2025-06-05,5,3966.36,7.2,1,0,4.9
O09567,C2138,V013,P0559,2025-11-01,1,968.18,4.1,0,0,5.0
O09568,C1786,V041,P0747,2025-03-21,1,258.7,3.9,0,0,2.9
O09569,C0680,V068,P0042,2025-02-17,1,560.97,4.8,0,0,4.4
O09570,C0719,V049,P0293,2025-07-10,1,346.27,5.3,0,0,3.4
O09571,C2420,V054,P0232,2025-01-21,1,238.86,4.8,0,0,4.4
O09572,C0515,V024,P0723,2025-08-18,3,746.73,3.7,1,0,3.9
O09573,C2144,V068,P0860,2025-06-19,2,1014.79,3.6,0,0,4.0
O09574,C1016,V051,P0687,2025-03-02,1,451.46,3.8,0,0,4.7
O09575,C2294,V013,P0143,2025-09-04,1,694.42,1.4,0,0,4.2
O09576,C1364,V054,P0661,2025-07-22,4,743.68,6.4,0,0,4.1
O09577,C1639,V067,P0682,2025-12-11,2,1141.22,1.0,0,0,3.0
O09578,C0051,V025,P0807,2025-09-30,1,653.89,4.4,0,0,5.0
O09579,C0247,V100,P0609,2025-11-12,2,1025.77,4.9,0,0,3.9
O09580,C0871,V059,P0159,2025-07-14,1,534.91,4.1,0,0,4.6
O09581,C0964,V087,P0580,2025-08-31,2,705.53,3.8,0,0,4.0
O09582,C1697,V026,P0837,2025-11-27,1,544.75,5.5,0,0,3.4
O09583,C0800,V070,P0260,2025-08-25,2,1020.35,6.5,0,0,3.8
O09584,C2309,V081,P0804,2025-10-20,2,777.43,4.9,0,0,3.3
O09585,C0680,V055,P0677,2025-01-26,2,1491.63,3.9,0,1,4.7
O09586,C2266,V015,P0149,2025-03-17,8,4702.36,1.7,0,0,3.6
O09587,C1292,V077,P0880,2025-11-13,1,461.73,4.7,0,0,4.4
O09588,C0271,V057,P0351,2025-09-12,1,616.84,5.7,0,0,4.3
O09589,C2077,V095,P0120,2025-02-23,1,529.2,5.4,0,0,4.6
O09590,C0927,V043,P0630,2025-09-14,2,2158.7,5.5,0,0,4.5
O09591,C1192,V087,P0003,2025-04-21,3,1121.47,6.7,0,0,3.5
O09592,C1797,V080,P0660,2025-05-31,1,1079.21,3.2,0,0,3.9
O09593,C1021,V038,P0317,2025-05-20,3,2163.31,2.4,0,0,3.8
O09594,C0992,V031,P0613,2025-05-28,1,1011.8,2.4,0,0,4.1
O09595,C2173,V091,P0964,2025-08-22,3,2553.06,2.2,1,0,3.5
O09596,C2299,V024,P0606,2025-09-15,1,393.01,3.5,1,0,3.7
O09597,C0909,V084,P0570,2025-05-28,2,1271.5,4.6,0,0,3.5
O09598,C1900,V023,P0828,2025-11-23,4,1511.16,3.0,0,0,4.3
O09599,C1779,V076,P0774,2025-02-20,1,843.62,1.0,0,0,4.1
O09600,C2246,V001,P0482,2025-10-10,4,1215.63,5.5,0,0,4.4
O09601,C1734,V002,P0237,2025-08-12,3,1421.5,6.7,0,0,4.2
O09602,C2055,V057,P0582,2025-02-15,2,964.26,4.2,0,0,4.1
O09603,C0304,V026,P0253,2025-05-20,3,6112.92,5.4,0,1,4.3
O09604,C2352,V081,P0074,2025-01-04,1,429.46,2.7,0,0,3.2
O09605,C2355,V008,P0338,2025-12-27,2,934.66,4.1,0,0,4.6
O09606,C2204,V018,P0325,2025-04-20,1,890.09,6.2,0,0,4.7
O09607,C0954,V032,P0971,2025-01-12,1,1454.77,4.7,0,0,4.0
O09608,C0733,V025,P0957,2025-06-11,4,2744.03,4.1,0,1,5.0
O09609,C1725,V096,P0926,2025-03-09,2,1177.93,3.9,0,0,3.9
O09610,C2080,V052,P0956,2025-07-06,1,740.44,4.5,0,0,4.8
O09611,C0276,V099,P0567,2025-05-08,2,1050.1,3.6,0,0,3.9
O09612,C1655,V036,P0401,2025-05-14,3,1886.69,2.0,0,0,4.3
O09613,C1810,V085,P0166,2025-03-27,2,2076.8,6.4,0,0,3.9
O09614,C1518,V090,P0919,2025-11-07,2,2429.42,5.4,0,0,3.7
O09615,C0910,V062,P0037,2025-12-12,5,723.63,5.8,0,0,3.7
O09616,C0029,V095,P0999,2025-08-27,5,2099.46,5.5,0,0,4.0
O09617,C0889,V047,P0548,2025-04-16,3,3788.21,2.1,0,0,4.0
O09618,C0195,V022,P0125,2025-12-05,1,834.01,4.4,0,0,4.4
O09619,C1039,V039,P0985,2025-02-04,4,2422.46,5.6,0,0,5.0
O09620,C2479,V046,P0359,2025-08-20,1,520.53,3.1,0,1,4.0
O09621,C0644,V013,P0763,2025-01-20,1,549.57,1.7,0,0,4.1
O09622,C0897,V026,P0272,2025-03-29,2,1174.22,4.2,0,0,4.5
O09623,C1910,V090,P0053,2025-05-15,2,621.28,5.9,0,0,4.0
O09624,C1839,V082,P0113,2025-12-24,1,476.89,4.1,0,0,4.9
O09625,C0684,V089,P0437,2025-01-22,4,2268.35,3.2,0,0,3.9
O09626,C1996,V027,P0309,2025-01-24,3,1003.45,1.5,0,0,4.2
O09627,C1849,V049,P0835,2025-06-25,1,412.13,3.6,0,1,4.4
O09628,C1435,V039,P0740,2025-07-05,4,1693.33,6.4,0,0,4.5
O09629,C2002,V052,P0956,2025-02-10,2,1657.7,4.4,0,1,5.0
O09630,C1556,V095,P0118,2025-10-15,1,911.47,5.7,0,0,4.2
O09631,C1568,V054,P0661,2025-11-29,2,412.78,6.2,0,0,4.0
O09632,C2318,V096,P0266,2025-05-10,2,1124.03,6.1,0,0,4.4
O09633,C0597,V041,P0404,2025-12-23,1,663.52,5.0,1,0,3.7
O09634,C2122,V032,P0927,2025-10-04,4,2596.59,7.1,0,0,4.7
O09635,C1644,V091,P0799,2025-09-21,2,770.91,5.2,1,0,3.8
O09636,C0504,V024,P0699,2025-10-20,3,2566.58,2.5,0,0,5.0
O09637,C0587,V078,P0025,2025-01-09,3,1524.0,3.3,0,0,4.4
O09638,C0260,V064,P0717,2025-05-15,2,899.05,3.2,0,0,3.8
O09639,C0290,V043,P0849,2025-11-25,1,1021.05,7.2,0,0,3.8
O09640,C0787,V086,P0524,2025-03-26,1,664.98,3.2,0,0,3.5
O09641,C0009,V091,P0314,2025-03-11,2,1458.78,3.6,0,0,3.8
O09642,C0873,V088,P0285,2025-12-13,2,1055.38,2.7,0,0,4.2
O09643,C2434,V064,P0361,2025-10-04,1,451.21,3.9,0,0,3.0
O09644,C0784,V063,P0467,2025-05-16,2,677.28,2.8,0,0,4.2
O09645,C0468,V046,P0443,2025-09-17,1,426.57,3.2,0,0,3.9
O09646,C1644,V097,P0751,2025-08-04,1,343.6,6.3,0,0,4.8
O09647,C2073,V077,P0865,2025-02-19,3,3603.28,3.9,0,0,4.2
O09648,C1112,V068,P0342,2025-05-26,4,3087.44,5.2,0,0,3.9
O09649,C1520,V068,P0342,2025-11-12,2,1371.13,3.2,1,0,3.6
O09650,C1269,V056,P0894,2025-11-27,4,2739.27,4.8,0,0,4.4
O09651,C1495,V039,P0175,2025-08-27,2,1189.83,5.8,0,0,4.7
O09652,C2351,V014,P0263,2025-09-22,2,669.68,3.7,1,0,4.0
O09653,C1316,V048,P0151,2025-11-15,3,2760.85,5.0,0,0,4.3
O09654,C1975,V011,P0851,2025-07-28,5,4815.91,2.3,0,1,4.5
O09655,C2158,V050,P0743,2025-11-27,2,801.07,5.2,1,0,4.3
O09656,C0220,V070,P0465,2025-02-07,4,877.68,6.0,0,0,3.6
O09657,C1694,V065,P0771,2025-02-13,1,595.74,5.3,1,0,3.8
O09658,C0809,V096,P0304,2025-01-25,2,833.3,4.3,0,0,3.6
O09659,C0019,V047,P0245,2025-03-07,1,497.99,3.6,1,0,3.1
O09660,C1842,V034,P0542,2025-12-16,8,4780.43,3.3,0,0,3.8
O09661,C2152,V029,P0778,2025-04-18,5,2385.36,5.9,0,0,3.7
O09662,C1119,V062,P0597,2025-09-25,3,942.55,2.6,1,0,4.2
O09663,C1288,V042,P0081,2025-07-27,1,318.92,3.7,0,0,4.3
O09664,C1429,V002,P0843,2025-06-12,1,917.94,5.0,0,0,3.5
O09665,C0596,V085,P0098,2025-04-04,2,1051.06,4.6,0,0,3.9
O09666,C1262,V092,P0152,2025-12-17,1,620.91,7.8,0,0,4.7
O09667,C0570,V099,P0567,2025-08-28,6,3161.29,3.8,0,0,4.3
O09668,C0413,V025,P0422,2025-12-13,3,1952.25,4.3,0,0,4.9
O09669,C0492,V071,P0129,2025-01-19,1,746.19,3.8,0,0,4.5
O09670,C0559,V067,P0357,2025-10-25,1,343.76,2.3,1,0,4.5
O09671,C1455,V071,P0562,2025-01-23,1,493.02,3.7,0,0,3.8
O09672,C1202,V100,P0010,2025-02-24,2,2202.31,3.6,0,0,4.6
O09673,C1124,V092,P0152,2025-04-12,1,756.85,5.5,0,0,4.9
O09674,C1129,V054,P0498,2025-02-10,3,1416.13,4.3,1,0,4.8
O09675,C1073,V066,P0670,2025-05-25,2,1328.85,4.2,0,0,3.7
O09676,C1129,V023,P0828,2025-11-21,1,324.53,3.8,0,0,4.1
O09677,C1054,V014,P0421,2025-11-12,1,751.23,3.7,0,0,3.3
O09678,C2120,V001,P0852,2025-11-02,5,1848.89,5.0,0,0,4.6
O09679,C2481,V017,P0212,2025-10-29,1,394.69,2.4,0,0,4.2
O09680,C0583,V078,P0968,2025-01-27,3,1013.72,2.0,1,0,3.0
O09681,C1432,V078,P0218,2025-03-14,5,1801.5,1.2,0,0,3.4
O09682,C0960,V086,P0407,2025-12-07,4,2496.35,4.3,0,0,3.8
O09683,C2141,V011,P0961,2025-12-11,3,1695.6,3.3,0,0,4.8
O09684,C0560,V013,P0168,2025-05-01,3,1338.26,3.8,0,1,4.2
O09685,C1814,V051,P0117,2025-04-13,3,1166.42,3.9,0,0,3.9
O09686,C0845,V007,P0485,2025-07-29,3,1575.33,3.8,0,1,4.2
O09687,C2223,V027,P0233,2025-12-21,1,690.0,2.7,0,0,4.1
O09688,C1068,V015,P0876,2025-04-17,1,1111.33,2.6,0,0,4.0
O09689,C0562,V069,P0550,2025-02-25,1,472.54,3.1,0,0,5.0
O09690,C1357,V049,P0836,2025-10-12,5,3020.55,4.3,0,1,4.2
O09691,C0177,V045,P0061,2025-03-11,2,617.53,5.0,0,0,3.9
O09692,C0825,V095,P0120,2025-04-11,2,979.08,4.5,0,1,4.4
O09693,C2478,V015,P0876,2025-11-29,3,3511.03,4.2,0,0,3.8
O09694,C2292,V031,P0223,2025-12-29,2,1192.84,1.7,0,1,4.8
O09695,C0916,V060,P0353,2025-03-06,1,391.22,3.1,0,0,4.3
O09696,C0035,V013,P0143,2025-04-15,1,705.28,1.9,0,0,4.2
O09697,C0188,V012,P0343,2025-11-27,1,416.66,2.5,1,0,5.0
O09698,C1497,V048,P0094,2025-08-07,1,942.44,5.4,0,0,4.1
O09699,C0352,V065,P0171,2025-10-09,3,3074.22,2.9,0,0,4.3
O09700,C1493,V100,P0619,2025-06-29,1,581.43,5.4,1,0,3.6
O09701,C1558,V070,P0440,2025-09-14,2,1862.78,5.4,0,0,4.3
O09702,C1111,V100,P0549,2025-12-15,4,2118.15,4.1,0,1,4.3
O09703,C2096,V059,P0012,2025-05-29,2,1615.87,2.5,0,0,3.9
O09704,C2165,V091,P0475,2025-06-29,5,5369.56,5.2,0,0,4.0
O09705,C0196,V054,P0308,2025-02-03,2,559.97,6.7,0,0,4.8
O09706,C1147,V012,P0224,2025-04-07,2,799.73,5.0,0,0,4.6
O09707,C1138,V047,P0164,2025-01-10,3,896.44,5.2,0,0,3.2
O09708,C1626,V062,P0597,2025-04-20,2,732.17,4.2,0,0,4.3
O09709,C1156,V078,P0218,2025-10-18,4,1749.19,4.3,0,0,3.0
O09710,C0135,V073,P0341,2025-11-22,4,2109.93,6.1,0,0,4.4
O09711,C1402,V022,P0145,2025-06-05,2,597.42,5.9,0,0,3.5
O09712,C2102,V033,P0629,2025-07-07,2,1440.67,4.4,0,0,4.3
O09713,C0635,V024,P0699,2025-10-18,2,1762.94,3.7,0,0,3.4
O09714,C1729,V077,P0103,2025-12-07,3,1555.49,6.3,0,0,4.1
O09715,C0990,V086,P0672,2025-05-23,2,1422.42,3.4,0,0,4.2
O09716,C1034,V011,P0924,2025-08-13,3,1679.24,1.4,0,0,4.2
O09717,C1941,V048,P0109,2025-10-04,4,2266.07,5.9,0,0,4.5
O09718,C0829,V045,P0960,2025-08-17,2,1371.51,4.2,0,1,4.8
O09719,C0042,V084,P0156,2025-12-12,4,1356.73,2.0,1,0,4.0
O09720,C1698,V013,P0007,2025-07-07,3,647.64,1.8,0,1,4.2
O09721,C0784,V097,P0751,2025-07-06,4,1230.31,4.8,0,0,3.7
O09722,C1843,V006,P0056,2025-10-31,2,590.02,6.3,0,0,4.4
O09723,C1211,V038,P0317,2025-10-21,1,723.56,2.2,0,1,4.2
O09724,C1733,V076,P0031,2025-07-13,4,2295.59,2.3,0,0,4.4
O09725,C1006,V004,P0923,2025-05-09,1,940.95,2.8,0,0,4.5
O09726,C2382,V062,P0037,2025-07-12,2,289.54,4.5,0,1,3.2
O09727,C1121,V039,P0060,2025-02-20,3,2427.47,5.5,0,0,5.0
O09728,C1842,V046,P0292,2025-09-17,1,522.39,1.5,0,0,3.8
O09729,C1813,V096,P0842,2025-01-02,2,1083.21,5.3,0,0,4.2
O09730,C1156,V006,P0044,2025-09-19,2,575.78,5.0,0,0,3.1
O09731,C2298,V006,P0180,2025-12-06,2,602.91,7.3,0,0,3.5
O09732,C1678,V052,P0911,2025-07-14,1,791.41,3.2,0,0,3.5
O09733,C0705,V019,P0508,2025-12-15,1,276.89,4.7,0,0,4.9
O09734,C1363,V049,P0835,2025-09-30,2,807.98,5.3,0,0,3.8
O09735,C1871,V017,P0811,2025-10-10,3,3193.02,2.8,0,0,3.8
O09736,C0892,V007,P0189,2025-12-21,2,906.87,5.5,0,0,3.5
O09737,C0536,V002,P0781,2025-12-13,5,4622.58,4.3,0,0,3.8
O09738,C0778,V021,P0635,2025-02-06,1,853.79,5.2,0,0,4.4
O09739,C2221,V048,P0430,2025-01-04,2,1051.63,6.0,0,0,4.0
O09740,C1957,V064,P0717,2025-09-18,1,544.26,2.9,0,1,3.7
O09741,C1944,V017,P0028,2025-11-14,1,366.3,1.2,0,0,4.6
O09742,C1794,V070,P0084,2025-01-05,2,1308.48,5.4,1,0,4.4
O09743,C1111,V042,P0262,2025-10-14,3,3881.76,5.2,0,0,4.8
O09744,C2110,V043,P0849,2025-11-17,3,3053.12,6.9,0,0,3.4
O09745,C1730,V006,P0044,2025-09-09,4,1356.08,5.2,0,0,3.9
O09746,C2347,V085,P0345,2025-09-19,3,706.91,5.7,0,0,3.0
O09747,C1798,V031,P0424,2025-02-23,1,601.15,3.3,0,0,4.5
O09748,C1552,V085,P0780,2025-05-14,1,342.42,4.4,0,0,3.8
O09749,C0172,V068,P0197,2025-08-04,1,955.11,4.4,0,0,4.4
O09750,C1609,V089,P0206,2025-03-03,3,2650.19,1.0,0,0,4.0
O09751,C0797,V090,P0919,2025-07-22,3,3003.63,3.8,0,0,4.0
O09752,C0219,V047,P0245,2025-01-24,2,921.17,4.8,1,0,3.5
O09753,C1294,V065,P0590,2025-06-22,5,7394.81,3.7,0,0,3.8
O09754,C0390,V052,P0083,2025-04-11,4,1787.61,5.3,0,0,4.5
O09755,C1589,V077,P0103,2025-01-10,4,2068.04,4.6,1,0,4.1
O09756,C0529,V010,P0497,2025-05-07,4,1621.67,5.1,0,0,3.9
O09757,C1616,V029,P0101,2025-12-17,3,1066.5,3.4,0,0,3.0
O09758,C0179,V062,P0064,2025-12-06,2,982.5,4.5,0,0,4.2
O09759,C0391,V027,P0181,2025-05-07,4,1951.66,3.0,0,0,4.3
O09760,C0745,V048,P0558,2025-05-02,5,3809.52,6.3,0,0,5.0
O09761,C0844,V076,P0045,2025-05-26,2,786.65,3.9,0,0,4.4
O09762,C0075,V063,P0838,2025-09-30,2,1541.39,2.4,0,1,4.6
O09763,C1686,V096,P0174,2025-01-06,4,1037.86,6.5,0,0,3.8
O09764,C0411,V040,P0041,2025-12-09,1,668.88,4.3,0,0,3.6
O09765,C0762,V081,P0346,2025-11-14,4,2116.23,4.8,1,0,4.3
O09766,C1037,V010,P0497,2025-09-27,2,637.24,3.7,0,0,4.6
O09767,C1627,V049,P0836,2025-04-10,2,1453.59,3.7,0,0,4.3
O09768,C0526,V070,P0084,2025-10-24,2,1293.68,5.3,0,0,4.5
O09769,C0520,V081,P0368,2025-11-24,3,1602.53,5.0,0,0,4.9
O09770,C1647,V083,P0873,2025-08-30,3,995.44,4.7,0,0,2.5
O09771,C1417,V070,P0871,2025-09-29,5,2527.04,4.5,0,0,4.3
O09772,C1283,V082,P0878,2025-08-17,2,986.45,4.8,0,0,4.0
O09773,C1785,V037,P0674,2025-12-02,2,3034.67,4.3,0,0,4.0
O09774,C0772,V044,P0379,2025-10-26,3,1382.57,3.0,0,0,4.6
O09775,C1726,V046,P0443,2025-10-09,2,944.39,2.7,0,0,4.3
O09776,C0465,V026,P0272,2025-05-23,3,1668.67,4.1,0,0,4.8
O09777,C2158,V025,P0712,2025-07-06,4,803.22,1.5,0,0,4.3
O09778,C1345,V044,P0903,2025-02-16,3,2959.57,4.2,0,0,3.8
O09779,C2465,V050,P0743,2025-06-10,3,1297.22,4.5,0,0,4.2
O09780,C0886,V047,P0164,2025-11-13,1,289.1,3.5,0,0,4.4
O09781,C2367,V066,P0286,2025-03-29,2,1571.99,3.7,0,0,4.6
O09782,C0083,V025,P0957,2025-07-10,4,2605.0,2.6,0,0,4.5
O09783,C1901,V094,P0137,2025-05-26,2,875.79,3.3,0,0,4.1
O09784,C1951,V018,P0973,2025-12-01,1,1321.04,5.6,0,0,3.2
O09785,C1520,V097,P0456,2025-01-14,1,358.23,5.7,0,0,4.0
O09786,C0544,V012,P0516,2025-07-28,1,739.91,3.9,0,0,3.9
O09787,C0175,V005,P0350,2025-09-25,2,2561.55,4.5,0,0,3.9
O09788,C1599,V081,P0854,2025-01-10,2,1023.86,4.0,0,0,4.3
O09789,C1624,V013,P0007,2025-11-05,1,238.28,3.6,0,0,4.7
O09790,C2151,V032,P0144,2025-01-10,1,440.06,4.1,0,0,4.1
O09791,C0708,V020,P0454,2025-12-08,1,608.25,4.8,0,0,4.2
O09792,C2405,V013,P0763,2025-10-02,3,1670.66,4.7,0,0,4.8
O09793,C2177,V031,P0413,2025-12-20,2,699.86,2.7,0,0,5.0
O09794,C2190,V024,P0853,2025-10-07,1,352.28,2.5,0,0,5.0
O09795,C1796,V077,P0305,2025-02-18,1,598.97,6.3,0,0,3.6
O09796,C2188,V015,P0150,2025-02-28,1,546.59,3.1,0,1,3.9
O09797,C0739,V039,P0481,2025-08-19,3,2218.58,6.5,1,0,5.0
O09798,C0701,V048,P0051,2025-11-06,1,750.7,3.5,0,0,4.3
O09799,C0796,V053,P0128,2025-09-07,1,594.38,5.4,0,0,3.3
O09800,C0279,V031,P0742,2025-05-20,2,1211.68,2.5,0,0,4.8
O09801,C0006,V033,P0832,2025-01-01,4,3130.15,5.2,0,0,4.1
O09802,C2386,V070,P0941,2025-05-25,4,1796.04,6.0,0,0,4.4
O09803,C2445,V026,P0448,2025-01-20,1,951.71,2.9,0,0,4.2
O09804,C1646,V044,P0337,2025-09-05,2,1515.4,4.9,0,0,3.9
O09805,C0294,V054,P0027,2025-09-07,2,628.26,3.3,0,0,3.8
O09806,C0843,V010,P0777,2025-11-15,4,6268.76,5.5,0,0,4.8
O09807,C0012,V093,P0955,2025-05-24,2,1957.02,4.0,0,0,3.9
O09808,C1068,V095,P0002,2025-03-23,2,667.54,4.6,1,0,4.4
O09809,C1564,V042,P0621,2025-03-13,1,765.28,5.5,0,0,3.6
O09810,C1847,V044,P0875,2025-12-30,3,1507.81,3.9,0,0,3.9
O09811,C1767,V047,P0548,2025-07-04,1,1284.4,5.1,1,0,3.6
O09812,C0381,V073,P0759,2025-06-07,2,2297.05,6.4,0,0,4.2
O09813,C0529,V021,P0315,2025-01-13,4,4204.29,5.7,0,0,5.0
O09814,C0289,V060,P0124,2025-01-28,2,1587.63,4.4,0,1,4.2
O09815,C0730,V016,P0840,2025-07-31,1,518.02,4.6,0,0,4.2
O09816,C1277,V029,P0541,2025-01-08,1,1270.67,5.3,0,0,3.6
O09817,C0204,V038,P0317,2025-08-14,3,2174.71,5.3,0,0,4.0
O09818,C2432,V077,P0865,2025-12-08,3,3118.29,5.4,0,0,4.1
O09819,C2104,V021,P0819,2025-01-25,3,1026.73,5.2,0,0,5.0
O09820,C2479,V042,P0621,2025-09-20,2,1459.22,4.8,0,0,4.3
O09821,C1023,V084,P0156,2025-12-26,2,679.4,5.8,0,0,4.0
O09822,C1135,V060,P0536,2025-08-25,3,2234.02,4.6,0,0,4.2
O09823,C0184,V003,P0895,2025-01-30,1,249.66,5.3,1,0,4.1
O09824,C1843,V080,P0026,2025-02-08,3,1405.41,4.0,0,0,4.2
O09825,C0718,V063,P0992,2025-03-31,2,919.7,2.7,0,1,4.6
O09826,C0864,V014,P0850,2025-12-20,2,1092.12,4.2,0,0,4.5
O09827,C0367,V088,P0318,2025-11-12,8,6629.22,3.7,0,0,3.8
O09828,C1136,V085,P0345,2025-12-17,4,877.3,2.7,0,0,3.7
O09829,C0640,V066,P0172,2025-04-09,3,2146.63,5.3,1,0,4.4
O09830,C0394,V086,P0809,2025-06-12,2,1686.46,3.2,0,0,4.7
O09831,C0190,V039,P0229,2025-03-14,2,548.13,5.3,0,0,4.3
O09832,C1411,V048,P0151,2025-10-17,1,966.81,6.8,0,0,3.8
O09833,C1061,V055,P0862,2025-08-16,4,2709.17,4.1,0,0,4.8
O09834,C0811,V051,P0122,2025-03-06,4,3239.46,4.9,0,0,4.9
O09835,C0573,V015,P0876,2025-01-29,1,1152.95,3.3,0,0,4.6
O09836,C1464,V051,P0639,2025-01-16,5,2368.08,4.0,0,0,4.3
O09837,C0239,V032,P0571,2025-03-31,1,350.35,2.7,0,0,3.8
O09838,C1351,V058,P0651,2025-02-04,1,632.74,3.0,0,0,4.4
O09839,C1589,V039,P0175,2025-01-24,2,1099.28,6.7,0,0,4.1
O09840,C1689,V037,P0654,2025-03-22,1,571.25,2.5,0,0,4.2
O09841,C0901,V065,P0417,2025-11-26,4,2266.21,1.2,0,0,4.3
O09842,C1435,V020,P0733,2025-11-04,3,1066.93,2.5,0,0,3.7
O09843,C0193,V085,P0915,2025-06-17,1,184.87,6.0,0,1,4.3
O09844,C0829,V049,P0836,2025-12-08,3,1617.17,6.1,0,0,3.7
O09845,C1836,V017,P0856,2025-07-11,1,718.31,2.9,1,0,4.7
O09846,C1959,V026,P0448,2025-12-03,3,3053.63,2.4,0,0,4.2
O09847,C0488,V054,P0241,2025-10-26,4,2714.17,6.0,0,0,4.1
O09848,C1362,V047,P0726,2025-12-24,2,1001.84,6.0,0,0,3.5
O09849,C0774,V081,P0861,2025-03-25,2,872.1,4.3,0,0,4.4
O09850,C1098,V080,P0883,2025-04-22,2,1022.46,4.7,0,0,3.8
O09851,C0408,V014,P0850,2025-09-24,2,1242.27,3.8,0,0,4.1
O09852,C1352,V033,P0629,2025-11-22,5,3470.88,6.2,0,0,3.8
O09853,C0220,V093,P0946,2025-11-03,3,1804.73,3.9,1,0,3.9
O09854,C1345,V059,P0622,2025-06-27,3,1460.46,4.8,0,0,4.2
O09855,C1597,V074,P0165,2025-12-28,1,381.65,4.7,0,0,4.2
O09856,C1207,V086,P0407,2025-08-17,2,1284.62,5.6,0,1,3.8
O09857,C1155,V051,P0384,2025-05-15,1,443.56,4.8,0,0,3.7
O09858,C1622,V052,P0369,2025-11-27,2,1934.08,4.3,0,0,4.2
O09859,C0963,V003,P0204,2025-12-29,1,467.03,4.1,0,0,4.8
O09860,C0006,V095,P0340,2025-02-10,5,8041.82,6.1,1,0,4.9
O09861,C2308,V017,P0772,2025-09-11,3,1259.46,4.5,0,0,4.3
O09862,C0177,V011,P0823,2025-06-21,4,2715.9,3.8,0,0,4.3
O09863,C0531,V023,P0446,2025-02-12,3,1414.26,4.4,0,0,4.9
O09864,C1082,V037,P0452,2025-08-05,2,826.33,2.7,1,0,4.1
O09865,C1138,V089,P0779,2025-07-26,2,1247.49,2.2,0,0,4.2
O09866,C0555,V005,P0132,2025-08-04,1,640.99,4.0,0,0,3.5
O09867,C0967,V041,P0040,2025-08-31,3,2441.4,4.1,0,0,3.9
O09868,C2243,V095,P0264,2025-11-24,2,1945.22,5.3,0,0,4.7
O09869,C0361,V038,P0561,2025-01-16,1,444.76,3.4,0,0,4.2
O09870,C1194,V013,P0559,2025-10-23,1,981.36,3.9,1,0,4.5
O09871,C1992,V091,P0314,2025-08-12,4,3215.65,4.5,0,0,3.0
O09872,C0068,V043,P0991,2025-10-16,1,807.52,5.8,0,0,4.7
O09873,C1405,V097,P0705,2025-02-14,3,1773.18,3.0,0,0,4.3
O09874,C1751,V037,P0234,2025-04-18,1,644.99,3.2,1,0,4.1
O09875,C2475,V025,P0077,2025-01-07,4,1987.07,3.6,0,1,4.2
O09876,C2386,V044,P0392,2025-08-11,1,848.44,3.3,0,0,4.7
O09877,C1754,V030,P0246,2025-10-07,1,449.1,2.5,0,0,3.3
O09878,C1248,V047,P0611,2025-05-29,4,3707.02,3.8,0,0,3.8
O09879,C1686,V034,P0068,2025-12-24,1,347.53,2.6,0,0,4.1
O09880,C1500,V013,P0143,2025-01-02,4,2576.32,3.9,0,0,4.7
O09881,C0510,V041,P0605,2025-04-16,1,456.93,3.0,0,0,3.4
O09882,C0001,V057,P0645,2025-04-07,3,1068.93,4.7,0,0,4.2
O09883,C0104,V032,P0144,2025-01-25,1,521.44,2.8,0,0,5.0
O09884,C1472,V073,P0976,2025-01-28,2,943.84,3.9,0,0,3.8
O09885,C0804,V096,P0997,2025-11-17,1,965.77,4.4,0,0,4.1
O09886,C0985,V025,P0563,2025-03-22,3,1785.73,4.7,0,0,4.4
O09887,C0755,V027,P0261,2025-10-30,3,1387.93,4.9,0,0,3.8
O09888,C0341,V007,P0485,2025-11-05,6,2927.47,4.1,1,0,4.0
O09889,C0789,V011,P0896,2025-03-11,1,385.02,3.1,0,0,4.1
O09890,C1946,V017,P0089,2025-06-15,2,1577.81,3.1,0,0,3.9
O09891,C1669,V002,P0339,2025-03-31,1,404.87,4.0,0,0,4.3
O09892,C2343,V015,P0184,2025-03-01,1,700.78,3.9,0,0,4.6
O09893,C2455,V099,P0070,2025-11-28,1,365.25,3.1,0,0,5.0
O09894,C1566,V058,P0208,2025-08-31,2,1948.92,2.5,0,0,3.8
O09895,C2061,V050,P0806,2025-10-10,1,619.4,5.9,0,0,4.3
O09896,C0719,V020,P0454,2025-12-26,2,1056.47,5.5,0,0,3.8
O09897,C0795,V052,P0231,2025-06-26,1,539.39,5.3,0,0,4.8
O09898,C0855,V065,P0600,2025-04-25,3,1714.88,3.4,0,0,3.4
O09899,C0860,V047,P0164,2025-06-15,1,236.3,4.4,0,0,4.1
O09900,C0328,V005,P0655,2025-04-11,5,4418.98,4.5,0,0,4.5
O09901,C2422,V048,P0558,2025-06-13,1,704.4,5.0,0,0,4.1
O09902,C1093,V005,P0615,2025-10-11,2,1273.17,5.9,1,0,4.1
O09903,C1121,V034,P0140,2025-01-21,5,3640.84,1.0,0,0,3.8
O09904,C1296,V090,P0048,2025-09-08,5,1820.58,5.5,1,0,3.7
O09905,C0048,V086,P0551,2025-06-09,1,435.94,3.4,1,0,4.0
O09906,C2226,V015,P0150,2025-02-01,1,450.53,4.4,0,0,4.6
O09907,C0179,V042,P0262,2025-01-15,1,1083.18,4.9,1,0,3.7
O09908,C0023,V051,P0016,2025-06-08,1,499.09,3.9,0,0,3.5
O09909,C0428,V002,P0442,2025-03-24,2,1158.61,2.9,1,0,3.6
O09910,C0516,V068,P0342,2025-09-27,1,680.48,2.3,0,0,4.1
O09911,C0047,V003,P0204,2025-10-02,4,1866.79,2.1,0,0,4.9
O09912,C1270,V068,P0042,2025-11-17,3,1945.96,5.2,0,0,3.7
O09913,C1547,V088,P0112,2025-07-14,2,1100.9,5.3,0,0,4.8
O09914,C1558,V073,P0936,2025-04-10,1,469.56,4.7,0,0,4.5
O09915,C0928,V086,P0407,2025-04-07,4,2411.68,4.0,0,0,4.2
O09916,C1522,V030,P0358,2025-08-31,3,1512.72,4.6,0,0,4.1
O09917,C2490,V057,P0351,2025-07-10,1,657.8,4.9,0,0,4.1
O09918,C2053,V049,P0835,2025-01-21,4,1671.68,3.3,0,0,3.7
O09919,C0015,V034,P0798,2025-03-07,2,1781.21,2.8,0,0,4.2
O09920,C0272,V063,P0663,2025-05-31,2,703.84,3.2,0,0,4.0
O09921,C1328,V041,P0747,2025-06-04,1,263.48,3.3,1,0,2.9
O09922,C0400,V057,P0645,2025-06-02,2,668.03,4.7,0,0,4.5
O09923,C1475,V023,P0115,2025-10-15,7,1750.14,1.5,0,0,4.2
O09924,C0025,V091,P0314,2025-01-10,1,813.3,2.8,0,0,3.8
O09925,C0837,V075,P0362,2025-05-12,3,2329.33,5.3,0,0,4.3
O09926,C0097,V085,P0092,2025-11-28,4,1091.44,4.7,0,0,3.6
O09927,C1895,V059,P0665,2025-12-10,2,507.76,4.2,0,0,4.0
O09928,C2224,V073,P0759,2025-09-05,1,996.48,8.2,0,0,3.8
O09929,C0755,V081,P0618,2025-07-24,2,1278.01,3.3,0,0,4.6
O09930,C2430,V013,P0093,2025-07-24,2,1352.61,4.4,0,0,4.3
O09931,C0359,V075,P0142,2025-06-15,1,304.83,3.6,0,0,4.6
O09932,C0450,V091,P0707,2025-12-10,1,890.85,4.0,0,0,2.8
O09933,C0775,V100,P0176,2025-09-22,2,1269.47,4.8,0,1,4.2
O09934,C0685,V097,P0322,2025-01-07,3,1374.64,4.0,0,0,4.5
O09935,C0633,V074,P0782,2025-12-13,2,1500.99,1.9,0,0,3.3
O09936,C2489,V008,P0338,2025-05-04,3,1166.42,3.5,0,0,4.2
O09937,C1404,V090,P0689,2025-04-09,3,2087.52,4.5,1,0,3.7
O09938,C0792,V069,P0917,2025-09-25,3,3726.11,2.7,0,0,5.0
O09939,C1807,V041,P0040,2025-06-20,2,1588.74,3.2,0,0,3.5
O09940,C0103,V080,P0883,2025-12-10,1,610.96,2.2,1,0,3.8
O09941,C1693,V034,P0079,2025-07-01,3,1380.87,4.4,1,0,3.4
O09942,C1428,V086,P0752,2025-05-06,1,655.66,5.3,1,0,4.6
O09943,C2382,V050,P0806,2025-01-29,4,2237.46,3.3,0,0,4.9
O09944,C1241,V047,P0164,2025-01-29,1,281.88,5.1,0,0,4.0
O09945,C1485,V018,P0973,2025-05-28,4,4981.72,4.4,0,0,3.6
O09946,C0433,V059,P0012,2025-02-21,3,2416.09,4.6,0,0,4.2
O09947,C1982,V005,P0511,2025-12-25,2,611.92,5.9,0,0,4.1
O09948,C0134,V013,P0412,2025-12-19,2,874.59,3.8,0,0,3.9
O09949,C1137,V057,P0847,2025-12-07,5,4288.61,2.8,0,0,4.7
O09950,C2421,V066,P0931,2025-04-09,1,948.9,3.4,0,0,4.1
O09951,C0261,V093,P0946,2025-10-19,2,1085.8,5.3,0,0,3.5
O09952,C0971,V041,P0943,2025-11-10,2,951.86,4.3,1,0,3.0
O09953,C1479,V035,P0110,2025-01-11,4,4240.67,5.2,0,0,4.4
O09954,C0010,V066,P0286,2025-08-05,3,2438.27,5.1,0,0,4.7
O09955,C1480,V050,P0989,2025-02-09,1,495.19,4.5,0,0,5.0
O09956,C0935,V060,P0353,2025-10-09,2,834.48,1.2,0,0,4.2
O09957,C2375,V087,P0088,2025-03-18,1,154.06,4.8,0,0,5.0
O09958,C1887,V039,P0481,2025-01-17,3,2368.97,5.3,0,0,4.3
O09959,C1576,V095,P0002,2025-06-04,1,323.22,5.4,0,0,4.1
O09960,C2248,V025,P0788,2025-12-21,1,667.47,3.0,0,0,4.0
O09961,C0871,V014,P0421,2025-02-12,1,707.11,4.3,0,0,4.3
O09962,C1052,V100,P0382,2025-06-12,2,579.25,6.1,0,0,4.0
O09963,C0746,V007,P0485,2025-07-23,3,1500.66,4.8,0,0,4.7
O09964,C1777,V099,P0575,2025-11-13,2,2105.92,4.9,0,0,4.8
O09965,C0795,V100,P0549,2025-07-15,3,1793.25,3.3,0,0,4.3
O09966,C0693,V099,P0070,2025-06-29,5,1831.8,5.6,0,0,4.7
O09967,C1342,V021,P0819,2025-02-05,6,1953.59,4.6,0,0,5.0
O09968,C2396,V001,P0829,2025-08-28,1,326.29,6.5,0,0,3.9
O09969,C0276,V004,P0923,2025-05-19,1,774.65,1.7,0,1,3.9
O09970,C1633,V003,P0204,2025-10-13,2,884.32,2.8,0,0,5.0
O09971,C2037,V081,P0227,2025-05-23,2,1979.08,3.3,0,0,3.9
O09972,C2057,V056,P0894,2025-07-15,1,681.31,1.7,0,0,4.0
O09973,C1893,V019,P0447,2025-12-27,1,351.12,4.6,0,0,3.9
O09974,C2081,V058,P0963,2025-09-01,1,464.7,3.7,0,1,4.2
O09975,C0410,V022,P0908,2025-02-23,6,7866.45,5.6,0,0,3.8
O09976,C1866,V061,P0119,2025-12-08,2,880.6,5.4,0,0,4.2
O09977,C0525,V027,P0233,2025-09-08,2,1329.17,3.7,0,1,4.1
O09978,C1201,V058,P0824,2025-12-30,1,657.69,1.0,0,0,4.2
O09979,C2190,V037,P0803,2025-10-08,1,835.55,4.1,0,0,4.5
O09980,C2164,V023,P0764,2025-12-08,1,492.85,5.3,0,0,3.4
O09981,C1219,V065,P0735,2025-06-05,2,608.87,3.8,0,0,4.4
O09982,C1286,V045,P0466,2025-10-15,2,1331.91,4.0,0,0,4.4
O09983,C1128,V027,P0394,2025-03-18,2,1204.68,4.1,0,0,3.8
O09984,C2451,V064,P0361,2025-02-16,2,835.66,3.2,0,0,3.3
O09985,C2027,V069,P0673,2025-11-27,1,574.04,3.6,0,0,4.3
O09986,C2018,V022,P0692,2025-10-09,4,3129.75,4.6,1,0,3.9
O09987,C0928,V098,P0576,2025-06-15,1,565.56,3.5,0,0,3.9
O09988,C0959,V005,P0132,2025-08-05,1,663.36,6.6,0,0,3.5
O09989,C2287,V071,P0457,2025-01-16,3,4959.98,3.0,0,0,3.8
O09990,C0934,V073,P0341,2025-06-02,6,2891.18,3.7,0,0,4.4
O09991,C0752,V035,P0982,2025-07-01,6,2818.31,5.4,0,0,4.4
O09992,C2220,V003,P0587,2025-06-09,1,781.3,4.6,0,0,4.0
O09993,C0076,V031,P0458,2025-03-01,2,1400.62,5.0,0,0,4.2
O09994,C0271,V026,P0746,2025-03-08,3,2063.83,5.9,0,0,4.6
O09995,C2376,V041,P0091,2025-04-15,2,644.15,4.6,0,0,4.0
O09996,C1508,V053,P0307,2025-10-29,8,3722.74,3.9,0,0,3.8
O09997,C0565,V047,P0611,2025-01-24,8,7925.79,4.2,0,0,4.3
O09998,C2277,V077,P0942,2025-12-07,1,433.41,5.6,0,0,3.4
O09999,C2252,V073,P0341,2025-02-22,1,470.38,6.0,0,0,4.6
O10000,C2462,V010,P0658,2025-09-21,1,568.46,3.8,0,0,4.4
