product_id,vendor_id,product_name,category,subcategory,price,rating,review_count,orders,returns,views,add_to_cart,conversion_rate,stock_availability,description
P0001,V019,Premium Nutrition Starter Kit,Health & Wellness,Nutrition,582.44,4.33,156,72,4,966,150,0.169,0.778,Nutrition product from health & wellness category; plant-based everyday solution designed for conscious consumers.
P0002,V095,Eco Cleaning Blend,Eco-Friendly Home,Cleaning,338.66,4.21,135,30,3,585,78,0.061,0.881,Cleaning product from eco-friendly home category; eco everyday solution designed for conscious consumers.
P0003,V087,Eco Yogurt Alternatives Care Set,Dairy Alternatives,Yogurt Alternatives,361.74,4.0,130,53,6,778,77,0.108,0.876,Yogurt Alternatives product from dairy alternatives category; sustainable everyday solution designed for conscious consumers.
P0004,V046,Natural Skincare Starter Kit,Beauty & Personal Care,Skincare,553.45,3.68,86,61,9,574,89,0.067,0.847,Skincare product from beauty & personal care category; everyday everyday solution designed for conscious consumers.
P0005,V072,Organic Nutrition Starter Kit,Health & Wellness,Nutrition,479.47,4.69,165,60,1,705,111,0.066,0.848,Nutrition product from health & wellness category; premium everyday solution designed for conscious consumers.
P0006,V033,Everyday Nutrition Essentials,Health & Wellness,Nutrition,896.04,4.1,111,63,4,748,90,0.06,0.739,Nutrition product from health & wellness category; natural everyday solution designed for conscious consumers.
P0007,V013,Everyday Mock Meat Pack,Plant-Based Food,Mock Meat,225.21,4.78,162,40,4,588,85,0.097,0.898,Mock Meat product from plant-based food category; essential everyday solution designed for conscious consumers.
P0008,V087,Premium Yogurt Alternatives Range,Dairy Alternatives,Yogurt Alternatives,479.22,4.12,153,62,6,733,102,0.092,0.842,Yogurt Alternatives product from dairy alternatives category; premium everyday solution designed for conscious consumers.
P0009,V007,Everyday Snacks Blend,Plant-Based Food,Snacks,664.26,4.33,116,42,6,494,77,0.069,0.894,Snacks product from plant-based food category; organic everyday solution designed for conscious consumers.
P0010,V100,Natural Cosmetics Blend,Beauty & Personal Care,Cosmetics,1081.21,4.14,118,61,8,690,75,0.083,0.744,Cosmetics product from beauty & personal care category; organic everyday solution designed for conscious consumers.
P0011,V086,Premium Cosmetics Range,Beauty & Personal Care,Cosmetics,494.04,3.93,120,85,12,878,128,0.119,0.851,Cosmetics product from beauty & personal care category; sustainable everyday solution designed for conscious consumers.
P0012,V059,Eco Protein Foods Essentials,Plant-Based Food,Protein Foods,854.92,4.0,121,52,5,630,88,0.102,0.754,Protein Foods product from plant-based food category; plant-based everyday solution designed for conscious consumers.
P0013,V030,Natural Fitness Bundle,Health & Wellness,Fitness,193.01,3.61,119,30,5,546,68,0.058,0.8,Fitness product from health & wellness category; organic everyday solution designed for conscious consumers.
P0014,V041,Essential Mock Meat Starter Kit,Plant-Based Food,Mock Meat,567.63,3.76,83,72,5,734,102,0.073,0.759,Mock Meat product from plant-based food category; essential everyday solution designed for conscious consumers.
P0015,V071,Sustainable Plant Milk Blend,Dairy Alternatives,Plant Milk,513.03,3.87,131,41,9,596,85,0.076,0.773,Plant Milk product from dairy alternatives category; eco everyday solution designed for conscious consumers.
P0016,V051,Everyday Kitchen Care Set,Eco-Friendly Home,Kitchen,549.44,4.39,125,51,5,647,94,0.094,0.907,Kitchen product from eco-friendly home category; eco everyday solution designed for conscious consumers.
P0017,V033,Premium Fitness Care Set,Health & Wellness,Fitness,1185.55,4.02,117,76,5,833,98,0.1,0.88,Fitness product from health & wellness category; organic everyday solution designed for conscious consumers.
P0018,V017,Premium Supplements Care Set,Health & Wellness,Supplements,614.02,4.17,136,56,6,772,86,0.071,0.886,Supplements product from health & wellness category; natural everyday solution designed for conscious consumers.
P0019,V006,Essential Snacks Blend,Plant-Based Food,Snacks,452.5,3.44,116,55,11,648,88,0.086,0.801,Snacks product from plant-based food category; organic everyday solution designed for conscious consumers.
P0020,V043,Everyday Skincare Care Set,Beauty & Personal Care,Skincare,1019.91,3.93,139,28,12,340,37,0.045,0.82,Skincare product from beauty & personal care category; organic everyday solution designed for conscious consumers.
P0021,V057,Natural Mock Meat Pack,Plant-Based Food,Mock Meat,351.83,4.14,113,59,6,753,105,0.098,0.793,Mock Meat product from plant-based food category; plant-based everyday solution designed for conscious consumers.
P0022,V029,Eco Nutrition Bundle,Health & Wellness,Nutrition,380.83,3.86,105,46,5,612,79,0.064,0.801,Nutrition product from health & wellness category; organic everyday solution designed for conscious consumers.
P0023,V003,Essential Fitness Essentials,Health & Wellness,Fitness,1150.64,4.2,138,44,3,656,94,0.074,0.853,Fitness product from health & wellness category; eco everyday solution designed for conscious consumers.
P0024,V075,Eco Packaging Range,Eco-Friendly Home,Packaging,459.49,4.19,143,35,4,594,70,0.054,0.757,Packaging product from eco-friendly home category; organic everyday solution designed for conscious consumers.
P0025,V078,Natural Mock Meat Range,Plant-Based Food,Mock Meat,493.75,3.98,94,47,9,743,102,0.053,0.865,Mock Meat product from plant-based food category; eco everyday solution designed for conscious consumers.
P0026,V080,Organic Mock Meat Classic,Plant-Based Food,Mock Meat,531.8,3.78,125,56,3,725,105,0.085,0.815,Mock Meat product from plant-based food category; premium everyday solution designed for conscious consumers.
P0027,V054,Premium Cosmetics Bundle,Beauty & Personal Care,Cosmetics,324.92,4.02,161,54,4,605,74,0.099,0.887,Cosmetics product from beauty & personal care category; essential everyday solution designed for conscious consumers.
P0028,V017,Organic Supplements Starter Kit,Health & Wellness,Supplements,342.58,4.23,123,60,5,748,108,0.123,0.906,Supplements product from health & wellness category; sustainable everyday solution designed for conscious consumers.
P0029,V055,Sustainable Snacks Pack,Plant-Based Food,Snacks,712.97,4.31,157,54,4,691,73,0.091,0.814,Snacks product from plant-based food category; eco everyday solution designed for conscious consumers.
P0030,V044,Natural Cleaning Range,Eco-Friendly Home,Cleaning,523.78,4.05,144,68,3,685,97,0.085,0.857,Cleaning product from eco-friendly home category; eco everyday solution designed for conscious consumers.
P0031,V076,Natural Ready Meals Classic,Plant-Based Food,Ready Meals,623.39,4.32,165,58,0,707,98,0.108,0.779,Ready Meals product from plant-based food category; natural everyday solution designed for conscious consumers.
P0032,V003,Natural Fitness Classic,Health & Wellness,Fitness,552.28,4.29,136,51,6,696,90,0.075,0.921,Fitness product from health & wellness category; premium everyday solution designed for conscious consumers.
P0033,V012,Organic Snacks Blend,Plant-Based Food,Snacks,1047.15,4.52,125,46,5,696,103,0.087,0.811,Snacks product from plant-based food category; essential everyday solution designed for conscious consumers.
P0034,V025,Organic Yogurt Alternatives Starter Kit,Dairy Alternatives,Yogurt Alternatives,303.36,4.41,154,68,5,870,107,0.109,0.779,Yogurt Alternatives product from dairy alternatives category; essential everyday solution designed for conscious consumers.
P0035,V066,Premium Protein Foods Classic,Plant-Based Food,Protein Foods,854.4,4.47,162,40,3,648,81,0.065,0.99,Protein Foods product from plant-based food category; everyday everyday solution designed for conscious consumers.
P0036,V088,Sustainable Skincare Essentials,Beauty & Personal Care,Skincare,1319.47,4.59,118,28,5,529,68,0.079,0.91,Skincare product from beauty & personal care category; eco everyday solution designed for conscious consumers.
P0037,V062,Everyday Nutrition Bundle,Health & Wellness,Nutrition,160.31,3.82,118,49,4,601,62,0.072,0.673,Nutrition product from health & wellness category; everyday everyday solution designed for conscious consumers.
P0038,V048,Organic Skincare Essentials,Beauty & Personal Care,Skincare,578.9,4.3,157,53,2,748,80,0.088,0.815,Skincare product from beauty & personal care category; eco everyday solution designed for conscious consumers.
P0039,V068,Natural Cosmetics Care Set,Beauty & Personal Care,Cosmetics,386.45,3.92,130,75,7,774,94,0.136,0.788,Cosmetics product from beauty & personal care category; essential everyday solution designed for conscious consumers.
P0040,V041,Organic Ready Meals Pack,Plant-Based Food,Ready Meals,795.26,3.56,96,67,7,728,120,0.093,0.751,Ready Meals product from plant-based food category; plant-based everyday solution designed for conscious consumers.
P0041,V040,Natural Creamers Pack,Dairy Alternatives,Creamers,659.04,4.09,138,96,5,964,148,0.136,0.816,Creamers product from dairy alternatives category; sustainable everyday solution designed for conscious consumers.
P0042,V068,Essential Cosmetics Blend,Beauty & Personal Care,Cosmetics,684.24,4.06,107,55,6,789,81,0.1,0.833,Cosmetics product from beauty & personal care category; eco everyday solution designed for conscious consumers.
P0043,V060,Essential Skincare Care Set,Beauty & Personal Care,Skincare,375.98,4.28,131,45,1,492,54,0.05,0.898,Skincare product from beauty & personal care category; sustainable everyday solution designed for conscious consumers.
P0044,V006,Natural Protein Foods Classic,Plant-Based Food,Protein Foods,326.08,3.7,95,57,2,682,84,0.088,0.824,Protein Foods product from plant-based food category; eco everyday solution designed for conscious consumers.
P0045,V076,Natural Snacks Range,Plant-Based Food,Snacks,381.49,4.67,154,70,1,753,94,0.104,0.886,Snacks product from plant-based food category; everyday everyday solution designed for conscious consumers.
P0046,V094,Eco Personal Wellness Range,Health & Wellness,Personal Wellness,396.69,4.31,161,66,5,816,120,0.129,0.886,Personal Wellness product from health & wellness category; essential everyday solution designed for conscious consumers.
P0047,V004,Plant-Based Cosmetics Blend,Beauty & Personal Care,Cosmetics,612.49,4.12,128,72,3,795,135,0.118,0.845,Cosmetics product from beauty & personal care category; plant-based everyday solution designed for conscious consumers.
P0048,V090,Plant-Based Packaging Essentials,Eco-Friendly Home,Packaging,363.93,3.56,101,81,5,917,103,0.113,0.817,Packaging product from eco-friendly home category; essential everyday solution designed for conscious consumers.
P0049,V002,Eco Snacks Range,Plant-Based Food,Snacks,290.03,3.61,100,82,6,911,112,0.119,0.833,Snacks product from plant-based food category; premium everyday solution designed for conscious consumers.
P0050,V010,Natural Skincare Care Set,Beauty & Personal Care,Skincare,304.08,4.77,166,33,0,484,57,0.033,0.772,Skincare product from beauty & personal care category; eco everyday solution designed for conscious consumers.
P0051,V048,Premium Bath Blend,Beauty & Personal Care,Bath,813.47,4.15,144,51,2,723,88,0.076,0.769,Bath product from beauty & personal care category; organic everyday solution designed for conscious consumers.
P0052,V085,Premium Packaging Care Set,Eco-Friendly Home,Packaging,539.04,3.47,117,61,7,726,113,0.096,0.773,Packaging product from eco-friendly home category; sustainable everyday solution designed for conscious consumers.
P0053,V090,Premium Kitchen Essentials,Eco-Friendly Home,Kitchen,330.47,4.03,100,83,8,947,130,0.119,0.897,Kitchen product from eco-friendly home category; premium everyday solution designed for conscious consumers.
P0054,V017,Plant-Based Fitness Essentials,Health & Wellness,Fitness,588.81,4.26,129,56,7,716,132,0.087,0.925,Fitness product from health & wellness category; natural everyday solution designed for conscious consumers.
P0055,V086,Premium Skincare Bundle,Beauty & Personal Care,Skincare,477.71,3.99,93,81,7,907,122,0.101,0.841,Skincare product from beauty & personal care category; plant-based everyday solution designed for conscious consumers.
P0056,V006,Eco Mock Meat Range,Plant-Based Food,Mock Meat,284.06,3.85,104,56,9,655,91,0.074,0.807,Mock Meat product from plant-based food category; sustainable everyday solution designed for conscious consumers.
P0057,V089,Essential Fitness Starter Kit,Health & Wellness,Fitness,484.2,4.25,145,45,1,528,68,0.052,0.857,Fitness product from health & wellness category; natural everyday solution designed for conscious consumers.
P0058,V029,Premium Personal Wellness Range,Health & Wellness,Personal Wellness,273.9,3.76,103,50,14,580,81,0.073,0.792,Personal Wellness product from health & wellness category; sustainable everyday solution designed for conscious consumers.
P0059,V075,Natural Packaging Blend,Eco-Friendly Home,Packaging,841.26,4.28,144,42,11,541,70,0.093,0.965,Packaging product from eco-friendly home category; everyday everyday solution designed for conscious consumers.
P0060,V039,Essential Packaging Essentials,Eco-Friendly Home,Packaging,904.72,4.31,168,65,4,962,133,0.147,0.807,Packaging product from eco-friendly home category; natural everyday solution designed for conscious consumers.
P0061,V045,Eco Kitchen Pack,Eco-Friendly Home,Kitchen,295.42,4.59,165,47,6,689,85,0.085,0.861,Kitchen product from eco-friendly home category; organic everyday solution designed for conscious consumers.
P0062,V077,Organic Creamers Pack,Dairy Alternatives,Creamers,357.82,4.02,122,74,7,902,123,0.111,0.85,Creamers product from dairy alternatives category; eco everyday solution designed for conscious consumers.
P0063,V047,Premium Kitchen Blend,Eco-Friendly Home,Kitchen,892.47,4.08,115,40,2,547,70,0.085,0.801,Kitchen product from eco-friendly home category; everyday everyday solution designed for conscious consumers.
P0064,V062,Essential Supplements Classic,Health & Wellness,Supplements,505.67,4.5,124,43,7,581,59,0.051,0.879,Supplements product from health & wellness category; everyday everyday solution designed for conscious consumers.
P0065,V051,Eco Reusable Products Bundle,Eco-Friendly Home,Reusable Products,661.37,4.34,125,62,4,651,84,0.094,0.848,Reusable Products product from eco-friendly home category; everyday everyday solution designed for conscious consumers.
P0066,V006,Essential Mock Meat Pack,Plant-Based Food,Mock Meat,598.03,4.02,99,48,8,674,78,0.061,0.862,Mock Meat product from plant-based food category; essential everyday solution designed for conscious consumers.
P0067,V077,Eco Plant Milk Essentials,Dairy Alternatives,Plant Milk,294.31,4.4,121,83,4,945,132,0.116,0.84,Plant Milk product from dairy alternatives category; plant-based everyday solution designed for conscious consumers.
P0068,V034,Sustainable Skincare Bundle,Beauty & Personal Care,Skincare,369.58,4.14,116,63,15,713,94,0.1,0.844,Skincare product from beauty & personal care category; natural everyday solution designed for conscious consumers.
P0069,V047,Sustainable Kitchen Starter Kit,Eco-Friendly Home,Kitchen,495.29,4.42,124,59,4,574,72,0.087,0.914,Kitchen product from eco-friendly home category; organic everyday solution designed for conscious consumers.
P0070,V099,Natural Cleaning Blend,Eco-Friendly Home,Cleaning,343.32,4.38,152,54,8,601,111,0.089,0.794,Cleaning product from eco-friendly home category; premium everyday solution designed for conscious consumers.
P0071,V020,Organic Nutrition Essentials,Health & Wellness,Nutrition,368.24,3.71,96,56,4,620,77,0.094,0.854,Nutrition product from health & wellness category; sustainable everyday solution designed for conscious consumers.
P0072,V063,Eco Bath Classic,Beauty & Personal Care,Bath,828.79,4.32,153,86,6,1015,136,0.112,0.885,Bath product from beauty & personal care category; sustainable everyday solution designed for conscious consumers.
P0073,V043,Natural Bath Range,Beauty & Personal Care,Bath,259.79,4.34,129,24,8,333,40,0.063,0.864,Bath product from beauty & personal care category; natural everyday solution designed for conscious consumers.
P0074,V081,Plant-Based Plant Milk Care Set,Dairy Alternatives,Plant Milk,451.31,3.86,126,72,4,861,131,0.118,0.761,Plant Milk product from dairy alternatives category; plant-based everyday solution designed for conscious consumers.
P0075,V009,Essential Creamers Range,Dairy Alternatives,Creamers,537.79,4.18,148,71,3,765,123,0.106,0.907,Creamers product from dairy alternatives category; premium everyday solution designed for conscious consumers.
P0076,V082,Everyday Fitness Classic,Health & Wellness,Fitness,1109.96,4.35,156,58,4,653,94,0.085,0.894,Fitness product from health & wellness category; everyday everyday solution designed for conscious consumers.
P0077,V025,Sustainable Yogurt Alternatives Bundle,Dairy Alternatives,Yogurt Alternatives,516.87,4.45,169,70,2,836,96,0.119,0.775,Yogurt Alternatives product from dairy alternatives category; eco everyday solution designed for conscious consumers.
P0078,V061,Organic Packaging Pack,Eco-Friendly Home,Packaging,236.86,3.84,141,43,6,546,59,0.064,0.688,Packaging product from eco-friendly home category; essential everyday solution designed for conscious consumers.
P0079,V034,Natural Skincare Care Set,Beauty & Personal Care,Skincare,458.61,3.66,96,47,2,706,72,0.069,0.716,Skincare product from beauty & personal care category; premium everyday solution designed for conscious consumers.
P0080,V038,Natural Mock Meat Starter Kit,Plant-Based Food,Mock Meat,267.89,3.89,133,66,1,812,101,0.088,0.881,Mock Meat product from plant-based food category; organic everyday solution designed for conscious consumers.
P0081,V042,Everyday Mock Meat Blend,Plant-Based Food,Mock Meat,303.61,3.7,122,46,2,559,63,0.082,0.779,Mock Meat product from plant-based food category; essential everyday solution designed for conscious consumers.
P0082,V023,Natural Creamers Pack,Dairy Alternatives,Creamers,772.62,4.46,181,65,5,729,110,0.116,0.778,Creamers product from dairy alternatives category; eco everyday solution designed for conscious consumers.
P0083,V052,Organic Protein Foods Bundle,Plant-Based Food,Protein Foods,396.54,4.84,138,38,9,576,71,0.073,0.883,Protein Foods product from plant-based food category; plant-based everyday solution designed for conscious consumers.
P0084,V070,Essential Protein Foods Classic,Plant-Based Food,Protein Foods,633.11,4.26,144,61,3,712,93,0.087,0.789,Protein Foods product from plant-based food category; organic everyday solution designed for conscious consumers.
P0085,V016,Organic Mock Meat Bundle,Plant-Based Food,Mock Meat,867.11,4.01,136,44,9,672,96,0.103,0.857,Mock Meat product from plant-based food category; essential everyday solution designed for conscious consumers.
P0086,V078,Eco Ready Meals Essentials,Plant-Based Food,Ready Meals,647.25,3.39,99,60,13,719,106,0.087,0.836,Ready Meals product from plant-based food category; sustainable everyday solution designed for conscious consumers.
P0087,V006,Natural Snacks Essentials,Plant-Based Food,Snacks,525.99,3.99,113,53,4,710,87,0.09,0.803,Snacks product from plant-based food category; everyday everyday solution designed for conscious consumers.
P0088,V087,Organic Vegan Cheese Care Set,Dairy Alternatives,Vegan Cheese,202.97,4.18,135,60,10,751,114,0.13,0.821,Vegan Cheese product from dairy alternatives category; plant-based everyday solution designed for conscious consumers.
P0089,V017,Natural Supplements Classic,Health & Wellness,Supplements,705.07,3.75,133,56,3,725,84,0.119,0.858,Supplements product from health & wellness category; organic everyday solution designed for conscious consumers.
P0090,V020,Everyday Personal Wellness Starter Kit,Health & Wellness,Personal Wellness,703.54,3.69,100,44,5,614,100,0.075,0.858,Personal Wellness product from health & wellness category; natural everyday solution designed for conscious consumers.
P0091,V041,Essential Snacks Bundle,Plant-Based Food,Snacks,418.14,3.93,89,55,10,705,98,0.093,0.896,Snacks product from plant-based food category; premium everyday solution designed for conscious consumers.
P0092,V085,Sustainable Reusable Products Starter Kit,Eco-Friendly Home,Reusable Products,302.08,3.49,110,72,10,719,96,0.102,0.698,Reusable Products product from eco-friendly home category; premium everyday solution designed for conscious consumers.
P0093,V013,Organic Ready Meals Range,Plant-Based Food,Ready Meals,653.84,4.6,187,38,1,640,78,0.084,0.794,Ready Meals product from plant-based food category; sustainable everyday solution designed for conscious consumers.
P0094,V048,Organic Haircare Bundle,Beauty & Personal Care,Haircare,1027.85,4.2,126,52,5,748,98,0.083,0.947,Haircare product from beauty & personal care category; essential everyday solution designed for conscious consumers.
P0095,V091,Everyday Reusable Products Starter Kit,Eco-Friendly Home,Reusable Products,321.6,3.47,82,90,6,941,118,0.112,0.819,Reusable Products product from eco-friendly home category; everyday everyday solution designed for conscious consumers.
P0096,V074,Essential Haircare Classic,Beauty & Personal Care,Haircare,543.37,4.36,161,28,4,588,58,0.07,0.93,Haircare product from beauty & personal care category; sustainable everyday solution designed for conscious consumers.
P0097,V100,Premium Bath Essentials,Beauty & Personal Care,Bath,812.74,3.83,102,51,5,726,90,0.074,0.881,Bath product from beauty & personal care category; premium everyday solution designed for conscious consumers.
P0098,V085,Everyday Reusable Products Classic,Eco-Friendly Home,Reusable Products,457.27,4.15,98,71,8,724,120,0.101,0.799,Reusable Products product from eco-friendly home category; eco everyday solution designed for conscious consumers.
P0099,V050,Premium Fitness Bundle,Health & Wellness,Fitness,188.63,4.52,151,61,0,686,86,0.141,0.799,Fitness product from health & wellness category; eco everyday solution designed for conscious consumers.
P0100,V038,Everyday Ready Meals Pack,Plant-Based Food,Ready Meals,361.39,4.1,129,79,5,742,97,0.109,0.771,Ready Meals product from plant-based food category; organic everyday solution designed for conscious consumers.
P0101,V029,Premium Personal Wellness Bundle,Health & Wellness,Personal Wellness,367.87,3.38,110,49,4,575,105,0.083,0.836,Personal Wellness product from health & wellness category; eco everyday solution designed for conscious consumers.
P0102,V066,Essential Protein Foods Classic,Plant-Based Food,Protein Foods,672.94,4.41,166,45,5,625,83,0.08,0.835,Protein Foods product from plant-based food category; organic everyday solution designed for conscious consumers.
P0103,V077,Everyday Vegan Cheese Range,Dairy Alternatives,Vegan Cheese,484.16,4.22,117,80,3,913,115,0.116,0.912,Vegan Cheese product from dairy alternatives category; natural everyday solution designed for conscious consumers.
P0104,V076,Sustainable Mock Meat Blend,Plant-Based Food,Mock Meat,614.04,4.61,159,56,2,692,105,0.113,0.917,Mock Meat product from plant-based food category; everyday everyday solution designed for conscious consumers.
P0105,V005,Plant-Based Personal Wellness Classic,Health & Wellness,Personal Wellness,350.08,4.27,138,48,4,491,71,0.077,0.618,Personal Wellness product from health & wellness category; organic everyday solution designed for conscious consumers.
P0106,V026,Natural Mock Meat Bundle,Plant-Based Food,Mock Meat,338.64,4.38,136,70,1,740,90,0.099,0.888,Mock Meat product from plant-based food category; eco everyday solution designed for conscious consumers.
P0107,V064,Everyday Bath Classic,Beauty & Personal Care,Bath,700.81,3.9,96,54,4,586,81,0.081,0.88,Bath product from beauty & personal care category; organic everyday solution designed for conscious consumers.
P0108,V089,Sustainable Nutrition Pack,Health & Wellness,Nutrition,342.83,4.28,133,35,8,481,60,0.059,0.852,Nutrition product from health & wellness category; natural everyday solution designed for conscious consumers.
P0109,V048,Natural Bath Essentials,Beauty & Personal Care,Bath,573.07,4.47,166,67,4,720,85,0.092,0.807,Bath product from beauty & personal care category; sustainable everyday solution designed for conscious consumers.
P0110,V035,Organic Supplements Bundle,Health & Wellness,Supplements,1233.14,3.81,100,31,4,460,69,0.075,0.827,Supplements product from health & wellness category; organic everyday solution designed for conscious consumers.
P0111,V029,Essential Personal Wellness Range,Health & Wellness,Personal Wellness,1225.84,4.23,107,56,4,565,67,0.081,0.897,Personal Wellness product from health & wellness category; sustainable everyday solution designed for conscious consumers.
P0112,V088,Essential Bath Classic,Beauty & Personal Care,Bath,525.19,4.6,133,48,6,524,63,0.059,0.891,Bath product from beauty & personal care category; premium everyday solution designed for conscious consumers.
P0113,V082,Natural Supplements Essentials,Health & Wellness,Supplements,482.12,4.58,161,63,3,672,91,0.116,0.74,Supplements product from health & wellness category; plant-based everyday solution designed for conscious consumers.
P0114,V081,Premium Vegan Cheese Blend,Dairy Alternatives,Vegan Cheese,454.73,4.0,151,70,3,915,114,0.112,0.908,Vegan Cheese product from dairy alternatives category; everyday everyday solution designed for conscious consumers.
P0115,V023,Natural Plant Milk Essentials,Dairy Alternatives,Plant Milk,249.13,4.04,136,62,5,789,98,0.096,0.851,Plant Milk product from dairy alternatives category; plant-based everyday solution designed for conscious consumers.
P0116,V028,Premium Personal Wellness Bundle,Health & Wellness,Personal Wellness,859.43,4.21,133,40,9,558,65,0.07,0.936,Personal Wellness product from health & wellness category; everyday everyday solution designed for conscious consumers.
P0117,V051,Organic Cleaning Pack,Eco-Friendly Home,Cleaning,360.36,3.97,151,54,4,672,91,0.077,0.845,Cleaning product from eco-friendly home category; natural everyday solution designed for conscious consumers.
P0118,V095,Premium Reusable Products Care Set,Eco-Friendly Home,Reusable Products,893.84,4.28,146,46,4,527,80,0.055,0.725,Reusable Products product from eco-friendly home category; premium everyday solution designed for conscious consumers.
P0119,V061,Eco Reusable Products Pack,Eco-Friendly Home,Reusable Products,468.16,4.16,124,43,3,574,76,0.071,0.714,Reusable Products product from eco-friendly home category; organic everyday solution designed for conscious consumers.
P0120,V095,Plant-Based Reusable Products Care Set,Eco-Friendly Home,Reusable Products,486.93,4.26,144,37,3,529,65,0.095,0.724,Reusable Products product from eco-friendly home category; plant-based everyday solution designed for conscious consumers.
P0121,V071,Everyday Yogurt Alternatives Blend,Dairy Alternatives,Yogurt Alternatives,352.76,4.01,126,40,6,567,71,0.065,0.701,Yogurt Alternatives product from dairy alternatives category; essential everyday solution designed for conscious consumers.
P0122,V051,Plant-Based Reusable Products Classic,Eco-Friendly Home,Reusable Products,955.47,4.02,125,60,4,663,109,0.094,0.904,Reusable Products product from eco-friendly home category; sustainable everyday solution designed for conscious consumers.
P0123,V059,Natural Protein Foods Starter Kit,Plant-Based Food,Protein Foods,556.29,4.06,126,47,8,614,85,0.061,0.77,Protein Foods product from plant-based food category; organic everyday solution designed for conscious consumers.
P0124,V060,Essential Bath Classic,Beauty & Personal Care,Bath,773.6,3.95,137,45,6,476,56,0.051,0.792,Bath product from beauty & personal care category; everyday everyday solution designed for conscious consumers.
P0125,V022,Premium Plant Milk Blend,Dairy Alternatives,Plant Milk,812.89,4.29,130,56,7,718,91,0.097,0.753,Plant Milk product from dairy alternatives category; organic everyday solution designed for conscious consumers.
P0126,V092,Natural Snacks Starter Kit,Plant-Based Food,Snacks,322.32,4.18,126,49,6,615,97,0.112,0.824,Snacks product from plant-based food category; premium everyday solution designed for conscious consumers.
P0127,V021,Everyday Supplements Essentials,Health & Wellness,Supplements,284.19,4.06,134,43,8,533,40,0.058,0.861,Supplements product from health & wellness category; sustainable everyday solution designed for conscious consumers.
P0128,V053,Organic Fitness Essentials,Health & Wellness,Fitness,575.91,3.62,133,29,6,509,44,0.05,0.731,Fitness product from health & wellness category; organic everyday solution designed for conscious consumers.
P0129,V071,Everyday Yogurt Alternatives Classic,Dairy Alternatives,Yogurt Alternatives,753.53,3.92,117,49,4,579,77,0.046,0.816,Yogurt Alternatives product from dairy alternatives category; sustainable everyday solution designed for conscious consumers.
P0130,V018,Natural Haircare Essentials,Beauty & Personal Care,Haircare,616.75,3.87,112,56,8,775,95,0.095,0.692,Haircare product from beauty & personal care category; natural everyday solution designed for conscious consumers.
P0131,V075,Natural Packaging Pack,Eco-Friendly Home,Packaging,664.27,4.33,142,33,6,567,58,0.054,0.872,Packaging product from eco-friendly home category; everyday everyday solution designed for conscious consumers.
P0132,V005,Premium Personal Wellness Care Set,Health & Wellness,Personal Wellness,665.82,3.94,121,39,3,481,74,0.06,0.814,Personal Wellness product from health & wellness category; organic everyday solution designed for conscious consumers.
P0133,V026,Sustainable Snacks Blend,Plant-Based Food,Snacks,453.99,3.71,163,67,2,766,122,0.087,0.845,Snacks product from plant-based food category; eco everyday solution designed for conscious consumers.
P0134,V074,Eco Bath Blend,Beauty & Personal Care,Bath,826.03,4.08,152,26,1,591,62,0.05,0.911,Bath product from beauty & personal care category; plant-based everyday solution designed for conscious consumers.
P0135,V013,Premium Protein Foods Blend,Plant-Based Food,Protein Foods,481.57,4.59,169,53,6,597,69,0.07,0.848,Protein Foods product from plant-based food category; essential everyday solution designed for conscious consumers.
P0136,V006,Organic Snacks Classic,Plant-Based Food,Snacks,354.53,3.74,124,54,2,630,74,0.112,0.841,Snacks product from plant-based food category; premium everyday solution designed for conscious consumers.
P0137,V094,Premium Supplements Starter Kit,Health & Wellness,Supplements,380.88,4.42,136,85,2,834,120,0.126,0.75,Supplements product from health & wellness category; sustainable everyday solution designed for conscious consumers.
P0138,V066,Natural Mock Meat Essentials,Plant-Based Food,Mock Meat,1071.38,4.56,160,40,5,613,62,0.029,0.847,Mock Meat product from plant-based food category; organic everyday solution designed for conscious consumers.
P0139,V074,Sustainable Haircare Classic,Beauty & Personal Care,Haircare,578.61,4.66,160,38,5,566,72,0.055,0.749,Haircare product from beauty & personal care category; plant-based everyday solution designed for conscious consumers.
P0140,V034,Everyday Bath Care Set,Beauty & Personal Care,Bath,762.65,3.89,100,43,3,690,81,0.087,0.808,Bath product from beauty & personal care category; sustainable everyday solution designed for conscious consumers.
P0141,V070,Natural Snacks Pack,Plant-Based Food,Snacks,692.32,4.38,144,45,2,662,109,0.066,0.816,Snacks product from plant-based food category; eco everyday solution designed for conscious consumers.
P0142,V075,Natural Cleaning Pack,Eco-Friendly Home,Cleaning,301.5,4.33,148,46,1,597,58,0.035,0.927,Cleaning product from eco-friendly home category; organic everyday solution designed for conscious consumers.
P0143,V013,Organic Ready Meals Range,Plant-Based Food,Ready Meals,654.68,4.52,172,60,4,572,99,0.091,0.892,Ready Meals product from plant-based food category; premium everyday solution designed for conscious consumers.
P0144,V032,Natural Bath Pack,Beauty & Personal Care,Bath,495.8,4.5,148,33,5,465,48,0.07,0.852,Bath product from beauty & personal care category; essential everyday solution designed for conscious consumers.
P0145,V022,Natural Yogurt Alternatives Care Set,Dairy Alternatives,Yogurt Alternatives,279.14,3.65,123,56,3,724,99,0.073,0.83,Yogurt Alternatives product from dairy alternatives category; sustainable everyday solution designed for conscious consumers.
P0146,V023,Essential Yogurt Alternatives Range,Dairy Alternatives,Yogurt Alternatives,652.38,4.17,142,60,3,736,102,0.085,0.956,Yogurt Alternatives product from dairy alternatives category; eco everyday solution designed for conscious consumers.
P0147,V015,Eco Ready Meals Starter Kit,Plant-Based Food,Ready Meals,1238.54,4.34,144,47,3,726,88,0.071,0.822,Ready Meals product from plant-based food category; plant-based everyday solution designed for conscious consumers.
P0148,V045,Premium Kitchen Starter Kit,Eco-Friendly Home,Kitchen,1366.6,4.3,188,39,1,663,61,0.079,0.913,Kitchen product from eco-friendly home category; everyday everyday solution designed for conscious consumers.
P0149,V015,Organic Protein Foods Care Set,Plant-Based Food,Protein Foods,580.84,3.86,152,75,2,696,91,0.087,0.853,Protein Foods product from plant-based food category; sustainable everyday solution designed for conscious consumers.
P0150,V015,Plant-Based Ready Meals Care Set,Plant-Based Food,Ready Meals,475.4,4.37,137,69,2,680,95,0.093,0.842,Ready Meals product from plant-based food category; plant-based everyday solution designed for conscious consumers.
P0151,V048,Sustainable Haircare Range,Beauty & Personal Care,Haircare,954.55,4.11,143,52,3,744,82,0.077,0.867,Haircare product from beauty & personal care category; sustainable everyday solution designed for conscious consumers.
P0152,V092,Organic Protein Foods Blend,Plant-Based Food,Protein Foods,715.61,4.4,125,56,5,686,90,0.109,0.736,Protein Foods product from plant-based food category; organic everyday solution designed for conscious consumers.
P0153,V077,Natural Yogurt Alternatives Pack,Dairy Alternatives,Yogurt Alternatives,489.55,3.82,120,85,5,858,152,0.112,0.779,Yogurt Alternatives product from dairy alternatives category; plant-based everyday solution designed for conscious consumers.
P0154,V020,Premium Personal Wellness Classic,Health & Wellness,Personal Wellness,683.74,3.87,118,58,10,638,90,0.071,0.828,Personal Wellness product from health & wellness category; organic everyday solution designed for conscious consumers.
P0155,V068,Natural Cosmetics Starter Kit,Beauty & Personal Care,Cosmetics,790.74,4.27,113,75,6,784,106,0.122,0.866,Cosmetics product from beauty & personal care category; premium everyday solution designed for conscious consumers.
P0156,V084,Essential Packaging Essentials,Eco-Friendly Home,Packaging,352.93,3.7,107,80,3,867,103,0.117,0.765,Packaging product from eco-friendly home category; premium everyday solution designed for conscious consumers.
P0157,V050,Everyday Supplements Pack,Health & Wellness,Supplements,594.02,4.54,172,63,2,658,95,0.081,0.883,Supplements product from health & wellness category; essential everyday solution designed for conscious consumers.
P0158,V021,Sustainable Personal Wellness Classic,Health & Wellness,Personal Wellness,511.71,3.99,143,44,5,553,66,0.072,0.853,Personal Wellness product from health & wellness category; sustainable everyday solution designed for conscious consumers.
P0159,V059,Everyday Mock Meat Classic,Plant-Based Food,Mock Meat,534.11,4.31,125,43,2,599,94,0.089,0.764,Mock Meat product from plant-based food category; everyday everyday solution designed for conscious consumers.
P0160,V086,Premium Skincare Bundle,Beauty & Personal Care,Skincare,1685.95,4.05,126,90,6,916,135,0.131,0.891,Skincare product from beauty & personal care category; eco everyday solution designed for conscious consumers.
P0161,V023,Premium Creamers Pack,Dairy Alternatives,Creamers,429.02,4.42,130,72,5,776,113,0.122,0.977,Creamers product from dairy alternatives category; essential everyday solution designed for conscious consumers.
P0162,V067,Organic Mock Meat Classic,Plant-Based Food,Mock Meat,311.82,3.92,120,78,4,776,132,0.127,0.716,Mock Meat product from plant-based food category; natural everyday solution designed for conscious consumers.
P0163,V069,Eco Snacks Classic,Plant-Based Food,Snacks,224.03,4.51,143,66,2,695,96,0.115,0.947,Snacks product from plant-based food category; organic everyday solution designed for conscious consumers.
P0164,V047,Everyday Kitchen Range,Eco-Friendly Home,Kitchen,268.56,4.01,128,48,5,615,76,0.094,0.874,Kitchen product from eco-friendly home category; organic everyday solution designed for conscious consumers.
P0165,V074,Everyday Bath Essentials,Beauty & Personal Care,Bath,411.12,4.43,160,45,3,612,57,0.06,0.81,Bath product from beauty & personal care category; eco everyday solution designed for conscious consumers.
P0166,V085,Premium Cleaning Bundle,Eco-Friendly Home,Cleaning,1019.33,3.91,101,65,7,724,99,0.105,0.844,Cleaning product from eco-friendly home category; organic everyday solution designed for conscious consumers.
P0167,V016,Essential Snacks Starter Kit,Plant-Based Food,Snacks,384.25,4.25,106,52,3,667,85,0.061,0.67,Snacks product from plant-based food category; premium everyday solution designed for conscious consumers.
P0168,V013,Everyday Mock Meat Pack,Plant-Based Food,Mock Meat,472.8,4.1,151,49,2,602,79,0.077,0.866,Mock Meat product from plant-based food category; plant-based everyday solution designed for conscious consumers.
P0169,V075,Premium Packaging Classic,Eco-Friendly Home,Packaging,922.18,4.06,142,31,3,537,62,0.067,0.918,Packaging product from eco-friendly home category; everyday everyday solution designed for conscious consumers.
P0170,V030,Plant-Based Nutrition Pack,Health & Wellness,Nutrition,1723.71,4.09,111,46,4,575,73,0.093,0.927,Nutrition product from health & wellness category; essential everyday solution designed for conscious consumers.
P0171,V065,Premium Packaging Pack,Eco-Friendly Home,Packaging,912.45,3.88,120,64,6,865,105,0.095,0.986,Packaging product from eco-friendly home category; sustainable everyday solution designed for conscious consumers.
P0172,V066,Organic Protein Foods Blend,Plant-Based Food,Protein Foods,778.12,4.36,158,46,2,574,67,0.11,0.853,Protein Foods product from plant-based food category; natural everyday solution designed for conscious consumers.
P0173,V014,Everyday Snacks Blend,Plant-Based Food,Snacks,604.14,4.27,111,32,4,500,63,0.069,0.89,Snacks product from plant-based food category; everyday everyday solution designed for conscious consumers.
P0174,V096,Plant-Based Creamers Care Set,Dairy Alternatives,Creamers,285.81,3.97,151,43,6,528,76,0.08,0.893,Creamers product from dairy alternatives category; premium everyday solution designed for conscious consumers.
P0175,V039,Plant-Based Packaging Classic,Eco-Friendly Home,Packaging,595.74,4.38,137,76,8,911,127,0.161,0.921,Packaging product from eco-friendly home category; essential everyday solution designed for conscious consumers.
P0176,V100,Natural Haircare Classic,Beauty & Personal Care,Haircare,712.76,4.34,112,53,4,718,58,0.086,0.829,Haircare product from beauty & personal care category; essential everyday solution designed for conscious consumers.
P0177,V024,Essential Nutrition Starter Kit,Health & Wellness,Nutrition,585.17,4.39,131,73,3,911,136,0.121,0.737,Nutrition product from health & wellness category; essential everyday solution designed for conscious consumers.
P0178,V007,Premium Mock Meat Range,Plant-Based Food,Mock Meat,614.2,4.19,104,51,3,504,68,0.078,0.833,Mock Meat product from plant-based food category; organic everyday solution designed for conscious consumers.
P0179,V039,Everyday Kitchen Essentials,Eco-Friendly Home,Kitchen,781.46,4.06,168,74,2,946,136,0.155,0.801,Kitchen product from eco-friendly home category; organic everyday solution designed for conscious consumers.
P0180,V006,Organic Ready Meals Blend,Plant-Based Food,Ready Meals,292.65,3.73,102,45,6,642,79,0.112,0.79,Ready Meals product from plant-based food category; plant-based everyday solution designed for conscious consumers.
P0181,V027,Plant-Based Bath Bundle,Beauty & Personal Care,Bath,536.95,3.98,113,88,5,994,122,0.121,0.858,Bath product from beauty & personal care category; plant-based everyday solution designed for conscious consumers.
P0182,V061,Essential Reusable Products Care Set,Eco-Friendly Home,Reusable Products,724.9,3.8,124,43,5,555,74,0.083,0.888,Reusable Products product from eco-friendly home category; eco everyday solution designed for conscious consumers.
P0183,V013,Everyday Snacks Bundle,Plant-Based Food,Snacks,300.3,4.68,150,49,2,613,79,0.088,0.881,Snacks product from plant-based food category; eco everyday solution designed for conscious consumers.
P0184,V015,Natural Protein Foods Bundle,Plant-Based Food,Protein Foods,902.76,4.19,161,65,3,715,93,0.074,0.909,Protein Foods product from plant-based food category; natural everyday solution designed for conscious consumers.
P0185,V005,Everyday Supplements Essentials,Health & Wellness,Supplements,171.26,4.57,122,43,4,495,81,0.075,0.671,Supplements product from health & wellness category; natural everyday solution designed for conscious consumers.
P0186,V004,Organic Skincare Range,Beauty & Personal Care,Skincare,869.2,4.27,119,61,6,867,88,0.115,0.97,Skincare product from beauty & personal care category; organic everyday solution designed for conscious consumers.
P0187,V019,Sustainable Supplements Pack,Health & Wellness,Supplements,442.52,4.25,149,83,2,940,107,0.124,0.891,Supplements product from health & wellness category; natural everyday solution designed for conscious consumers.
P0188,V009,Organic Creamers Range,Dairy Alternatives,Creamers,544.95,4.02,136,59,5,795,120,0.107,0.944,Creamers product from dairy alternatives category; everyday everyday solution designed for conscious consumers.
P0189,V007,Plant-Based Snacks Starter Kit,Plant-Based Food,Snacks,468.91,3.83,148,48,7,543,81,0.075,0.799,Snacks product from plant-based food category; eco everyday solution designed for conscious consumers.
P0190,V051,Sustainable Cleaning Care Set,Eco-Friendly Home,Cleaning,559.09,4.39,132,67,9,660,89,0.077,0.861,Cleaning product from eco-friendly home category; plant-based everyday solution designed for conscious consumers.
P0191,V084,Eco Cleaning Essentials,Eco-Friendly Home,Cleaning,587.13,3.81,90,70,7,846,133,0.129,0.78,Cleaning product from eco-friendly home category; organic everyday solution designed for conscious consumers.
P0192,V088,Natural Haircare Bundle,Beauty & Personal Care,Haircare,773.83,4.25,132,32,5,529,55,0.065,0.811,Haircare product from beauty & personal care category; sustainable everyday solution designed for conscious consumers.
P0193,V016,Plant-Based Mock Meat Starter Kit,Plant-Based Food,Mock Meat,967.62,3.88,128,49,5,644,85,0.071,0.802,Mock Meat product from plant-based food category; eco everyday solution designed for conscious consumers.
P0194,V012,Organic Mock Meat Care Set,Plant-Based Food,Mock Meat,530.74,4.18,137,75,7,718,87,0.116,0.818,Mock Meat product from plant-based food category; natural everyday solution designed for conscious consumers.
P0195,V037,Eco Packaging Starter Kit,Eco-Friendly Home,Packaging,430.1,4.31,108,69,9,710,102,0.1,0.867,Packaging product from eco-friendly home category; natural everyday solution designed for conscious consumers.
P0196,V025,Plant-Based Vegan Cheese Blend,Dairy Alternatives,Vegan Cheese,432.83,4.32,186,74,4,857,111,0.086,0.709,Vegan Cheese product from dairy alternatives category; sustainable everyday solution designed for conscious consumers.
P0197,V068,Eco Cosmetics Starter Kit,Beauty & Personal Care,Cosmetics,967.71,3.96,121,80,6,764,106,0.097,0.866,Cosmetics product from beauty & personal care category; organic everyday solution designed for conscious consumers.
P0198,V045,Essential Cleaning Starter Kit,Eco-Friendly Home,Cleaning,892.44,4.89,142,31,1,655,80,0.048,0.886,Cleaning product from eco-friendly home category; organic everyday solution designed for conscious consumers.
P0199,V072,Eco Personal Wellness Bundle,Health & Wellness,Personal Wellness,461.39,4.22,160,59,2,743,116,0.101,0.901,Personal Wellness product from health & wellness category; organic everyday solution designed for conscious consumers.
P0200,V046,Premium Haircare Blend,Beauty & Personal Care,Haircare,346.3,3.84,92,52,15,581,84,0.105,0.907,Haircare product from beauty & personal care category; premium everyday solution designed for conscious consumers.
P0201,V031,Essential Protein Foods Classic,Plant-Based Food,Protein Foods,262.51,4.73,152,50,1,569,70,0.105,0.969,Protein Foods product from plant-based food category; eco everyday solution designed for conscious consumers.
P0202,V002,Natural Snacks Bundle,Plant-Based Food,Snacks,558.29,4.17,95,70,2,926,141,0.134,0.868,Snacks product from plant-based food category; eco everyday solution designed for conscious consumers.
P0203,V038,Plant-Based Ready Meals Bundle,Plant-Based Food,Ready Meals,772.81,4.21,139,64,3,845,107,0.079,0.767,Ready Meals product from plant-based food category; eco everyday solution designed for conscious consumers.
P0204,V003,Organic Nutrition Classic,Health & Wellness,Nutrition,471.65,4.7,154,53,6,682,91,0.118,0.949,Nutrition product from health & wellness category; eco everyday solution designed for conscious consumers.
P0205,V089,Eco Nutrition Starter Kit,Health & Wellness,Nutrition,773.63,4.22,133,30,3,525,69,0.049,0.887,Nutrition product from health & wellness category; sustainable everyday solution designed for conscious consumers.
P0206,V089,Natural Fitness Essentials,Health & Wellness,Fitness,890.94,4.32,152,37,4,501,50,0.045,0.848,Fitness product from health & wellness category; natural everyday solution designed for conscious consumers.
P0207,V044,Everyday Reusable Products Essentials,Eco-Friendly Home,Reusable Products,736.83,4.37,153,65,7,657,96,0.095,0.85,Reusable Products product from eco-friendly home category; premium everyday solution designed for conscious consumers.
P0208,V058,Everyday Yogurt Alternatives Range,Dairy Alternatives,Yogurt Alternatives,970.3,4.32,146,75,1,784,119,0.084,0.882,Yogurt Alternatives product from dairy alternatives category; everyday everyday solution designed for conscious consumers.
P0209,V019,Eco Supplements Care Set,Health & Wellness,Supplements,516.02,4.26,148,79,2,942,135,0.146,0.933,Supplements product from health & wellness category; eco everyday solution designed for conscious consumers.
P0210,V040,Premium Plant Milk Blend,Dairy Alternatives,Plant Milk,760.4,3.96,143,85,5,1001,141,0.135,0.804,Plant Milk product from dairy alternatives category; everyday everyday solution designed for conscious consumers.
P0211,V035,Eco Fitness Range,Health & Wellness,Fitness,656.25,3.98,135,42,5,495,59,0.071,0.901,Fitness product from health & wellness category; sustainable everyday solution designed for conscious consumers.
P0212,V017,Premium Personal Wellness Blend,Health & Wellness,Personal Wellness,421.15,4.15,120,53,5,755,111,0.127,0.99,Personal Wellness product from health & wellness category; eco everyday solution designed for conscious consumers.
P0213,V059,Eco Ready Meals Starter Kit,Plant-Based Food,Ready Meals,397.98,3.88,99,61,5,618,78,0.075,0.783,Ready Meals product from plant-based food category; premium everyday solution designed for conscious consumers.
P0214,V034,Organic Cosmetics Pack,Beauty & Personal Care,Cosmetics,1076.97,4.31,99,42,5,721,86,0.072,0.801,Cosmetics product from beauty & personal care category; eco everyday solution designed for conscious consumers.
P0215,V095,Eco Kitchen Classic,Eco-Friendly Home,Kitchen,788.81,4.61,121,40,7,488,57,0.085,0.747,Kitchen product from eco-friendly home category; sustainable everyday solution designed for conscious consumers.
P0216,V061,Natural Reusable Products Classic,Eco-Friendly Home,Reusable Products,525.68,4.02,120,51,11,560,78,0.069,0.713,Reusable Products product from eco-friendly home category; eco everyday solution designed for conscious consumers.
P0217,V023,Eco Plant Milk Blend,Dairy Alternatives,Plant Milk,685.35,4.28,163,66,3,718,98,0.128,0.898,Plant Milk product from dairy alternatives category; sustainable everyday solution designed for conscious consumers.
P0218,V078,Essential Protein Foods Bundle,Plant-Based Food,Protein Foods,388.91,3.67,75,65,8,692,86,0.09,0.87,Protein Foods product from plant-based food category; plant-based everyday solution designed for conscious consumers.
P0219,V090,Organic Cleaning Bundle,Eco-Friendly Home,Cleaning,443.71,4.05,90,107,5,871,123,0.126,0.8,Cleaning product from eco-friendly home category; organic everyday solution designed for conscious consumers.
P0220,V084,Everyday Packaging Bundle,Eco-Friendly Home,Packaging,932.03,3.42,106,86,2,876,159,0.143,0.774,Packaging product from eco-friendly home category; natural everyday solution designed for conscious consumers.
P0221,V083,Natural Packaging Essentials,Eco-Friendly Home,Packaging,474.58,3.92,95,52,3,649,71,0.083,0.745,Packaging product from eco-friendly home category; sustainable everyday solution designed for conscious consumers.
P0222,V074,Organic Haircare Classic,Beauty & Personal Care,Haircare,682.97,4.18,127,38,4,585,61,0.062,0.91,Haircare product from beauty & personal care category; essential everyday solution designed for conscious consumers.
P0223,V031,Organic Snacks Care Set,Plant-Based Food,Snacks,591.7,4.43,136,60,4,583,93,0.062,0.869,Snacks product from plant-based food category; natural everyday solution designed for conscious consumers.
P0224,V012,Sustainable Snacks Classic,Plant-Based Food,Snacks,377.5,4.39,128,68,3,697,107,0.092,0.797,Snacks product from plant-based food category; sustainable everyday solution designed for conscious consumers.
P0225,V029,Organic Fitness Starter Kit,Health & Wellness,Fitness,502.61,4.1,97,35,4,641,83,0.07,0.847,Fitness product from health & wellness category; everyday everyday solution designed for conscious consumers.
P0226,V039,Essential Cleaning Bundle,Eco-Friendly Home,Cleaning,427.31,4.46,170,86,3,947,146,0.1,0.904,Cleaning product from eco-friendly home category; organic everyday solution designed for conscious consumers.
P0227,V081,Natural Plant Milk Essentials,Dairy Alternatives,Plant Milk,1059.89,4.22,114,83,11,870,122,0.104,0.905,Plant Milk product from dairy alternatives category; premium everyday solution designed for conscious consumers.
P0228,V042,Plant-Based Snacks Bundle,Plant-Based Food,Snacks,639.98,4.13,136,49,1,522,84,0.068,0.819,Snacks product from plant-based food category; organic everyday solution designed for conscious consumers.
P0229,V039,Eco Reusable Products Blend,Eco-Friendly Home,Reusable Products,270.17,4.31,145,76,5,914,147,0.147,0.803,Reusable Products product from eco-friendly home category; everyday everyday solution designed for conscious consumers.
P0230,V099,Essential Packaging Essentials,Eco-Friendly Home,Packaging,488.77,4.35,128,58,5,626,84,0.086,0.866,Packaging product from eco-friendly home category; natural everyday solution designed for conscious consumers.
P0231,V052,Premium Ready Meals Bundle,Plant-Based Food,Ready Meals,622.14,4.53,140,37,7,576,80,0.073,0.926,Ready Meals product from plant-based food category; everyday everyday solution designed for conscious consumers.
P0232,V054,Eco Bath Essentials,Beauty & Personal Care,Bath,197.26,4.43,119,62,4,603,77,0.066,0.723,Bath product from beauty & personal care category; sustainable everyday solution designed for conscious consumers.
P0233,V027,Essential Cosmetics Essentials,Beauty & Personal Care,Cosmetics,638.16,4.06,103,76,5,1036,138,0.109,0.924,Cosmetics product from beauty & personal care category; organic everyday solution designed for conscious consumers.
P0234,V037,Organic Kitchen Blend,Eco-Friendly Home,Kitchen,522.32,4.02,97,66,7,668,94,0.136,0.788,Kitchen product from eco-friendly home category; sustainable everyday solution designed for conscious consumers.
P0235,V059,Sustainable Mock Meat Range,Plant-Based Food,Mock Meat,664.73,3.64,106,64,7,635,95,0.062,0.793,Mock Meat product from plant-based food category; plant-based everyday solution designed for conscious consumers.
P0236,V091,Natural Kitchen Essentials,Eco-Friendly Home,Kitchen,555.3,3.8,76,78,3,1012,133,0.139,0.875,Kitchen product from eco-friendly home category; eco everyday solution designed for conscious consumers.
P0237,V002,Plant-Based Snacks Blend,Plant-Based Food,Snacks,450.97,3.85,112,68,9,926,119,0.112,0.742,Snacks product from plant-based food category; everyday everyday solution designed for conscious consumers.
P0238,V012,Natural Mock Meat Range,Plant-Based Food,Mock Meat,559.95,4.16,129,67,6,678,100,0.078,0.908,Mock Meat product from plant-based food category; everyday everyday solution designed for conscious consumers.
P0239,V091,Organic Reusable Products Essentials,Eco-Friendly Home,Reusable Products,472.3,3.86,67,87,5,920,142,0.11,0.896,Reusable Products product from eco-friendly home category; eco everyday solution designed for conscious consumers.
P0240,V060,Essential Cosmetics Classic,Beauty & Personal Care,Cosmetics,444.32,3.88,112,40,6,435,69,0.057,0.921,Cosmetics product from beauty & personal care category; sustainable everyday solution designed for conscious consumers.
P0241,V054,Eco Skincare Bundle,Beauty & Personal Care,Skincare,709.65,4.45,176,56,4,637,72,0.105,0.788,Skincare product from beauty & personal care category; essential everyday solution designed for conscious consumers.
P0242,V082,Sustainable Fitness Blend,Health & Wellness,Fitness,504.2,4.5,156,59,6,638,106,0.097,0.819,Fitness product from health & wellness category; natural everyday solution designed for conscious consumers.
P0243,V047,Everyday Kitchen Starter Kit,Eco-Friendly Home,Kitchen,318.32,3.96,115,57,6,608,75,0.099,0.982,Kitchen product from eco-friendly home category; premium everyday solution designed for conscious consumers.
P0244,V047,Eco Packaging Pack,Eco-Friendly Home,Packaging,316.22,4.15,126,41,2,565,79,0.08,0.892,Packaging product from eco-friendly home category; organic everyday solution designed for conscious consumers.
P0245,V047,Natural Packaging Bundle,Eco-Friendly Home,Packaging,467.53,3.7,119,50,1,610,73,0.088,0.921,Packaging product from eco-friendly home category; premium everyday solution designed for conscious consumers.
P0246,V030,Everyday Personal Wellness Blend,Health & Wellness,Personal Wellness,501.54,3.86,112,43,7,548,44,0.052,0.86,Personal Wellness product from health & wellness category; sustainable everyday solution designed for conscious consumers.
P0247,V058,Sustainable Plant Milk Classic,Dairy Alternatives,Plant Milk,389.96,4.19,139,69,10,835,95,0.116,0.922,Plant Milk product from dairy alternatives category; premium everyday solution designed for conscious consumers.
P0248,V075,Natural Kitchen Bundle,Eco-Friendly Home,Kitchen,510.27,4.48,134,44,3,561,63,0.068,0.921,Kitchen product from eco-friendly home category; natural everyday solution designed for conscious consumers.
P0249,V037,Premium Kitchen Bundle,Eco-Friendly Home,Kitchen,192.17,3.74,118,58,4,692,91,0.093,0.884,Kitchen product from eco-friendly home category; organic everyday solution designed for conscious consumers.
P0250,V077,Essential Plant Milk Range,Dairy Alternatives,Plant Milk,651.51,3.94,123,70,8,905,136,0.122,0.832,Plant Milk product from dairy alternatives category; sustainable everyday solution designed for conscious consumers.
P0251,V070,Natural Protein Foods Bundle,Plant-Based Food,Protein Foods,838.13,3.83,143,56,3,723,94,0.093,0.888,Protein Foods product from plant-based food category; essential everyday solution designed for conscious consumers.
P0252,V065,Sustainable Kitchen Care Set,Eco-Friendly Home,Kitchen,668.74,3.77,123,68,3,839,121,0.088,0.966,Kitchen product from eco-friendly home category; everyday everyday solution designed for conscious consumers.
P0253,V026,Natural Mock Meat Essentials,Plant-Based Food,Mock Meat,2235.98,4.36,128,65,5,779,85,0.102,0.863,Mock Meat product from plant-based food category; everyday everyday solution designed for conscious consumers.
P0254,V082,Organic Personal Wellness Classic,Health & Wellness,Personal Wellness,1095.1,4.31,162,70,2,664,94,0.097,0.797,Personal Wellness product from health & wellness category; sustainable everyday solution designed for conscious consumers.
P0255,V048,Premium Bath Blend,Beauty & Personal Care,Bath,1007.17,4.25,116,44,4,755,84,0.069,0.849,Bath product from beauty & personal care category; sustainable everyday solution designed for conscious consumers.
P0256,V097,Essential Cleaning Bundle,Eco-Friendly Home,Cleaning,616.65,3.97,153,58,5,774,104,0.126,0.827,Cleaning product from eco-friendly home category; sustainable everyday solution designed for conscious consumers.
P0257,V053,Eco Nutrition Bundle,Health & Wellness,Nutrition,770.08,3.95,104,37,8,493,45,0.069,0.691,Nutrition product from health & wellness category; natural everyday solution designed for conscious consumers.
P0258,V069,Natural Snacks Starter Kit,Plant-Based Food,Snacks,204.19,4.47,125,61,4,662,83,0.102,0.842,Snacks product from plant-based food category; plant-based everyday solution designed for conscious consumers.
P0259,V069,Everyday Protein Foods Pack,Plant-Based Food,Protein Foods,892.12,4.14,145,50,3,679,88,0.079,0.855,Protein Foods product from plant-based food category; plant-based everyday solution designed for conscious consumers.
P0260,V070,Essential Protein Foods Starter Kit,Plant-Based Food,Protein Foods,521.21,3.9,149,61,3,681,73,0.082,0.901,Protein Foods product from plant-based food category; premium everyday solution designed for conscious consumers.
P0261,V027,Plant-Based Bath Care Set,Beauty & Personal Care,Bath,437.03,3.74,82,76,9,987,127,0.104,0.874,Bath product from beauty & personal care category; plant-based everyday solution designed for conscious consumers.
P0262,V042,Essential Snacks Range,Plant-Based Food,Snacks,1139.28,4.15,134,42,4,540,54,0.034,0.851,Snacks product from plant-based food category; essential everyday solution designed for conscious consumers.
P0263,V014,Organic Mock Meat Range,Plant-Based Food,Mock Meat,306.63,3.97,126,41,6,483,63,0.06,0.925,Mock Meat product from plant-based food category; eco everyday solution designed for conscious consumers.
P0264,V095,Eco Reusable Products Pack,Eco-Friendly Home,Reusable Products,956.3,4.16,131,42,1,542,68,0.065,0.746,Reusable Products product from eco-friendly home category; eco everyday solution designed for conscious consumers.
P0265,V082,Essential Nutrition Essentials,Health & Wellness,Nutrition,498.16,4.54,153,68,6,709,93,0.076,0.726,Nutrition product from health & wellness category; plant-based everyday solution designed for conscious consumers.
P0266,V096,Premium Creamers Essentials,Dairy Alternatives,Creamers,579.04,4.24,142,46,6,558,77,0.073,0.812,Creamers product from dairy alternatives category; essential everyday solution designed for conscious consumers.
P0267,V058,Essential Vegan Cheese Blend,Dairy Alternatives,Vegan Cheese,452.82,4.64,135,74,3,866,116,0.128,0.944,Vegan Cheese product from dairy alternatives category; premium everyday solution designed for conscious consumers.
P0268,V042,Essential Ready Meals Range,Plant-Based Food,Ready Meals,730.08,4.47,138,42,9,557,87,0.07,0.831,Ready Meals product from plant-based food category; natural everyday solution designed for conscious consumers.
P0269,V086,Essential Skincare Blend,Beauty & Personal Care,Skincare,457.06,4.07,104,72,5,903,123,0.122,0.984,Skincare product from beauty & personal care category; natural everyday solution designed for conscious consumers.
P0270,V005,Natural Supplements Range,Health & Wellness,Supplements,434.99,3.95,150,37,3,525,74,0.074,0.783,Supplements product from health & wellness category; premium everyday solution designed for conscious consumers.
P0271,V017,Organic Personal Wellness Classic,Health & Wellness,Personal Wellness,908.55,3.96,125,67,6,759,103,0.106,0.903,Personal Wellness product from health & wellness category; sustainable everyday solution designed for conscious consumers.
P0272,V026,Eco Mock Meat Care Set,Plant-Based Food,Mock Meat,601.95,4.26,139,57,4,788,102,0.11,0.811,Mock Meat product from plant-based food category; everyday everyday solution designed for conscious consumers.
P0273,V023,Essential Yogurt Alternatives Blend,Dairy Alternatives,Yogurt Alternatives,1384.82,4.14,144,59,2,751,95,0.088,0.942,Yogurt Alternatives product from dairy alternatives category; organic everyday solution designed for conscious consumers.
P0274,V054,Essential Skincare Starter Kit,Beauty & Personal Care,Skincare,551.83,4.12,148,45,1,591,78,0.06,0.789,Skincare product from beauty & personal care category; essential everyday solution designed for conscious consumers.
P0275,V019,Sustainable Personal Wellness Classic,Health & Wellness,Personal Wellness,303.64,4.44,169,84,2,934,126,0.101,0.889,Personal Wellness product from health & wellness category; eco everyday solution designed for conscious consumers.
P0276,V097,Organic Reusable Products Care Set,Eco-Friendly Home,Reusable Products,716.57,4.55,136,77,6,767,113,0.081,0.769,Reusable Products product from eco-friendly home category; essential everyday solution designed for conscious consumers.
P0277,V031,Essential Ready Meals Classic,Plant-Based Food,Ready Meals,1151.46,4.35,162,50,5,553,64,0.085,0.895,Ready Meals product from plant-based food category; everyday everyday solution designed for conscious consumers.
P0278,V084,Sustainable Kitchen Bundle,Eco-Friendly Home,Kitchen,457.73,3.65,99,90,7,867,138,0.134,0.75,Kitchen product from eco-friendly home category; organic everyday solution designed for conscious consumers.
P0279,V044,Everyday Cleaning Starter Kit,Eco-Friendly Home,Cleaning,876.66,4.35,135,58,3,706,104,0.098,0.957,Cleaning product from eco-friendly home category; essential everyday solution designed for conscious consumers.
P0280,V071,Essential Plant Milk Care Set,Dairy Alternatives,Plant Milk,1003.99,4.12,114,52,4,560,72,0.082,0.835,Plant Milk product from dairy alternatives category; organic everyday solution designed for conscious consumers.
P0281,V094,Essential Supplements Range,Health & Wellness,Supplements,1014.59,3.89,146,88,2,835,133,0.134,0.863,Supplements product from health & wellness category; natural everyday solution designed for conscious consumers.
P0282,V074,Organic Haircare Pack,Beauty & Personal Care,Haircare,681.71,4.53,161,43,1,627,72,0.071,0.801,Haircare product from beauty & personal care category; everyday everyday solution designed for conscious consumers.
P0283,V012,Premium Ready Meals Range,Plant-Based Food,Ready Meals,558.82,4.18,157,58,4,686,89,0.096,0.905,Ready Meals product from plant-based food category; organic everyday solution designed for conscious consumers.
P0284,V073,Natural Kitchen Range,Eco-Friendly Home,Kitchen,503.68,4.72,150,47,6,628,64,0.073,0.806,Kitchen product from eco-friendly home category; natural everyday solution designed for conscious consumers.
P0285,V088,Sustainable Cosmetics Classic,Beauty & Personal Care,Cosmetics,562.87,4.32,144,52,7,488,60,0.073,0.765,Cosmetics product from beauty & personal care category; everyday everyday solution designed for conscious consumers.
P0286,V066,Organic Ready Meals Classic,Plant-Based Food,Ready Meals,826.85,4.36,164,48,4,622,67,0.095,0.885,Ready Meals product from plant-based food category; eco everyday solution designed for conscious consumers.
P0287,V013,Plant-Based Snacks Essentials,Plant-Based Food,Snacks,329.75,4.8,154,53,6,616,75,0.074,0.882,Snacks product from plant-based food category; sustainable everyday solution designed for conscious consumers.
P0288,V003,Natural Supplements Blend,Health & Wellness,Supplements,725.08,4.56,140,61,6,700,98,0.078,0.885,Supplements product from health & wellness category; organic everyday solution designed for conscious consumers.
P0289,V015,Everyday Protein Foods Starter Kit,Plant-Based Food,Protein Foods,532.26,4.25,158,61,5,702,120,0.107,0.813,Protein Foods product from plant-based food category; organic everyday solution designed for conscious consumers.
P0290,V017,Premium Nutrition Essentials,Health & Wellness,Nutrition,183.93,4.59,116,70,3,771,84,0.115,0.851,Nutrition product from health & wellness category; premium everyday solution designed for conscious consumers.
P0291,V029,Essential Fitness Classic,Health & Wellness,Fitness,914.05,3.87,113,54,10,562,71,0.066,0.841,Fitness product from health & wellness category; essential everyday solution designed for conscious consumers.
P0292,V046,Organic Cosmetics Bundle,Beauty & Personal Care,Cosmetics,546.85,3.55,95,68,3,605,84,0.112,0.732,Cosmetics product from beauty & personal care category; sustainable everyday solution designed for conscious consumers.
P0293,V049,Natural Mock Meat Pack,Plant-Based Food,Mock Meat,386.32,3.74,97,85,7,934,108,0.117,0.909,Mock Meat product from plant-based food category; eco everyday solution designed for conscious consumers.
P0294,V016,Plant-Based Mock Meat Bundle,Plant-Based Food,Mock Meat,260.18,4.29,128,54,6,641,78,0.08,0.831,Mock Meat product from plant-based food category; plant-based everyday solution designed for conscious consumers.
P0295,V038,Plant-Based Mock Meat Classic,Plant-Based Food,Mock Meat,1194.46,4.46,127,71,3,800,118,0.132,0.816,Mock Meat product from plant-based food category; eco everyday solution designed for conscious consumers.
P0296,V033,Sustainable Personal Wellness Classic,Health & Wellness,Personal Wellness,763.22,3.68,105,67,5,814,114,0.102,0.858,Personal Wellness product from health & wellness category; essential everyday solution designed for conscious consumers.
P0297,V004,Essential Haircare Essentials,Beauty & Personal Care,Haircare,325.12,4.06,130,73,6,852,110,0.106,0.862,Haircare product from beauty & personal care category; premium everyday solution designed for conscious consumers.
P0298,V080,Organic Ready Meals Care Set,Plant-Based Food,Ready Meals,1386.06,4.13,104,63,4,767,109,0.098,0.806,Ready Meals product from plant-based food category; organic everyday solution designed for conscious consumers.
P0299,V037,Premium Kitchen Essentials,Eco-Friendly Home,Kitchen,476.03,3.85,126,68,6,679,100,0.107,0.873,Kitchen product from eco-friendly home category; sustainable everyday solution designed for conscious consumers.
P0300,V034,Sustainable Skincare Range,Beauty & Personal Care,Skincare,575.4,3.78,97,56,9,688,85,0.108,0.739,Skincare product from beauty & personal care category; plant-based everyday solution designed for conscious consumers.
P0301,V082,Plant-Based Fitness Pack,Health & Wellness,Fitness,518.85,4.3,159,65,5,683,123,0.121,0.909,Fitness product from health & wellness category; organic everyday solution designed for conscious consumers.
P0302,V062,Natural Supplements Bundle,Health & Wellness,Supplements,321.5,4.19,152,53,4,562,64,0.079,0.806,Supplements product from health & wellness category; eco everyday solution designed for conscious consumers.
P0303,V079,Sustainable Skincare Starter Kit,Beauty & Personal Care,Skincare,428.25,4.46,166,73,6,740,103,0.109,0.857,Skincare product from beauty & personal care category; plant-based everyday solution designed for conscious consumers.
P0304,V096,Plant-Based Plant Milk Starter Kit,Dairy Alternatives,Plant Milk,425.09,3.9,129,48,3,548,79,0.086,0.875,Plant Milk product from dairy alternatives category; everyday everyday solution designed for conscious consumers.
P0305,V077,Essential Creamers Pack,Dairy Alternatives,Creamers,688.57,4.01,111,82,5,939,108,0.121,0.837,Creamers product from dairy alternatives category; natural everyday solution designed for conscious consumers.
P0306,V041,Sustainable Snacks Bundle,Plant-Based Food,Snacks,170.26,3.58,94,55,6,739,109,0.135,0.888,Snacks product from plant-based food category; everyday everyday solution designed for conscious consumers.
P0307,V053,Organic Supplements Essentials,Health & Wellness,Supplements,465.07,4.13,106,43,6,505,56,0.049,0.758,Supplements product from health & wellness category; plant-based everyday solution designed for conscious consumers.
P0308,V054,Organic Cosmetics Pack,Beauty & Personal Care,Cosmetics,300.21,4.18,156,48,6,577,80,0.081,0.841,Cosmetics product from beauty & personal care category; sustainable everyday solution designed for conscious consumers.
P0309,V027,Sustainable Cosmetics Range,Beauty & Personal Care,Cosmetics,372.12,3.96,103,69,7,987,123,0.113,0.916,Cosmetics product from beauty & personal care category; organic everyday solution designed for conscious consumers.
P0310,V017,Natural Nutrition Essentials,Health & Wellness,Nutrition,470.71,3.99,146,70,2,797,102,0.111,0.844,Nutrition product from health & wellness category; eco everyday solution designed for conscious consumers.
P0311,V095,Everyday Packaging Care Set,Eco-Friendly Home,Packaging,252.87,4.42,189,40,2,528,76,0.048,0.739,Packaging product from eco-friendly home category; plant-based everyday solution designed for conscious consumers.
P0312,V088,Premium Skincare Pack,Beauty & Personal Care,Skincare,643.99,4.28,148,41,2,558,68,0.071,0.869,Skincare product from beauty & personal care category; natural everyday solution designed for conscious consumers.
P0313,V052,Essential Snacks Blend,Plant-Based Food,Snacks,665.05,4.43,156,48,1,550,66,0.081,0.801,Snacks product from plant-based food category; everyday everyday solution designed for conscious consumers.
P0314,V091,Essential Cleaning Essentials,Eco-Friendly Home,Cleaning,748.55,3.26,70,86,5,947,144,0.146,0.861,Cleaning product from eco-friendly home category; eco everyday solution designed for conscious consumers.
P0315,V021,Premium Nutrition Pack,Health & Wellness,Nutrition,1066.01,4.57,166,49,5,533,73,0.07,0.914,Nutrition product from health & wellness category; natural everyday solution designed for conscious consumers.
P0316,V069,Essential Ready Meals Starter Kit,Plant-Based Food,Ready Meals,1054.43,4.49,118,50,5,657,88,0.08,0.985,Ready Meals product from plant-based food category; eco everyday solution designed for conscious consumers.
P0317,V038,Everyday Snacks Classic,Plant-Based Food,Snacks,760.47,3.92,144,62,7,782,116,0.082,0.847,Snacks product from plant-based food category; sustainable everyday solution designed for conscious consumers.
P0318,V088,Organic Cosmetics Blend,Beauty & Personal Care,Cosmetics,886.91,4.21,144,43,3,539,67,0.061,0.798,Cosmetics product from beauty & personal care category; sustainable everyday solution designed for conscious consumers.
P0319,V004,Organic Cosmetics Bundle,Beauty & Personal Care,Cosmetics,351.72,3.98,130,67,5,874,95,0.102,0.952,Cosmetics product from beauty & personal care category; sustainable everyday solution designed for conscious consumers.
P0320,V087,Essential Plant Milk Bundle,Dairy Alternatives,Plant Milk,810.86,4.34,143,52,2,704,97,0.092,0.839,Plant Milk product from dairy alternatives category; everyday everyday solution designed for conscious consumers.
P0321,V063,Natural Skincare Essentials,Beauty & Personal Care,Skincare,302.2,4.33,154,93,3,973,133,0.104,0.787,Skincare product from beauty & personal care category; everyday everyday solution designed for conscious consumers.
P0322,V097,Eco Reusable Products Care Set,Eco-Friendly Home,Reusable Products,449.51,4.61,150,61,3,827,103,0.1,0.817,Reusable Products product from eco-friendly home category; eco everyday solution designed for conscious consumers.
P0323,V091,Sustainable Packaging Starter Kit,Eco-Friendly Home,Packaging,458.43,3.64,64,85,8,917,136,0.141,0.976,Packaging product from eco-friendly home category; organic everyday solution designed for conscious consumers.
P0324,V083,Premium Kitchen Pack,Eco-Friendly Home,Kitchen,426.65,3.9,106,53,8,704,87,0.09,0.885,Kitchen product from eco-friendly home category; eco everyday solution designed for conscious consumers.
P0325,V018,Eco Skincare Care Set,Beauty & Personal Care,Skincare,826.37,4.31,104,47,6,715,79,0.098,0.76,Skincare product from beauty & personal care category; eco everyday solution designed for conscious consumers.
P0326,V079,Premium Cosmetics Blend,Beauty & Personal Care,Cosmetics,319.5,4.52,162,70,3,726,86,0.097,0.786,Cosmetics product from beauty & personal care category; organic everyday solution designed for conscious consumers.
P0327,V015,Organic Snacks Care Set,Plant-Based Food,Snacks,702.77,4.49,148,43,2,691,99,0.084,0.889,Snacks product from plant-based food category; premium everyday solution designed for conscious consumers.
P0328,V058,Organic Yogurt Alternatives Blend,Dairy Alternatives,Yogurt Alternatives,541.94,4.32,124,74,3,830,123,0.128,0.802,Yogurt Alternatives product from dairy alternatives category; premium everyday solution designed for conscious consumers.
P0329,V007,Everyday Ready Meals Essentials,Plant-Based Food,Ready Meals,719.16,3.96,121,44,7,511,62,0.066,0.913,Ready Meals product from plant-based food category; natural everyday solution designed for conscious consumers.
P0330,V093,Plant-Based Plant Milk Care Set,Dairy Alternatives,Plant Milk,602.75,3.91,111,55,10,689,87,0.084,0.708,Plant Milk product from dairy alternatives category; everyday everyday solution designed for conscious consumers.
P0331,V090,Eco Reusable Products Bundle,Eco-Friendly Home,Reusable Products,1150.43,4.3,102,88,3,906,142,0.118,0.912,Reusable Products product from eco-friendly home category; eco everyday solution designed for conscious consumers.
P0332,V084,Plant-Based Cleaning Care Set,Eco-Friendly Home,Cleaning,289.88,4.14,112,68,8,876,114,0.116,0.87,Cleaning product from eco-friendly home category; organic everyday solution designed for conscious consumers.
P0333,V047,Everyday Reusable Products Starter Kit,Eco-Friendly Home,Reusable Products,594.43,3.84,106,43,5,536,86,0.058,0.99,Reusable Products product from eco-friendly home category; everyday everyday solution designed for conscious consumers.
P0334,V036,Premium Nutrition Classic,Health & Wellness,Nutrition,330.11,3.85,108,41,4,512,73,0.055,0.938,Nutrition product from health & wellness category; plant-based everyday solution designed for conscious consumers.
P0335,V087,Everyday Yogurt Alternatives Care Set,Dairy Alternatives,Yogurt Alternatives,601.75,3.85,117,59,6,780,81,0.097,0.769,Yogurt Alternatives product from dairy alternatives category; everyday everyday solution designed for conscious consumers.
P0336,V082,Natural Supplements Blend,Health & Wellness,Supplements,597.91,4.3,157,58,2,671,101,0.089,0.759,Supplements product from health & wellness category; everyday everyday solution designed for conscious consumers.
P0337,V044,Organic Reusable Products Essentials,Eco-Friendly Home,Reusable Products,813.3,3.79,143,52,5,637,104,0.122,0.875,Reusable Products product from eco-friendly home category; eco everyday solution designed for conscious consumers.
P0338,V008,Plant-Based Supplements Bundle,Health & Wellness,Supplements,451.86,4.34,165,54,2,628,77,0.074,0.901,Supplements product from health & wellness category; premium everyday solution designed for conscious consumers.
P0339,V002,Everyday Snacks Pack,Plant-Based Food,Snacks,489.17,3.83,104,91,7,949,124,0.16,0.698,Snacks product from plant-based food category; plant-based everyday solution designed for conscious consumers.
P0340,V095,Essential Kitchen Bundle,Eco-Friendly Home,Kitchen,1747.22,4.07,142,30,7,524,71,0.045,0.883,Kitchen product from eco-friendly home category; plant-based everyday solution designed for conscious consumers.
P0341,V073,Plant-Based Cleaning Blend,Eco-Friendly Home,Cleaning,500.59,4.47,140,43,3,631,81,0.068,0.771,Cleaning product from eco-friendly home category; everyday everyday solution designed for conscious consumers.
P0342,V068,Natural Skincare Range,Beauty & Personal Care,Skincare,752.14,3.78,132,60,8,769,87,0.12,0.858,Skincare product from beauty & personal care category; sustainable everyday solution designed for conscious consumers.
P0343,V012,Everyday Snacks Essentials,Plant-Based Food,Snacks,470.1,4.58,131,71,2,711,100,0.114,0.835,Snacks product from plant-based food category; premium everyday solution designed for conscious consumers.
P0344,V016,Eco Snacks Pack,Plant-Based Food,Snacks,1751.5,4.23,116,41,7,655,66,0.077,0.91,Snacks product from plant-based food category; premium everyday solution designed for conscious consumers.
P0345,V085,Natural Packaging Starter Kit,Eco-Friendly Home,Packaging,221.54,3.61,106,58,6,736,103,0.095,0.749,Packaging product from eco-friendly home category; plant-based everyday solution designed for conscious consumers.
P0346,V081,Organic Plant Milk Range,Dairy Alternatives,Plant Milk,495.69,4.36,149,75,4,925,122,0.12,0.823,Plant Milk product from dairy alternatives category; plant-based everyday solution designed for conscious consumers.
P0347,V040,Premium Yogurt Alternatives Care Set,Dairy Alternatives,Yogurt Alternatives,872.78,3.9,150,97,4,988,132,0.135,0.946,Yogurt Alternatives product from dairy alternatives category; everyday everyday solution designed for conscious consumers.
P0348,V038,Plant-Based Snacks Pack,Plant-Based Food,Snacks,214.63,3.93,103,62,1,756,119,0.094,0.735,Snacks product from plant-based food category; essential everyday solution designed for conscious consumers.
P0349,V051,Premium Reusable Products Pack,Eco-Friendly Home,Reusable Products,711.7,4.23,131,59,2,701,105,0.063,0.85,Reusable Products product from eco-friendly home category; natural everyday solution designed for conscious consumers.
P0350,V005,Natural Nutrition Classic,Health & Wellness,Nutrition,1101.99,4.14,139,49,2,498,63,0.075,0.665,Nutrition product from health & wellness category; natural everyday solution designed for conscious consumers.
P0351,V057,Sustainable Ready Meals Classic,Plant-Based Food,Ready Meals,604.92,4.19,103,64,2,745,96,0.103,0.826,Ready Meals product from plant-based food category; eco everyday solution designed for conscious consumers.
P0352,V006,Plant-Based Snacks Classic,Plant-Based Food,Snacks,697.63,3.9,117,68,7,658,75,0.099,0.821,Snacks product from plant-based food category; premium everyday solution designed for conscious consumers.
P0353,V060,Plant-Based Cosmetics Pack,Beauty & Personal Care,Cosmetics,446.29,4.28,145,41,8,499,68,0.058,0.91,Cosmetics product from beauty & personal care category; everyday everyday solution designed for conscious consumers.
P0354,V032,Eco Cosmetics Range,Beauty & Personal Care,Cosmetics,510.09,4.25,134,34,3,485,41,0.053,0.844,Cosmetics product from beauty & personal care category; premium everyday solution designed for conscious consumers.
P0355,V070,Sustainable Mock Meat Pack,Plant-Based Food,Mock Meat,534.97,4.69,154,53,6,679,102,0.09,0.858,Mock Meat product from plant-based food category; essential everyday solution designed for conscious consumers.
P0356,V001,Eco Reusable Products Classic,Eco-Friendly Home,Reusable Products,218.73,4.68,165,43,3,751,87,0.076,0.912,Reusable Products product from eco-friendly home category; sustainable everyday solution designed for conscious consumers.
P0357,V067,Essential Mock Meat Classic,Plant-Based Food,Mock Meat,320.34,4.01,99,81,2,848,127,0.138,0.944,Mock Meat product from plant-based food category; natural everyday solution designed for conscious consumers.
P0358,V030,Plant-Based Fitness Blend,Health & Wellness,Fitness,503.79,4.26,117,37,4,544,69,0.081,0.761,Fitness product from health & wellness category; eco everyday solution designed for conscious consumers.
P0359,V046,Everyday Bath Starter Kit,Beauty & Personal Care,Bath,500.13,3.74,104,55,6,567,73,0.092,0.775,Bath product from beauty & personal care category; eco everyday solution designed for conscious consumers.
P0360,V076,Essential Protein Foods Bundle,Plant-Based Food,Protein Foods,236.2,4.7,182,61,3,735,95,0.105,0.871,Protein Foods product from plant-based food category; premium everyday solution designed for conscious consumers.
P0361,V064,Plant-Based Skincare Blend,Beauty & Personal Care,Skincare,451.19,3.61,96,44,9,529,87,0.071,0.852,Skincare product from beauty & personal care category; plant-based everyday solution designed for conscious consumers.
P0362,V075,Everyday Kitchen Essentials,Eco-Friendly Home,Kitchen,769.79,4.54,142,42,5,538,73,0.072,0.884,Kitchen product from eco-friendly home category; organic everyday solution designed for conscious consumers.
P0363,V096,Organic Plant Milk Care Set,Dairy Alternatives,Plant Milk,977.12,4.25,155,48,6,607,70,0.08,0.678,Plant Milk product from dairy alternatives category; natural everyday solution designed for conscious consumers.
P0364,V032,Everyday Skincare Starter Kit,Beauty & Personal Care,Skincare,392.63,4.27,129,30,5,498,58,0.061,0.894,Skincare product from beauty & personal care category; organic everyday solution designed for conscious consumers.
P0365,V069,Organic Snacks Classic,Plant-Based Food,Snacks,461.99,4.02,131,55,2,667,98,0.1,0.858,Snacks product from plant-based food category; premium everyday solution designed for conscious consumers.
P0366,V057,Everyday Snacks Care Set,Plant-Based Food,Snacks,275.31,4.32,153,71,4,748,103,0.093,0.698,Snacks product from plant-based food category; everyday everyday solution designed for conscious consumers.
P0367,V032,Organic Bath Range,Beauty & Personal Care,Bath,448.92,4.23,123,35,3,481,74,0.078,0.815,Bath product from beauty & personal care category; premium everyday solution designed for conscious consumers.
P0368,V081,Essential Creamers Bundle,Dairy Alternatives,Creamers,471.98,4.38,139,77,2,896,126,0.139,0.802,Creamers product from dairy alternatives category; sustainable everyday solution designed for conscious consumers.
P0369,V052,Premium Mock Meat Blend,Plant-Based Food,Mock Meat,829.94,4.49,155,47,3,552,76,0.067,0.879,Mock Meat product from plant-based food category; plant-based everyday solution designed for conscious consumers.
P0370,V025,Premium Yogurt Alternatives Range,Dairy Alternatives,Yogurt Alternatives,283.55,4.46,160,63,2,814,132,0.099,0.831,Yogurt Alternatives product from dairy alternatives category; organic everyday solution designed for conscious consumers.
P0371,V090,Plant-Based Cleaning Care Set,Eco-Friendly Home,Cleaning,503.13,3.77,97,97,5,915,122,0.103,0.797,Cleaning product from eco-friendly home category; eco everyday solution designed for conscious consumers.
P0372,V036,Eco Fitness Pack,Health & Wellness,Fitness,966.43,4.2,109,42,6,551,65,0.076,0.913,Fitness product from health & wellness category; organic everyday solution designed for conscious consumers.
P0373,V028,Essential Personal Wellness Range,Health & Wellness,Personal Wellness,664.43,3.92,130,43,3,588,75,0.068,0.763,Personal Wellness product from health & wellness category; organic everyday solution designed for conscious consumers.
P0374,V042,Sustainable Protein Foods Range,Plant-Based Food,Protein Foods,426.59,3.81,126,38,5,561,65,0.067,0.761,Protein Foods product from plant-based food category; everyday everyday solution designed for conscious consumers.
P0375,V077,Essential Plant Milk Classic,Dairy Alternatives,Plant Milk,591.51,3.79,127,77,7,918,142,0.114,0.867,Plant Milk product from dairy alternatives category; everyday everyday solution designed for conscious consumers.
P0376,V008,Essential Nutrition Pack,Health & Wellness,Nutrition,747.88,4.68,147,59,2,625,93,0.082,0.981,Nutrition product from health & wellness category; sustainable everyday solution designed for conscious consumers.
P0377,V072,Organic Supplements Classic,Health & Wellness,Supplements,400.4,4.64,160,68,1,817,122,0.101,0.682,Supplements product from health & wellness category; premium everyday solution designed for conscious consumers.
P0378,V021,Premium Supplements Pack,Health & Wellness,Supplements,356.6,4.19,137,44,3,561,61,0.068,0.895,Supplements product from health & wellness category; sustainable everyday solution designed for conscious consumers.
P0379,V044,Premium Cleaning Care Set,Eco-Friendly Home,Cleaning,441.67,4.41,142,65,6,676,100,0.062,0.956,Cleaning product from eco-friendly home category; organic everyday solution designed for conscious consumers.
P0380,V005,Everyday Nutrition Blend,Health & Wellness,Nutrition,516.01,4.08,117,50,5,514,82,0.067,0.774,Nutrition product from health & wellness category; natural everyday solution designed for conscious consumers.
P0381,V069,Organic Snacks Range,Plant-Based Food,Snacks,263.44,4.23,147,41,4,703,82,0.088,0.949,Snacks product from plant-based food category; eco everyday solution designed for conscious consumers.
P0382,V100,Essential Skincare Bundle,Beauty & Personal Care,Skincare,296.71,4.12,113,65,5,696,97,0.095,0.781,Skincare product from beauty & personal care category; eco everyday solution designed for conscious consumers.
P0383,V054,Everyday Cosmetics Starter Kit,Beauty & Personal Care,Cosmetics,418.3,4.44,143,43,5,597,80,0.075,0.902,Cosmetics product from beauty & personal care category; plant-based everyday solution designed for conscious consumers.
P0384,V051,Essential Kitchen Bundle,Eco-Friendly Home,Kitchen,478.55,4.12,124,60,6,695,86,0.1,0.821,Kitchen product from eco-friendly home category; premium everyday solution designed for conscious consumers.
P0385,V020,Essential Supplements Pack,Health & Wellness,Supplements,683.65,3.84,122,41,7,671,105,0.081,0.792,Supplements product from health & wellness category; natural everyday solution designed for conscious consumers.
P0386,V041,Everyday Ready Meals Range,Plant-Based Food,Ready Meals,490.29,3.81,75,71,8,758,101,0.074,0.771,Ready Meals product from plant-based food category; plant-based everyday solution designed for conscious consumers.
P0387,V031,Premium Snacks Starter Kit,Plant-Based Food,Snacks,497.25,3.96,173,42,4,630,86,0.09,0.888,Snacks product from plant-based food category; natural everyday solution designed for conscious consumers.
P0388,V096,Essential Plant Milk Range,Dairy Alternatives,Plant Milk,731.27,4.22,135,49,3,586,84,0.062,0.804,Plant Milk product from dairy alternatives category; natural everyday solution designed for conscious consumers.
P0389,V059,Sustainable Protein Foods Classic,Plant-Based Food,Protein Foods,652.13,3.96,106,58,6,638,80,0.079,0.7,Protein Foods product from plant-based food category; everyday everyday solution designed for conscious consumers.
P0390,V100,Natural Skincare Range,Beauty & Personal Care,Skincare,1233.63,4.11,99,63,7,715,100,0.082,0.834,Skincare product from beauty & personal care category; organic everyday solution designed for conscious consumers.
P0391,V070,Natural Protein Foods Bundle,Plant-Based Food,Protein Foods,308.1,4.14,137,46,5,707,93,0.084,0.893,Protein Foods product from plant-based food category; sustainable everyday solution designed for conscious consumers.
P0392,V044,Sustainable Cleaning Care Set,Eco-Friendly Home,Cleaning,752.86,4.28,138,53,1,709,100,0.083,0.954,Cleaning product from eco-friendly home category; organic everyday solution designed for conscious consumers.
P0393,V054,Natural Haircare Care Set,Beauty & Personal Care,Haircare,1025.7,4.21,155,65,2,599,92,0.078,0.786,Haircare product from beauty & personal care category; organic everyday solution designed for conscious consumers.
P0394,V027,Everyday Cosmetics Bundle,Beauty & Personal Care,Cosmetics,598.02,4.03,108,95,6,970,138,0.108,0.892,Cosmetics product from beauty & personal care category; organic everyday solution designed for conscious consumers.
P0395,V087,Organic Yogurt Alternatives Bundle,Dairy Alternatives,Yogurt Alternatives,287.43,4.25,138,60,6,789,98,0.093,0.757,Yogurt Alternatives product from dairy alternatives category; sustainable everyday solution designed for conscious consumers.
P0396,V019,Eco Supplements Blend,Health & Wellness,Supplements,307.22,4.13,141,63,3,985,133,0.142,0.837,Supplements product from health & wellness category; essential everyday solution designed for conscious consumers.
P0397,V063,Plant-Based Skincare Bundle,Beauty & Personal Care,Skincare,427.6,4.31,145,74,5,1005,113,0.149,0.813,Skincare product from beauty & personal care category; premium everyday solution designed for conscious consumers.
P0398,V008,Premium Nutrition Blend,Health & Wellness,Nutrition,376.38,4.19,168,47,3,636,84,0.101,0.756,Nutrition product from health & wellness category; plant-based everyday solution designed for conscious consumers.
P0399,V052,Eco Protein Foods Pack,Plant-Based Food,Protein Foods,526.12,4.5,154,41,3,492,68,0.061,0.861,Protein Foods product from plant-based food category; everyday everyday solution designed for conscious consumers.
P0400,V100,Premium Skincare Essentials,Beauty & Personal Care,Skincare,1147.51,4.19,124,65,6,671,101,0.092,0.872,Skincare product from beauty & personal care category; organic everyday solution designed for conscious consumers.
P0401,V036,Sustainable Fitness Blend,Health & Wellness,Fitness,625.84,4.17,92,41,3,547,73,0.074,0.815,Fitness product from health & wellness category; sustainable everyday solution designed for conscious consumers.
P0402,V043,Sustainable Bath Essentials,Beauty & Personal Care,Bath,555.7,3.97,136,25,5,353,43,0.076,0.808,Bath product from beauty & personal care category; sustainable everyday solution designed for conscious consumers.
P0403,V017,Plant-Based Nutrition Starter Kit,Health & Wellness,Nutrition,750.23,3.82,129,70,9,766,86,0.089,0.917,Nutrition product from health & wellness category; natural everyday solution designed for conscious consumers.
P0404,V041,Eco Mock Meat Essentials,Plant-Based Food,Mock Meat,696.37,3.73,84,63,6,708,118,0.128,0.815,Mock Meat product from plant-based food category; essential everyday solution designed for conscious consumers.
P0405,V054,Sustainable Skincare Care Set,Beauty & Personal Care,Skincare,304.74,4.04,157,62,4,622,77,0.063,0.924,Skincare product from beauty & personal care category; sustainable everyday solution designed for conscious consumers.
P0406,V068,Plant-Based Cosmetics Blend,Beauty & Personal Care,Cosmetics,357.88,3.97,109,68,5,796,122,0.103,0.873,Cosmetics product from beauty & personal care category; essential everyday solution designed for conscious consumers.
P0407,V086,Sustainable Bath Pack,Beauty & Personal Care,Bath,686.68,3.91,111,75,7,894,126,0.11,0.93,Bath product from beauty & personal care category; premium everyday solution designed for conscious consumers.
P0408,V026,Natural Ready Meals Classic,Plant-Based Food,Ready Meals,426.86,4.18,135,56,5,795,126,0.094,0.837,Ready Meals product from plant-based food category; premium everyday solution designed for conscious consumers.
P0409,V003,Sustainable Supplements Bundle,Health & Wellness,Supplements,755.76,4.43,136,58,5,595,74,0.107,0.825,Supplements product from health & wellness category; essential everyday solution designed for conscious consumers.
P0410,V067,Essential Protein Foods Essentials,Plant-Based Food,Protein Foods,631.48,4.01,112,68,5,828,120,0.102,0.894,Protein Foods product from plant-based food category; sustainable everyday solution designed for conscious consumers.
P0411,V086,Essential Skincare Pack,Beauty & Personal Care,Skincare,760.61,3.32,104,88,8,891,136,0.122,0.83,Skincare product from beauty & personal care category; everyday everyday solution designed for conscious consumers.
P0412,V013,Organic Ready Meals Starter Kit,Plant-Based Food,Ready Meals,463.31,4.48,151,55,0,654,70,0.092,0.794,Ready Meals product from plant-based food category; premium everyday solution designed for conscious consumers.
P0413,V031,Essential Snacks Range,Plant-Based Food,Snacks,379.52,4.7,170,39,7,576,87,0.093,0.953,Snacks product from plant-based food category; organic everyday solution designed for conscious consumers.
P0414,V095,Everyday Cleaning Essentials,Eco-Friendly Home,Cleaning,1024.46,4.37,128,44,1,508,54,0.102,0.746,Cleaning product from eco-friendly home category; organic everyday solution designed for conscious consumers.
P0415,V089,Premium Supplements Blend,Health & Wellness,Supplements,861.36,4.2,140,30,3,458,58,0.063,0.704,Supplements product from health & wellness category; eco everyday solution designed for conscious consumers.
P0416,V065,Sustainable Packaging Starter Kit,Eco-Friendly Home,Packaging,1122.88,4.29,120,74,2,867,115,0.111,0.748,Packaging product from eco-friendly home category; natural everyday solution designed for conscious consumers.
P0417,V065,Sustainable Kitchen Starter Kit,Eco-Friendly Home,Kitchen,517.52,4.06,139,63,5,834,104,0.141,0.858,Kitchen product from eco-friendly home category; plant-based everyday solution designed for conscious consumers.
P0418,V057,Natural Ready Meals Classic,Plant-Based Food,Ready Meals,621.28,4.33,120,64,4,679,83,0.092,0.894,Ready Meals product from plant-based food category; everyday everyday solution designed for conscious consumers.
P0419,V076,Everyday Mock Meat Blend,Plant-Based Food,Mock Meat,556.61,4.43,194,59,2,741,109,0.096,0.797,Mock Meat product from plant-based food category; eco everyday solution designed for conscious consumers.
P0420,V065,Natural Kitchen Essentials,Eco-Friendly Home,Kitchen,632.95,4.31,137,64,1,828,114,0.127,0.95,Kitchen product from eco-friendly home category; essential everyday solution designed for conscious consumers.
P0421,V014,Premium Snacks Starter Kit,Plant-Based Food,Snacks,775.42,3.9,134,37,3,483,57,0.084,0.91,Snacks product from plant-based food category; premium everyday solution designed for conscious consumers.
P0422,V025,Everyday Yogurt Alternatives Care Set,Dairy Alternatives,Yogurt Alternatives,641.9,4.76,154,62,2,817,90,0.104,0.815,Yogurt Alternatives product from dairy alternatives category; everyday everyday solution designed for conscious consumers.
P0423,V005,Organic Fitness Bundle,Health & Wellness,Fitness,610.08,4.16,117,52,8,496,93,0.062,0.763,Fitness product from health & wellness category; organic everyday solution designed for conscious consumers.
P0424,V031,Premium Mock Meat Essentials,Plant-Based Food,Mock Meat,613.63,4.26,160,49,2,582,83,0.077,0.854,Mock Meat product from plant-based food category; eco everyday solution designed for conscious consumers.
P0425,V053,Sustainable Personal Wellness Classic,Health & Wellness,Personal Wellness,295.76,3.94,120,27,5,474,55,0.032,0.779,Personal Wellness product from health & wellness category; sustainable everyday solution designed for conscious consumers.
P0426,V082,Essential Fitness Classic,Health & Wellness,Fitness,836.64,4.38,140,66,1,712,110,0.109,0.719,Fitness product from health & wellness category; plant-based everyday solution designed for conscious consumers.
P0427,V044,Sustainable Kitchen Blend,Eco-Friendly Home,Kitchen,730.32,4.53,130,44,2,706,95,0.081,0.922,Kitchen product from eco-friendly home category; everyday everyday solution designed for conscious consumers.
P0428,V006,Plant-Based Mock Meat Classic,Plant-Based Food,Mock Meat,420.73,3.81,112,65,6,625,100,0.072,0.686,Mock Meat product from plant-based food category; premium everyday solution designed for conscious consumers.
P0429,V047,Premium Reusable Products Care Set,Eco-Friendly Home,Reusable Products,362.8,3.84,118,58,2,591,79,0.074,0.847,Reusable Products product from eco-friendly home category; essential everyday solution designed for conscious consumers.
P0430,V048,Sustainable Cosmetics Essentials,Beauty & Personal Care,Cosmetics,480.52,3.95,135,46,5,763,96,0.106,0.842,Cosmetics product from beauty & personal care category; essential everyday solution designed for conscious consumers.
P0431,V021,Plant-Based Supplements Range,Health & Wellness,Supplements,266.03,3.8,146,49,2,573,74,0.09,0.815,Supplements product from health & wellness category; eco everyday solution designed for conscious consumers.
P0432,V066,Premium Snacks Pack,Plant-Based Food,Snacks,508.35,4.2,168,49,3,574,71,0.084,0.957,Snacks product from plant-based food category; sustainable everyday solution designed for conscious consumers.
P0433,V023,Essential Creamers Pack,Dairy Alternatives,Creamers,314.15,4.49,166,57,5,761,84,0.1,0.99,Creamers product from dairy alternatives category; eco everyday solution designed for conscious consumers.
P0434,V091,Plant-Based Packaging Bundle,Eco-Friendly Home,Packaging,437.09,3.64,80,68,5,931,134,0.134,0.816,Packaging product from eco-friendly home category; natural everyday solution designed for conscious consumers.
P0435,V047,Eco Kitchen Classic,Eco-Friendly Home,Kitchen,500.08,3.94,108,46,8,556,78,0.071,0.809,Kitchen product from eco-friendly home category; organic everyday solution designed for conscious consumers.
P0436,V092,Natural Snacks Classic,Plant-Based Food,Snacks,895.3,4.06,134,48,6,655,84,0.09,0.751,Snacks product from plant-based food category; plant-based everyday solution designed for conscious consumers.
P0437,V089,Natural Nutrition Starter Kit,Health & Wellness,Nutrition,608.77,4.21,143,37,4,474,78,0.037,0.883,Nutrition product from health & wellness category; essential everyday solution designed for conscious consumers.
P0438,V046,Sustainable Skincare Range,Beauty & Personal Care,Skincare,862.54,3.25,77,54,9,591,75,0.102,0.88,Skincare product from beauty & personal care category; essential everyday solution designed for conscious consumers.
P0439,V011,Premium Personal Wellness Essentials,Health & Wellness,Personal Wellness,786.23,4.49,158,52,6,796,97,0.092,0.965,Personal Wellness product from health & wellness category; essential everyday solution designed for conscious consumers.
P0440,V070,Premium Snacks Bundle,Plant-Based Food,Snacks,926.2,4.32,181,65,5,688,86,0.095,0.838,Snacks product from plant-based food category; organic everyday solution designed for conscious consumers.
P0441,V001,Premium Packaging Starter Kit,Eco-Friendly Home,Packaging,338.03,4.59,172,71,3,608,102,0.099,0.85,Packaging product from eco-friendly home category; plant-based everyday solution designed for conscious consumers.
P0442,V002,Plant-Based Ready Meals Pack,Plant-Based Food,Ready Meals,569.05,3.9,102,47,6,944,128,0.129,0.816,Ready Meals product from plant-based food category; natural everyday solution designed for conscious consumers.
P0443,V046,Plant-Based Bath Classic,Beauty & Personal Care,Bath,456.96,3.85,91,52,10,597,89,0.091,0.894,Bath product from beauty & personal care category; essential everyday solution designed for conscious consumers.
P0444,V046,Premium Skincare Range,Beauty & Personal Care,Skincare,501.22,3.61,92,51,3,605,77,0.078,0.884,Skincare product from beauty & personal care category; eco everyday solution designed for conscious consumers.
P0445,V009,Premium Yogurt Alternatives Range,Dairy Alternatives,Yogurt Alternatives,604.97,4.42,146,69,3,756,108,0.085,0.944,Yogurt Alternatives product from dairy alternatives category; sustainable everyday solution designed for conscious consumers.
P0446,V023,Natural Vegan Cheese Essentials,Dairy Alternatives,Vegan Cheese,385.01,4.69,166,63,2,752,98,0.08,0.856,Vegan Cheese product from dairy alternatives category; everyday everyday solution designed for conscious consumers.
P0447,V019,Everyday Supplements Bundle,Health & Wellness,Supplements,438.35,4.11,154,76,3,924,134,0.12,0.884,Supplements product from health & wellness category; plant-based everyday solution designed for conscious consumers.
P0448,V026,Sustainable Protein Foods Care Set,Plant-Based Food,Protein Foods,962.28,4.52,143,58,10,754,107,0.1,0.75,Protein Foods product from plant-based food category; essential everyday solution designed for conscious consumers.
P0449,V100,Natural Haircare Range,Beauty & Personal Care,Haircare,313.93,4.09,127,58,10,660,77,0.084,0.783,Haircare product from beauty & personal care category; sustainable everyday solution designed for conscious consumers.
P0450,V086,Eco Cosmetics Care Set,Beauty & Personal Care,Cosmetics,517.2,3.94,99,72,4,926,129,0.134,0.949,Cosmetics product from beauty & personal care category; premium everyday solution designed for conscious consumers.
P0451,V065,Eco Packaging Starter Kit,Eco-Friendly Home,Packaging,1268.54,3.94,107,64,4,819,118,0.109,0.785,Packaging product from eco-friendly home category; plant-based everyday solution designed for conscious consumers.
P0452,V037,Natural Kitchen Pack,Eco-Friendly Home,Kitchen,431.23,3.84,127,63,3,655,109,0.121,0.798,Kitchen product from eco-friendly home category; sustainable everyday solution designed for conscious consumers.
P0453,V076,Premium Protein Foods Essentials,Plant-Based Food,Protein Foods,530.18,4.91,180,55,1,750,112,0.071,0.883,Protein Foods product from plant-based food category; everyday everyday solution designed for conscious consumers.
P0454,V020,Natural Fitness Bundle,Health & Wellness,Fitness,597.22,3.67,118,55,4,609,90,0.096,0.79,Fitness product from health & wellness category; sustainable everyday solution designed for conscious consumers.
P0455,V039,Organic Reusable Products Essentials,Eco-Friendly Home,Reusable Products,884.23,4.24,176,83,2,976,151,0.128,0.82,Reusable Products product from eco-friendly home category; plant-based everyday solution designed for conscious consumers.
P0456,V097,Essential Kitchen Starter Kit,Eco-Friendly Home,Kitchen,372.63,4.16,141,66,4,817,117,0.109,0.686,Kitchen product from eco-friendly home category; plant-based everyday solution designed for conscious consumers.
P0457,V071,Everyday Yogurt Alternatives Starter Kit,Dairy Alternatives,Yogurt Alternatives,1734.78,4.05,126,46,4,577,80,0.06,0.855,Yogurt Alternatives product from dairy alternatives category; eco everyday solution designed for conscious consumers.
P0458,V031,Sustainable Mock Meat Starter Kit,Plant-Based Food,Mock Meat,680.78,3.97,147,48,2,589,78,0.067,0.846,Mock Meat product from plant-based food category; natural everyday solution designed for conscious consumers.
P0459,V004,Organic Bath Starter Kit,Beauty & Personal Care,Bath,943.53,3.91,137,68,7,819,100,0.112,0.865,Bath product from beauty & personal care category; organic everyday solution designed for conscious consumers.
P0460,V083,Plant-Based Cleaning Essentials,Eco-Friendly Home,Cleaning,1363.39,3.97,102,82,4,653,84,0.078,0.795,Cleaning product from eco-friendly home category; plant-based everyday solution designed for conscious consumers.
P0461,V019,Eco Nutrition Classic,Health & Wellness,Nutrition,375.54,4.29,144,76,4,893,114,0.123,0.785,Nutrition product from health & wellness category; plant-based everyday solution designed for conscious consumers.
P0462,V039,Eco Cleaning Pack,Eco-Friendly Home,Cleaning,613.72,4.4,155,98,5,938,151,0.121,0.842,Cleaning product from eco-friendly home category; organic everyday solution designed for conscious consumers.
P0463,V041,Premium Snacks Pack,Plant-Based Food,Snacks,431.69,3.41,88,69,2,732,106,0.091,0.909,Snacks product from plant-based food category; plant-based everyday solution designed for conscious consumers.
P0464,V008,Sustainable Fitness Classic,Health & Wellness,Fitness,505.06,4.54,163,53,6,579,99,0.086,0.775,Fitness product from health & wellness category; essential everyday solution designed for conscious consumers.
P0465,V070,Natural Protein Foods Bundle,Plant-Based Food,Protein Foods,246.16,3.92,136,46,1,662,82,0.089,0.763,Protein Foods product from plant-based food category; natural everyday solution designed for conscious consumers.
P0466,V045,Plant-Based Cleaning Classic,Eco-Friendly Home,Cleaning,624.6,4.45,195,49,6,658,52,0.073,0.867,Cleaning product from eco-friendly home category; plant-based everyday solution designed for conscious consumers.
P0467,V063,Essential Haircare Classic,Beauty & Personal Care,Haircare,331.92,4.4,146,99,4,1028,156,0.148,0.722,Haircare product from beauty & personal care category; everyday everyday solution designed for conscious consumers.
P0468,V047,Premium Cleaning Care Set,Eco-Friendly Home,Cleaning,220.26,4.06,106,40,5,576,79,0.103,0.702,Cleaning product from eco-friendly home category; premium everyday solution designed for conscious consumers.
P0469,V062,Sustainable Nutrition Essentials,Health & Wellness,Nutrition,506.68,4.11,128,48,5,589,68,0.066,0.799,Nutrition product from health & wellness category; sustainable everyday solution designed for conscious consumers.
P0470,V020,Natural Personal Wellness Pack,Health & Wellness,Personal Wellness,764.11,3.79,87,61,8,663,88,0.095,0.766,Personal Wellness product from health & wellness category; premium everyday solution designed for conscious consumers.
P0471,V020,Organic Fitness Starter Kit,Health & Wellness,Fitness,1400.79,4.15,110,58,13,653,82,0.079,0.828,Fitness product from health & wellness category; essential everyday solution designed for conscious consumers.
P0472,V024,Essential Nutrition Starter Kit,Health & Wellness,Nutrition,499.97,3.85,144,88,4,865,138,0.114,0.721,Nutrition product from health & wellness category; plant-based everyday solution designed for conscious consumers.
P0473,V012,Organic Snacks Range,Plant-Based Food,Snacks,395.66,3.98,151,56,7,718,85,0.081,0.891,Snacks product from plant-based food category; eco everyday solution designed for conscious consumers.
P0474,V029,Eco Fitness Starter Kit,Health & Wellness,Fitness,832.1,3.45,96,53,9,576,70,0.079,0.966,Fitness product from health & wellness category; organic everyday solution designed for conscious consumers.
P0475,V091,Plant-Based Packaging Range,Eco-Friendly Home,Packaging,981.98,3.57,78,75,4,959,147,0.131,0.934,Packaging product from eco-friendly home category; natural everyday solution designed for conscious consumers.
P0476,V026,Natural Mock Meat Bundle,Plant-Based Food,Mock Meat,218.58,4.26,139,55,4,776,106,0.091,0.905,Mock Meat product from plant-based food category; everyday everyday solution designed for conscious consumers.
P0477,V022,Natural Vegan Cheese Starter Kit,Dairy Alternatives,Vegan Cheese,496.0,4.36,118,70,4,755,88,0.09,0.839,Vegan Cheese product from dairy alternatives category; premium everyday solution designed for conscious consumers.
P0478,V038,Everyday Protein Foods Bundle,Plant-Based Food,Protein Foods,373.93,4.27,116,73,5,809,118,0.111,0.904,Protein Foods product from plant-based food category; everyday everyday solution designed for conscious consumers.
P0479,V072,Natural Personal Wellness Care Set,Health & Wellness,Personal Wellness,396.51,3.9,149,55,4,772,112,0.135,0.76,Personal Wellness product from health & wellness category; sustainable everyday solution designed for conscious consumers.
P0480,V037,Sustainable Packaging Bundle,Eco-Friendly Home,Packaging,316.93,4.02,120,76,7,642,89,0.104,0.95,Packaging product from eco-friendly home category; plant-based everyday solution designed for conscious consumers.
P0481,V039,Essential Cleaning Essentials,Eco-Friendly Home,Cleaning,751.36,4.45,164,105,3,939,167,0.106,0.855,Cleaning product from eco-friendly home category; plant-based everyday solution designed for conscious consumers.
P0482,V001,Plant-Based Reusable Products Range,Eco-Friendly Home,Reusable Products,294.99,4.24,166,48,2,631,72,0.047,0.892,Reusable Products product from eco-friendly home category; everyday everyday solution designed for conscious consumers.
P0483,V012,Natural Snacks Starter Kit,Plant-Based Food,Snacks,308.23,4.15,165,80,4,707,113,0.087,0.886,Snacks product from plant-based food category; eco everyday solution designed for conscious consumers.
P0484,V061,Premium Packaging Blend,Eco-Friendly Home,Packaging,937.26,4.18,117,26,4,563,72,0.08,0.767,Packaging product from eco-friendly home category; organic everyday solution designed for conscious consumers.
P0485,V007,Plant-Based Protein Foods Pack,Plant-Based Food,Protein Foods,544.41,4.1,124,49,5,519,64,0.073,0.805,Protein Foods product from plant-based food category; sustainable everyday solution designed for conscious consumers.
P0486,V026,Essential Mock Meat Essentials,Plant-Based Food,Mock Meat,638.58,4.55,137,51,5,737,96,0.08,0.778,Mock Meat product from plant-based food category; plant-based everyday solution designed for conscious consumers.
P0487,V081,Organic Creamers Classic,Dairy Alternatives,Creamers,310.34,3.96,145,87,5,959,114,0.119,0.821,Creamers product from dairy alternatives category; natural everyday solution designed for conscious consumers.
P0488,V082,Sustainable Personal Wellness Essentials,Health & Wellness,Personal Wellness,445.93,4.68,141,57,2,691,97,0.108,0.827,Personal Wellness product from health & wellness category; natural everyday solution designed for conscious consumers.
P0489,V028,Sustainable Fitness Bundle,Health & Wellness,Fitness,836.37,3.84,131,43,6,598,47,0.065,0.819,Fitness product from health & wellness category; organic everyday solution designed for conscious consumers.
P0490,V066,Everyday Ready Meals Starter Kit,Plant-Based Food,Ready Meals,587.35,4.83,189,49,0,585,69,0.056,0.924,Ready Meals product from plant-based food category; organic everyday solution designed for conscious consumers.
P0491,V093,Organic Yogurt Alternatives Blend,Dairy Alternatives,Yogurt Alternatives,432.79,3.97,124,44,3,662,78,0.04,0.92,Yogurt Alternatives product from dairy alternatives category; premium everyday solution designed for conscious consumers.
P0492,V042,Plant-Based Ready Meals Classic,Plant-Based Food,Ready Meals,472.73,4.07,133,36,3,576,71,0.053,0.847,Ready Meals product from plant-based food category; organic everyday solution designed for conscious consumers.
P0493,V013,Essential Ready Meals Bundle,Plant-Based Food,Ready Meals,616.99,4.45,151,60,0,637,76,0.092,0.83,Ready Meals product from plant-based food category; plant-based everyday solution designed for conscious consumers.
P0494,V032,Natural Haircare Starter Kit,Beauty & Personal Care,Haircare,676.01,4.79,163,35,5,491,55,0.059,0.99,Haircare product from beauty & personal care category; plant-based everyday solution designed for conscious consumers.
P0495,V003,Plant-Based Supplements Starter Kit,Health & Wellness,Supplements,706.27,4.49,133,59,1,652,79,0.079,0.927,Supplements product from health & wellness category; premium everyday solution designed for conscious consumers.
P0496,V051,Essential Reusable Products Range,Eco-Friendly Home,Reusable Products,599.93,4.13,158,44,1,672,91,0.075,0.98,Reusable Products product from eco-friendly home category; eco everyday solution designed for conscious consumers.
P0497,V010,Eco Haircare Blend,Beauty & Personal Care,Haircare,367.95,4.46,160,32,3,441,61,0.054,0.731,Haircare product from beauty & personal care category; sustainable everyday solution designed for conscious consumers.
P0498,V054,Sustainable Skincare Classic,Beauty & Personal Care,Skincare,495.93,4.45,132,58,4,589,79,0.121,0.843,Skincare product from beauty & personal care category; eco everyday solution designed for conscious consumers.
P0499,V087,Plant-Based Plant Milk Range,Dairy Alternatives,Plant Milk,424.1,4.45,118,63,4,733,94,0.084,0.819,Plant Milk product from dairy alternatives category; sustainable everyday solution designed for conscious consumers.
P0500,V089,Natural Supplements Blend,Health & Wellness,Supplements,423.58,4.22,142,38,8,475,65,0.059,0.99,Supplements product from health & wellness category; sustainable everyday solution designed for conscious consumers.
P0501,V016,Natural Protein Foods Bundle,Plant-Based Food,Protein Foods,367.09,4.31,107,48,2,645,69,0.072,0.782,Protein Foods product from plant-based food category; sustainable everyday solution designed for conscious consumers.
P0502,V063,Plant-Based Cosmetics Starter Kit,Beauty & Personal Care,Cosmetics,895.94,4.0,133,92,2,1046,138,0.11,0.812,Cosmetics product from beauty & personal care category; essential everyday solution designed for conscious consumers.
P0503,V021,Natural Personal Wellness Range,Health & Wellness,Personal Wellness,474.65,4.09,171,60,0,566,52,0.062,0.85,Personal Wellness product from health & wellness category; plant-based everyday solution designed for conscious consumers.
P0504,V056,Organic Protein Foods Pack,Plant-Based Food,Protein Foods,232.62,4.43,145,81,5,1013,141,0.129,0.819,Protein Foods product from plant-based food category; premium everyday solution designed for conscious consumers.
P0505,V046,Premium Bath Pack,Beauty & Personal Care,Bath,385.96,3.78,83,44,8,545,70,0.078,0.894,Bath product from beauty & personal care category; natural everyday solution designed for conscious consumers.
P0506,V054,Plant-Based Cosmetics Bundle,Beauty & Personal Care,Cosmetics,655.79,4.36,169,44,5,599,98,0.091,0.779,Cosmetics product from beauty & personal care category; organic everyday solution designed for conscious consumers.
P0507,V065,Plant-Based Packaging Blend,Eco-Friendly Home,Packaging,537.03,3.98,136,60,8,877,124,0.1,0.87,Packaging product from eco-friendly home category; plant-based everyday solution designed for conscious consumers.
P0508,V019,Premium Personal Wellness Blend,Health & Wellness,Personal Wellness,273.9,4.78,137,80,2,922,118,0.151,0.892,Personal Wellness product from health & wellness category; natural everyday solution designed for conscious consumers.
P0509,V065,Premium Kitchen Range,Eco-Friendly Home,Kitchen,354.09,4.11,115,67,3,867,114,0.116,0.848,Kitchen product from eco-friendly home category; essential everyday solution designed for conscious consumers.
P0510,V040,Premium Yogurt Alternatives Classic,Dairy Alternatives,Yogurt Alternatives,450.91,4.43,137,85,6,1001,145,0.135,0.82,Yogurt Alternatives product from dairy alternatives category; everyday everyday solution designed for conscious consumers.
P0511,V005,Plant-Based Supplements Starter Kit,Health & Wellness,Supplements,348.84,4.35,134,50,3,471,66,0.085,0.655,Supplements product from health & wellness category; everyday everyday solution designed for conscious consumers.
P0512,V089,Organic Personal Wellness Pack,Health & Wellness,Personal Wellness,500.0,4.04,126,42,4,472,64,0.052,0.834,Personal Wellness product from health & wellness category; sustainable everyday solution designed for conscious consumers.
P0513,V071,Everyday Vegan Cheese Essentials,Dairy Alternatives,Vegan Cheese,607.54,3.96,134,44,1,603,82,0.075,0.783,Vegan Cheese product from dairy alternatives category; sustainable everyday solution designed for conscious consumers.
P0514,V044,Sustainable Cleaning Pack,Eco-Friendly Home,Cleaning,465.06,4.11,155,53,3,714,93,0.108,0.858,Cleaning product from eco-friendly home category; everyday everyday solution designed for conscious consumers.
P0515,V062,Organic Supplements Starter Kit,Health & Wellness,Supplements,601.35,4.28,141,42,4,586,64,0.059,0.764,Supplements product from health & wellness category; sustainable everyday solution designed for conscious consumers.
P0516,V012,Organic Snacks Starter Kit,Plant-Based Food,Snacks,807.62,4.13,153,68,8,686,88,0.109,0.776,Snacks product from plant-based food category; premium everyday solution designed for conscious consumers.
P0517,V053,Organic Fitness Range,Health & Wellness,Fitness,481.75,3.87,123,28,5,525,48,0.077,0.708,Fitness product from health & wellness category; plant-based everyday solution designed for conscious consumers.
P0518,V080,Everyday Mock Meat Range,Plant-Based Food,Mock Meat,1528.55,3.97,116,55,4,720,86,0.104,0.906,Mock Meat product from plant-based food category; sustainable everyday solution designed for conscious consumers.
P0519,V014,Eco Ready Meals Classic,Plant-Based Food,Ready Meals,328.6,4.1,155,32,7,534,56,0.029,0.841,Ready Meals product from plant-based food category; plant-based everyday solution designed for conscious consumers.
P0520,V034,Eco Cosmetics Blend,Beauty & Personal Care,Cosmetics,163.35,3.84,93,63,4,700,84,0.066,0.83,Cosmetics product from beauty & personal care category; eco everyday solution designed for conscious consumers.
P0521,V048,Sustainable Skincare Starter Kit,Beauty & Personal Care,Skincare,311.35,4.65,116,57,2,758,82,0.113,0.806,Skincare product from beauty & personal care category; essential everyday solution designed for conscious consumers.
P0522,V013,Eco Snacks Care Set,Plant-Based Food,Snacks,902.58,4.4,160,44,3,590,89,0.109,0.782,Snacks product from plant-based food category; everyday everyday solution designed for conscious consumers.
P0523,V030,Natural Fitness Essentials,Health & Wellness,Fitness,478.1,3.79,131,46,4,582,68,0.071,0.818,Fitness product from health & wellness category; organic everyday solution designed for conscious consumers.
P0524,V086,Everyday Haircare Blend,Beauty & Personal Care,Haircare,716.49,3.74,116,81,3,915,139,0.138,0.874,Haircare product from beauty & personal care category; premium everyday solution designed for conscious consumers.
P0525,V011,Natural Personal Wellness Starter Kit,Health & Wellness,Personal Wellness,886.58,4.29,145,53,2,775,96,0.107,0.931,Personal Wellness product from health & wellness category; eco everyday solution designed for conscious consumers.
P0526,V097,Sustainable Packaging Classic,Eco-Friendly Home,Packaging,627.87,3.96,160,75,4,839,114,0.09,0.822,Packaging product from eco-friendly home category; premium everyday solution designed for conscious consumers.
P0527,V005,Sustainable Nutrition Classic,Health & Wellness,Nutrition,697.97,3.87,121,47,5,510,60,0.11,0.818,Nutrition product from health & wellness category; natural everyday solution designed for conscious consumers.
P0528,V083,Everyday Cleaning Blend,Eco-Friendly Home,Cleaning,889.65,3.95,94,45,5,679,95,0.099,0.935,Cleaning product from eco-friendly home category; everyday everyday solution designed for conscious consumers.
P0529,V045,Plant-Based Kitchen Classic,Eco-Friendly Home,Kitchen,228.19,4.67,134,51,5,668,84,0.073,0.767,Kitchen product from eco-friendly home category; premium everyday solution designed for conscious consumers.
P0530,V041,Premium Snacks Pack,Plant-Based Food,Snacks,607.27,3.86,89,63,7,695,104,0.094,0.861,Snacks product from plant-based food category; organic everyday solution designed for conscious consumers.
P0531,V057,Everyday Snacks Range,Plant-Based Food,Snacks,312.13,4.18,142,74,5,680,84,0.128,0.724,Snacks product from plant-based food category; essential everyday solution designed for conscious consumers.
P0532,V017,Plant-Based Nutrition Essentials,Health & Wellness,Nutrition,574.09,4.31,114,53,3,786,83,0.064,0.879,Nutrition product from health & wellness category; eco everyday solution designed for conscious consumers.
P0533,V038,Natural Mock Meat Essentials,Plant-Based Food,Mock Meat,703.8,4.06,125,74,3,817,118,0.086,0.694,Mock Meat product from plant-based food category; sustainable everyday solution designed for conscious consumers.
P0534,V046,Sustainable Cosmetics Bundle,Beauty & Personal Care,Cosmetics,489.62,3.39,84,59,12,607,96,0.093,0.716,Cosmetics product from beauty & personal care category; premium everyday solution designed for conscious consumers.
P0535,V086,Natural Cosmetics Care Set,Beauty & Personal Care,Cosmetics,823.94,4.05,112,74,8,908,125,0.142,0.854,Cosmetics product from beauty & personal care category; eco everyday solution designed for conscious consumers.
P0536,V060,Eco Skincare Care Set,Beauty & Personal Care,Skincare,713.25,4.12,139,42,5,468,47,0.072,0.961,Skincare product from beauty & personal care category; essential everyday solution designed for conscious consumers.
P0537,V013,Sustainable Snacks Bundle,Plant-Based Food,Snacks,389.8,4.32,170,38,6,655,89,0.074,0.904,Snacks product from plant-based food category; plant-based everyday solution designed for conscious consumers.
P0538,V066,Premium Snacks Care Set,Plant-Based Food,Snacks,1173.23,4.29,158,50,4,609,75,0.096,0.866,Snacks product from plant-based food category; premium everyday solution designed for conscious consumers.
P0539,V096,Essential Plant Milk Blend,Dairy Alternatives,Plant Milk,1129.55,4.06,132,42,8,549,75,0.075,0.792,Plant Milk product from dairy alternatives category; organic everyday solution designed for conscious consumers.
P0540,V036,Natural Fitness Care Set,Health & Wellness,Fitness,534.41,3.94,97,39,9,506,81,0.086,0.91,Fitness product from health & wellness category; essential everyday solution designed for conscious consumers.
P0541,V029,Natural Nutrition Care Set,Health & Wellness,Nutrition,1256.48,3.91,107,53,6,593,90,0.069,0.927,Nutrition product from health & wellness category; everyday everyday solution designed for conscious consumers.
P0542,V034,Everyday Skincare Classic,Beauty & Personal Care,Skincare,559.26,3.73,109,51,12,723,97,0.08,0.873,Skincare product from beauty & personal care category; sustainable everyday solution designed for conscious consumers.
P0543,V022,Sustainable Creamers Pack,Dairy Alternatives,Creamers,600.63,4.29,116,67,8,759,91,0.089,0.785,Creamers product from dairy alternatives category; sustainable everyday solution designed for conscious consumers.
P0544,V082,Natural Supplements Blend,Health & Wellness,Supplements,278.39,4.49,161,69,2,653,94,0.112,0.832,Supplements product from health & wellness category; essential everyday solution designed for conscious consumers.
P0545,V078,Organic Snacks Starter Kit,Plant-Based Food,Snacks,1143.49,3.46,93,54,16,704,98,0.094,0.957,Snacks product from plant-based food category; everyday everyday solution designed for conscious consumers.
P0546,V074,Premium Skincare Range,Beauty & Personal Care,Skincare,626.03,4.1,146,36,6,585,59,0.053,0.831,Skincare product from beauty & personal care category; natural everyday solution designed for conscious consumers.
P0547,V013,Premium Snacks Pack,Plant-Based Food,Snacks,494.03,4.5,149,41,5,626,85,0.105,0.805,Snacks product from plant-based food category; sustainable everyday solution designed for conscious consumers.
P0548,V047,Essential Kitchen Care Set,Eco-Friendly Home,Kitchen,1265.6,3.9,120,39,3,537,70,0.087,0.853,Kitchen product from eco-friendly home category; eco everyday solution designed for conscious consumers.
P0549,V100,Premium Bath Essentials,Beauty & Personal Care,Bath,541.44,4.11,107,56,8,687,86,0.117,0.812,Bath product from beauty & personal care category; sustainable everyday solution designed for conscious consumers.
P0550,V069,Essential Snacks Blend,Plant-Based Food,Snacks,479.3,4.1,135,71,11,703,79,0.078,0.847,Snacks product from plant-based food category; natural everyday solution designed for conscious consumers.
P0551,V086,Eco Cosmetics Pack,Beauty & Personal Care,Cosmetics,441.81,3.89,123,79,8,941,112,0.111,0.858,Cosmetics product from beauty & personal care category; organic everyday solution designed for conscious consumers.
P0552,V055,Organic Protein Foods Range,Plant-Based Food,Protein Foods,523.92,4.82,154,57,3,714,86,0.086,0.784,Protein Foods product from plant-based food category; sustainable everyday solution designed for conscious consumers.
P0553,V021,Plant-Based Fitness Range,Health & Wellness,Fitness,384.25,4.05,157,49,8,492,77,0.063,0.841,Fitness product from health & wellness category; everyday everyday solution designed for conscious consumers.
P0554,V033,Everyday Fitness Blend,Health & Wellness,Fitness,416.6,4.27,109,86,4,851,118,0.115,0.774,Fitness product from health & wellness category; essential everyday solution designed for conscious consumers.
P0555,V055,Everyday Protein Foods Bundle,Plant-Based Food,Protein Foods,536.01,4.33,126,65,4,681,84,0.092,0.85,Protein Foods product from plant-based food category; sustainable everyday solution designed for conscious consumers.
P0556,V096,Sustainable Creamers Starter Kit,Dairy Alternatives,Creamers,360.23,4.02,134,39,13,586,71,0.094,0.764,Creamers product from dairy alternatives category; natural everyday solution designed for conscious consumers.
P0557,V098,Everyday Kitchen Care Set,Eco-Friendly Home,Kitchen,327.93,3.93,130,50,5,636,88,0.08,0.741,Kitchen product from eco-friendly home category; everyday everyday solution designed for conscious consumers.
P0558,V048,Organic Cosmetics Blend,Beauty & Personal Care,Cosmetics,692.2,4.66,109,63,5,745,102,0.108,0.842,Cosmetics product from beauty & personal care category; essential everyday solution designed for conscious consumers.
P0559,V013,Organic Snacks Blend,Plant-Based Food,Snacks,978.07,4.56,155,37,1,610,75,0.064,0.871,Snacks product from plant-based food category; everyday everyday solution designed for conscious consumers.
P0560,V044,Natural Kitchen Care Set,Eco-Friendly Home,Kitchen,522.83,4.24,153,68,3,765,98,0.101,0.908,Kitchen product from eco-friendly home category; eco everyday solution designed for conscious consumers.
P0561,V038,Eco Ready Meals Care Set,Plant-Based Food,Ready Meals,444.74,4.2,154,66,2,797,129,0.095,0.832,Ready Meals product from plant-based food category; sustainable everyday solution designed for conscious consumers.
P0562,V071,Essential Yogurt Alternatives Starter Kit,Dairy Alternatives,Yogurt Alternatives,497.59,3.98,127,47,5,598,72,0.102,0.822,Yogurt Alternatives product from dairy alternatives category; premium everyday solution designed for conscious consumers.
P0563,V025,Eco Creamers Range,Dairy Alternatives,Creamers,562.18,4.53,175,77,4,873,110,0.089,0.693,Creamers product from dairy alternatives category; plant-based everyday solution designed for conscious consumers.
P0564,V011,Sustainable Fitness Starter Kit,Health & Wellness,Fitness,870.87,4.17,161,75,3,809,107,0.108,0.777,Fitness product from health & wellness category; natural everyday solution designed for conscious consumers.
P0565,V087,Plant-Based Vegan Cheese Bundle,Dairy Alternatives,Vegan Cheese,427.65,3.9,147,73,4,740,102,0.087,0.82,Vegan Cheese product from dairy alternatives category; premium everyday solution designed for conscious consumers.
P0566,V077,Natural Creamers Bundle,Dairy Alternatives,Creamers,422.97,4.17,147,89,6,903,117,0.116,0.866,Creamers product from dairy alternatives category; organic everyday solution designed for conscious consumers.
P0567,V099,Plant-Based Packaging Starter Kit,Eco-Friendly Home,Packaging,512.31,4.27,133,57,6,595,97,0.106,0.838,Packaging product from eco-friendly home category; plant-based everyday solution designed for conscious consumers.
P0568,V009,Essential Vegan Cheese Essentials,Dairy Alternatives,Vegan Cheese,680.17,4.04,146,82,2,800,130,0.122,0.801,Vegan Cheese product from dairy alternatives category; eco everyday solution designed for conscious consumers.
P0569,V059,Sustainable Protein Foods Range,Plant-Based Food,Protein Foods,473.7,4.22,114,37,2,570,90,0.091,0.819,Protein Foods product from plant-based food category; natural everyday solution designed for conscious consumers.
P0570,V084,Plant-Based Cleaning Pack,Eco-Friendly Home,Cleaning,596.93,3.62,110,78,7,887,103,0.11,0.771,Cleaning product from eco-friendly home category; eco everyday solution designed for conscious consumers.
P0571,V032,Plant-Based Haircare Care Set,Beauty & Personal Care,Haircare,380.46,4.38,151,41,6,468,67,0.084,0.772,Haircare product from beauty & personal care category; organic everyday solution designed for conscious consumers.
P0572,V093,Plant-Based Creamers Classic,Dairy Alternatives,Creamers,1016.22,3.92,115,60,7,713,90,0.11,0.859,Creamers product from dairy alternatives category; sustainable everyday solution designed for conscious consumers.
P0573,V084,Sustainable Packaging Bundle,Eco-Friendly Home,Packaging,436.09,3.79,111,69,11,868,100,0.139,0.875,Packaging product from eco-friendly home category; eco everyday solution designed for conscious consumers.
P0574,V035,Everyday Nutrition Blend,Health & Wellness,Nutrition,313.73,4.21,131,36,4,467,76,0.05,0.826,Nutrition product from health & wellness category; plant-based everyday solution designed for conscious consumers.
P0575,V099,Plant-Based Kitchen Range,Eco-Friendly Home,Kitchen,1029.5,4.4,137,51,5,665,83,0.075,0.877,Kitchen product from eco-friendly home category; plant-based everyday solution designed for conscious consumers.
P0576,V098,Everyday Kitchen Bundle,Eco-Friendly Home,Kitchen,531.49,4.36,129,56,4,633,96,0.061,0.919,Kitchen product from eco-friendly home category; everyday everyday solution designed for conscious consumers.
P0577,V006,Plant-Based Mock Meat Bundle,Plant-Based Food,Mock Meat,677.03,4.38,131,61,7,678,96,0.07,0.809,Mock Meat product from plant-based food category; sustainable everyday solution designed for conscious consumers.
P0578,V036,Natural Fitness Care Set,Health & Wellness,Fitness,584.84,3.65,97,50,5,513,77,0.077,0.832,Fitness product from health & wellness category; essential everyday solution designed for conscious consumers.
P0579,V077,Eco Vegan Cheese Bundle,Dairy Alternatives,Vegan Cheese,424.19,4.03,118,66,2,908,132,0.113,0.837,Vegan Cheese product from dairy alternatives category; natural everyday solution designed for conscious consumers.
P0580,V087,Premium Plant Milk Classic,Dairy Alternatives,Plant Milk,386.69,4.19,152,64,3,749,79,0.117,0.81,Plant Milk product from dairy alternatives category; natural everyday solution designed for conscious consumers.
P0581,V027,Everyday Skincare Range,Beauty & Personal Care,Skincare,584.39,3.64,90,78,7,1002,110,0.12,0.885,Skincare product from beauty & personal care category; sustainable everyday solution designed for conscious consumers.
P0582,V057,Premium Ready Meals Range,Plant-Based Food,Ready Meals,474.54,4.14,138,60,2,742,85,0.073,0.926,Ready Meals product from plant-based food category; organic everyday solution designed for conscious consumers.
P0583,V043,Everyday Skincare Range,Beauty & Personal Care,Skincare,1125.82,4.36,123,29,3,347,35,0.046,0.782,Skincare product from beauty & personal care category; plant-based everyday solution designed for conscious consumers.
P0584,V001,Organic Reusable Products Essentials,Eco-Friendly Home,Reusable Products,417.85,4.34,183,51,2,677,92,0.101,0.881,Reusable Products product from eco-friendly home category; eco everyday solution designed for conscious consumers.
P0585,V041,Everyday Ready Meals Starter Kit,Plant-Based Food,Ready Meals,822.37,3.98,78,73,3,739,100,0.08,0.922,Ready Meals product from plant-based food category; sustainable everyday solution designed for conscious consumers.
P0586,V065,Eco Reusable Products Bundle,Eco-Friendly Home,Reusable Products,463.03,4.18,119,73,2,814,112,0.105,0.868,Reusable Products product from eco-friendly home category; premium everyday solution designed for conscious consumers.
P0587,V003,Premium Supplements Starter Kit,Health & Wellness,Supplements,715.26,4.12,160,51,2,691,85,0.079,0.913,Supplements product from health & wellness category; premium everyday solution designed for conscious consumers.
P0588,V057,Premium Mock Meat Classic,Plant-Based Food,Mock Meat,372.81,4.07,132,60,6,703,109,0.11,0.823,Mock Meat product from plant-based food category; plant-based everyday solution designed for conscious consumers.
P0589,V089,Essential Supplements Essentials,Health & Wellness,Supplements,614.26,4.41,145,43,4,498,63,0.049,0.905,Supplements product from health & wellness category; sustainable everyday solution designed for conscious consumers.
P0590,V065,Plant-Based Packaging Range,Eco-Friendly Home,Packaging,1436.23,3.68,126,84,5,819,108,0.115,0.799,Packaging product from eco-friendly home category; sustainable everyday solution designed for conscious consumers.
P0591,V057,Organic Snacks Range,Plant-Based Food,Snacks,640.34,4.12,132,51,6,721,111,0.088,0.77,Snacks product from plant-based food category; natural everyday solution designed for conscious consumers.
P0592,V071,Plant-Based Vegan Cheese Blend,Dairy Alternatives,Vegan Cheese,637.4,4.4,146,41,1,614,75,0.063,0.716,Vegan Cheese product from dairy alternatives category; natural everyday solution designed for conscious consumers.
P0593,V012,Everyday Mock Meat Starter Kit,Plant-Based Food,Mock Meat,682.19,4.28,120,62,8,664,103,0.107,0.888,Mock Meat product from plant-based food category; essential everyday solution designed for conscious consumers.
P0594,V046,Essential Bath Starter Kit,Beauty & Personal Care,Bath,427.75,3.68,88,55,8,601,87,0.089,0.872,Bath product from beauty & personal care category; essential everyday solution designed for conscious consumers.
P0595,V017,Plant-Based Nutrition Classic,Health & Wellness,Nutrition,1170.62,3.97,121,59,2,748,97,0.082,0.949,Nutrition product from health & wellness category; essential everyday solution designed for conscious consumers.
P0596,V100,Everyday Bath Classic,Beauty & Personal Care,Bath,449.59,3.86,134,54,6,659,98,0.096,0.797,Bath product from beauty & personal care category; premium everyday solution designed for conscious consumers.
P0597,V062,Everyday Personal Wellness Pack,Health & Wellness,Personal Wellness,339.85,4.12,140,31,4,640,68,0.073,0.852,Personal Wellness product from health & wellness category; essential everyday solution designed for conscious consumers.
P0598,V036,Organic Supplements Bundle,Health & Wellness,Supplements,414.73,3.34,104,37,6,567,62,0.08,0.86,Supplements product from health & wellness category; organic everyday solution designed for conscious consumers.
P0599,V093,Essential Yogurt Alternatives Blend,Dairy Alternatives,Yogurt Alternatives,918.13,3.9,131,45,6,661,70,0.105,0.795,Yogurt Alternatives product from dairy alternatives category; eco everyday solution designed for conscious consumers.
P0600,V065,Everyday Cleaning Range,Eco-Friendly Home,Cleaning,549.85,4.11,118,74,3,836,117,0.11,0.886,Cleaning product from eco-friendly home category; eco everyday solution designed for conscious consumers.
P0601,V033,Eco Fitness Bundle,Health & Wellness,Fitness,635.94,3.94,120,61,5,810,118,0.117,0.759,Fitness product from health & wellness category; organic everyday solution designed for conscious consumers.
P0602,V076,Essential Protein Foods Pack,Plant-Based Food,Protein Foods,1422.84,4.8,153,52,1,793,90,0.092,0.783,Protein Foods product from plant-based food category; sustainable everyday solution designed for conscious consumers.
P0603,V036,Premium Supplements Classic,Health & Wellness,Supplements,343.06,3.64,112,47,10,578,76,0.05,0.972,Supplements product from health & wellness category; everyday everyday solution designed for conscious consumers.
P0604,V073,Premium Kitchen Essentials,Eco-Friendly Home,Kitchen,937.79,4.74,136,44,3,659,76,0.069,0.639,Kitchen product from eco-friendly home category; essential everyday solution designed for conscious consumers.
P0605,V041,Natural Ready Meals Blend,Plant-Based Food,Ready Meals,409.47,3.67,80,69,5,738,114,0.1,0.839,Ready Meals product from plant-based food category; premium everyday solution designed for conscious consumers.
P0606,V024,Organic Nutrition Starter Kit,Health & Wellness,Nutrition,374.69,4.26,148,68,5,868,133,0.127,0.835,Nutrition product from health & wellness category; everyday everyday solution designed for conscious consumers.
P0607,V051,Plant-Based Cleaning Classic,Eco-Friendly Home,Cleaning,416.5,4.51,137,66,6,718,96,0.1,0.879,Cleaning product from eco-friendly home category; organic everyday solution designed for conscious consumers.
P0608,V036,Sustainable Personal Wellness Range,Health & Wellness,Personal Wellness,623.17,3.95,115,45,5,536,84,0.068,0.923,Personal Wellness product from health & wellness category; eco everyday solution designed for conscious consumers.
P0609,V100,Eco Haircare Essentials,Beauty & Personal Care,Haircare,533.98,3.84,121,67,7,654,99,0.089,0.821,Haircare product from beauty & personal care category; natural everyday solution designed for conscious consumers.
P0610,V021,Organic Personal Wellness Essentials,Health & Wellness,Personal Wellness,590.82,4.27,163,49,5,601,74,0.064,0.935,Personal Wellness product from health & wellness category; premium everyday solution designed for conscious consumers.
P0611,V047,Natural Reusable Products Bundle,Eco-Friendly Home,Reusable Products,865.47,4.03,112,59,7,597,88,0.08,0.935,Reusable Products product from eco-friendly home category; organic everyday solution designed for conscious consumers.
P0612,V013,Plant-Based Mock Meat Pack,Plant-Based Food,Mock Meat,602.92,4.39,185,50,2,577,81,0.092,0.884,Mock Meat product from plant-based food category; organic everyday solution designed for conscious consumers.
P0613,V031,Everyday Mock Meat Starter Kit,Plant-Based Food,Mock Meat,966.57,4.53,169,63,3,586,86,0.074,0.88,Mock Meat product from plant-based food category; sustainable everyday solution designed for conscious consumers.
P0614,V018,Natural Cosmetics Range,Beauty & Personal Care,Cosmetics,737.71,4.21,109,55,5,756,81,0.083,0.838,Cosmetics product from beauty & personal care category; essential everyday solution designed for conscious consumers.
P0615,V005,Everyday Nutrition Blend,Health & Wellness,Nutrition,646.23,4.25,152,35,4,481,79,0.082,0.867,Nutrition product from health & wellness category; essential everyday solution designed for conscious consumers.
P0616,V075,Sustainable Reusable Products Bundle,Eco-Friendly Home,Reusable Products,538.82,4.43,146,41,1,631,75,0.055,0.925,Reusable Products product from eco-friendly home category; plant-based everyday solution designed for conscious consumers.
P0617,V073,Plant-Based Packaging Essentials,Eco-Friendly Home,Packaging,494.53,4.03,175,57,2,637,66,0.054,0.761,Packaging product from eco-friendly home category; premium everyday solution designed for conscious consumers.
P0618,V081,Everyday Plant Milk Bundle,Dairy Alternatives,Plant Milk,666.35,4.17,143,76,1,890,129,0.099,0.811,Plant Milk product from dairy alternatives category; premium everyday solution designed for conscious consumers.
P0619,V100,Everyday Skincare Essentials,Beauty & Personal Care,Skincare,618.14,4.36,115,57,4,751,80,0.085,0.834,Skincare product from beauty & personal care category; eco everyday solution designed for conscious consumers.
P0620,V031,Eco Ready Meals Bundle,Plant-Based Food,Ready Meals,821.75,4.77,166,48,4,613,82,0.077,0.899,Ready Meals product from plant-based food category; premium everyday solution designed for conscious consumers.
P0621,V042,Premium Snacks Care Set,Plant-Based Food,Snacks,682.4,4.16,136,46,4,562,77,0.067,0.826,Snacks product from plant-based food category; premium everyday solution designed for conscious consumers.
P0622,V059,Organic Snacks Classic,Plant-Based Food,Snacks,441.01,3.86,103,58,5,643,85,0.088,0.832,Snacks product from plant-based food category; plant-based everyday solution designed for conscious consumers.
P0623,V023,Eco Plant Milk Essentials,Dairy Alternatives,Plant Milk,356.86,4.13,134,60,3,747,92,0.096,0.978,Plant Milk product from dairy alternatives category; natural everyday solution designed for conscious consumers.
P0624,V061,Everyday Kitchen Classic,Eco-Friendly Home,Kitchen,554.26,4.36,124,48,6,582,89,0.058,0.777,Kitchen product from eco-friendly home category; eco everyday solution designed for conscious consumers.
P0625,V017,Essential Nutrition Pack,Health & Wellness,Nutrition,689.9,4.11,118,70,5,772,81,0.087,0.891,Nutrition product from health & wellness category; eco everyday solution designed for conscious consumers.
P0626,V052,Natural Snacks Blend,Plant-Based Food,Snacks,795.51,4.48,139,30,4,554,68,0.09,0.869,Snacks product from plant-based food category; premium everyday solution designed for conscious consumers.
P0627,V091,Premium Reusable Products Range,Eco-Friendly Home,Reusable Products,869.99,3.83,83,83,8,909,140,0.114,0.872,Reusable Products product from eco-friendly home category; organic everyday solution designed for conscious consumers.
P0628,V092,Plant-Based Ready Meals Bundle,Plant-Based Food,Ready Meals,476.67,4.4,139,63,2,688,120,0.093,0.93,Ready Meals product from plant-based food category; everyday everyday solution designed for conscious consumers.
P0629,V033,Premium Fitness Bundle,Health & Wellness,Fitness,759.83,3.94,109,70,8,765,131,0.112,0.78,Fitness product from health & wellness category; premium everyday solution designed for conscious consumers.
P0630,V043,Everyday Haircare Starter Kit,Beauty & Personal Care,Haircare,1047.41,4.43,155,23,7,362,33,0.058,0.798,Haircare product from beauty & personal care category; essential everyday solution designed for conscious consumers.
P0631,V011,Organic Nutrition Blend,Health & Wellness,Nutrition,222.89,4.71,160,71,6,859,98,0.088,0.865,Nutrition product from health & wellness category; organic everyday solution designed for conscious consumers.
P0632,V078,Organic Mock Meat Range,Plant-Based Food,Mock Meat,940.49,3.39,87,56,2,692,93,0.118,0.855,Mock Meat product from plant-based food category; organic everyday solution designed for conscious consumers.
P0633,V087,Plant-Based Vegan Cheese Essentials,Dairy Alternatives,Vegan Cheese,682.99,4.31,151,48,6,735,121,0.096,0.787,Vegan Cheese product from dairy alternatives category; organic everyday solution designed for conscious consumers.
P0634,V058,Eco Creamers Bundle,Dairy Alternatives,Creamers,707.77,4.25,126,65,1,807,118,0.104,0.842,Creamers product from dairy alternatives category; organic everyday solution designed for conscious consumers.
P0635,V021,Essential Fitness Pack,Health & Wellness,Fitness,793.75,4.2,138,48,6,553,74,0.087,0.784,Fitness product from health & wellness category; premium everyday solution designed for conscious consumers.
P0636,V063,Premium Haircare Care Set,Beauty & Personal Care,Haircare,326.93,4.09,115,94,3,949,125,0.131,0.925,Haircare product from beauty & personal care category; essential everyday solution designed for conscious consumers.
P0637,V065,Eco Packaging Classic,Eco-Friendly Home,Packaging,452.54,4.57,117,78,6,809,119,0.132,0.801,Packaging product from eco-friendly home category; essential everyday solution designed for conscious consumers.
P0638,V074,Organic Haircare Classic,Beauty & Personal Care,Haircare,259.59,4.01,152,51,2,619,59,0.049,0.81,Haircare product from beauty & personal care category; plant-based everyday solution designed for conscious consumers.
P0639,V051,Organic Cleaning Range,Eco-Friendly Home,Cleaning,462.53,4.42,142,52,11,640,86,0.1,0.878,Cleaning product from eco-friendly home category; organic everyday solution designed for conscious consumers.
P0640,V083,Natural Cleaning Blend,Eco-Friendly Home,Cleaning,652.09,3.72,95,56,3,647,89,0.085,0.78,Cleaning product from eco-friendly home category; premium everyday solution designed for conscious consumers.
P0641,V034,Premium Haircare Bundle,Beauty & Personal Care,Haircare,595.78,4.0,97,71,6,696,81,0.099,0.878,Haircare product from beauty & personal care category; plant-based everyday solution designed for conscious consumers.
P0642,V091,Organic Reusable Products Range,Eco-Friendly Home,Reusable Products,695.7,3.42,98,86,6,911,141,0.159,0.904,Reusable Products product from eco-friendly home category; everyday everyday solution designed for conscious consumers.
P0643,V032,Everyday Cosmetics Classic,Beauty & Personal Care,Cosmetics,797.61,4.12,132,32,2,475,60,0.063,0.811,Cosmetics product from beauty & personal care category; eco everyday solution designed for conscious consumers.
P0644,V091,Plant-Based Packaging Classic,Eco-Friendly Home,Packaging,294.81,3.07,70,66,6,991,140,0.123,0.823,Packaging product from eco-friendly home category; organic everyday solution designed for conscious consumers.
P0645,V057,Plant-Based Protein Foods Starter Kit,Plant-Based Food,Protein Foods,337.08,4.03,138,77,4,738,89,0.081,0.769,Protein Foods product from plant-based food category; everyday everyday solution designed for conscious consumers.
P0646,V056,Everyday Ready Meals Blend,Plant-Based Food,Ready Meals,288.85,4.07,161,87,3,999,140,0.131,0.843,Ready Meals product from plant-based food category; plant-based everyday solution designed for conscious consumers.
P0647,V079,Everyday Skincare Blend,Beauty & Personal Care,Skincare,606.52,4.19,161,47,3,751,77,0.099,0.874,Skincare product from beauty & personal care category; everyday everyday solution designed for conscious consumers.
P0648,V087,Natural Plant Milk Starter Kit,Dairy Alternatives,Plant Milk,782.23,4.28,117,69,3,701,81,0.089,0.883,Plant Milk product from dairy alternatives category; eco everyday solution designed for conscious consumers.
P0649,V065,Essential Packaging Classic,Eco-Friendly Home,Packaging,439.87,4.33,119,61,6,851,106,0.14,0.815,Packaging product from eco-friendly home category; sustainable everyday solution designed for conscious consumers.
P0650,V047,Eco Cleaning Essentials,Eco-Friendly Home,Cleaning,551.58,4.03,109,48,4,591,76,0.078,0.865,Cleaning product from eco-friendly home category; premium everyday solution designed for conscious consumers.
P0651,V058,Essential Vegan Cheese Classic,Dairy Alternatives,Vegan Cheese,613.96,4.37,167,74,5,829,120,0.133,0.904,Vegan Cheese product from dairy alternatives category; sustainable everyday solution designed for conscious consumers.
P0652,V061,Sustainable Cleaning Classic,Eco-Friendly Home,Cleaning,871.15,4.36,126,45,1,562,69,0.054,0.798,Cleaning product from eco-friendly home category; sustainable everyday solution designed for conscious consumers.
P0653,V009,Natural Plant Milk Classic,Dairy Alternatives,Plant Milk,456.44,4.24,149,77,5,778,110,0.115,0.809,Plant Milk product from dairy alternatives category; natural everyday solution designed for conscious consumers.
P0654,V037,Sustainable Cleaning Bundle,Eco-Friendly Home,Cleaning,647.1,4.03,127,58,6,652,105,0.109,0.814,Cleaning product from eco-friendly home category; essential everyday solution designed for conscious consumers.
P0655,V005,Essential Fitness Classic,Health & Wellness,Fitness,1027.65,4.04,126,45,6,493,71,0.073,0.719,Fitness product from health & wellness category; natural everyday solution designed for conscious consumers.
P0656,V095,Plant-Based Cleaning Essentials,Eco-Friendly Home,Cleaning,281.42,4.52,142,44,3,502,74,0.081,0.727,Cleaning product from eco-friendly home category; plant-based everyday solution designed for conscious consumers.
P0657,V043,Plant-Based Skincare Pack,Beauty & Personal Care,Skincare,704.02,4.0,131,24,5,312,49,0.028,0.786,Skincare product from beauty & personal care category; sustainable everyday solution designed for conscious consumers.
P0658,V010,Organic Cosmetics Bundle,Beauty & Personal Care,Cosmetics,618.2,4.54,160,42,0,429,49,0.055,0.772,Cosmetics product from beauty & personal care category; sustainable everyday solution designed for conscious consumers.
P0659,V060,Essential Skincare Pack,Beauty & Personal Care,Skincare,509.94,4.07,139,46,10,433,69,0.067,0.948,Skincare product from beauty & personal care category; natural everyday solution designed for conscious consumers.
P0660,V080,Natural Mock Meat Classic,Plant-Based Food,Mock Meat,1130.56,4.14,106,61,3,731,94,0.075,0.716,Mock Meat product from plant-based food category; eco everyday solution designed for conscious consumers.
P0661,V054,Everyday Bath Pack,Beauty & Personal Care,Bath,185.69,4.18,161,58,3,555,83,0.097,0.855,Bath product from beauty & personal care category; organic everyday solution designed for conscious consumers.
P0662,V030,Sustainable Supplements Pack,Health & Wellness,Supplements,514.48,3.92,119,54,5,566,57,0.078,0.864,Supplements product from health & wellness category; natural everyday solution designed for conscious consumers.
P0663,V063,Sustainable Skincare Pack,Beauty & Personal Care,Skincare,332.09,4.46,157,89,2,1031,161,0.128,0.887,Skincare product from beauty & personal care category; organic everyday solution designed for conscious consumers.
P0664,V046,Eco Haircare Starter Kit,Beauty & Personal Care,Haircare,1055.16,3.64,86,57,7,579,70,0.052,0.9,Haircare product from beauty & personal care category; sustainable everyday solution designed for conscious consumers.
P0665,V059,Premium Snacks Blend,Plant-Based Food,Snacks,286.01,4.3,106,54,9,639,82,0.075,0.787,Snacks product from plant-based food category; premium everyday solution designed for conscious consumers.
P0666,V016,Plant-Based Snacks Starter Kit,Plant-Based Food,Snacks,832.37,4.15,110,49,8,679,80,0.077,0.831,Snacks product from plant-based food category; organic everyday solution designed for conscious consumers.
P0667,V052,Plant-Based Mock Meat Classic,Plant-Based Food,Mock Meat,335.88,4.14,148,34,5,553,83,0.071,0.861,Mock Meat product from plant-based food category; essential everyday solution designed for conscious consumers.
P0668,V038,Organic Mock Meat Blend,Plant-Based Food,Mock Meat,285.79,4.04,164,70,3,852,101,0.104,0.849,Mock Meat product from plant-based food category; everyday everyday solution designed for conscious consumers.
P0669,V080,Premium Snacks Care Set,Plant-Based Food,Snacks,278.98,3.96,116,58,6,718,93,0.129,0.899,Snacks product from plant-based food category; organic everyday solution designed for conscious consumers.
P0670,V066,Eco Protein Foods Care Set,Plant-Based Food,Protein Foods,687.01,4.36,182,54,2,602,90,0.096,0.799,Protein Foods product from plant-based food category; organic everyday solution designed for conscious consumers.
P0671,V088,Plant-Based Cosmetics Range,Beauty & Personal Care,Cosmetics,486.72,4.22,144,42,5,537,64,0.06,0.86,Cosmetics product from beauty & personal care category; essential everyday solution designed for conscious consumers.
P0672,V086,Natural Bath Classic,Beauty & Personal Care,Bath,810.98,4.11,99,78,9,916,129,0.101,0.885,Bath product from beauty & personal care category; sustainable everyday solution designed for conscious consumers.
P0673,V069,Organic Ready Meals Pack,Plant-Based Food,Ready Meals,600.76,4.32,131,60,6,697,104,0.098,0.865,Ready Meals product from plant-based food category; organic everyday solution designed for conscious consumers.
P0674,V037,Premium Reusable Products Classic,Eco-Friendly Home,Reusable Products,1494.25,4.15,134,73,6,680,105,0.091,0.837,Reusable Products product from eco-friendly home category; essential everyday solution designed for conscious consumers.
P0675,V040,Sustainable Creamers Essentials,Dairy Alternatives,Creamers,1462.62,4.24,139,101,4,964,129,0.145,0.909,Creamers product from dairy alternatives category; organic everyday solution designed for conscious consumers.
P0676,V006,Plant-Based Mock Meat Bundle,Plant-Based Food,Mock Meat,509.85,3.52,116,66,5,680,93,0.1,0.84,Mock Meat product from plant-based food category; sustainable everyday solution designed for conscious consumers.
P0677,V055,Plant-Based Mock Meat Classic,Plant-Based Food,Mock Meat,678.75,4.55,156,52,3,708,87,0.076,0.942,Mock Meat product from plant-based food category; organic everyday solution designed for conscious consumers.
P0678,V077,Plant-Based Vegan Cheese Range,Dairy Alternatives,Vegan Cheese,416.09,4.31,111,81,6,892,139,0.114,0.836,Vegan Cheese product from dairy alternatives category; essential everyday solution designed for conscious consumers.
P0679,V086,Premium Skincare Essentials,Beauty & Personal Care,Skincare,326.37,4.01,119,87,6,892,133,0.122,0.898,Skincare product from beauty & personal care category; sustainable everyday solution designed for conscious consumers.
P0680,V086,Natural Bath Starter Kit,Beauty & Personal Care,Bath,359.32,3.62,109,71,8,956,122,0.168,0.712,Bath product from beauty & personal care category; sustainable everyday solution designed for conscious consumers.
P0681,V037,Natural Cleaning Bundle,Eco-Friendly Home,Cleaning,496.35,3.94,131,71,3,639,102,0.088,0.776,Cleaning product from eco-friendly home category; plant-based everyday solution designed for conscious consumers.
P0682,V067,Sustainable Mock Meat Bundle,Plant-Based Food,Mock Meat,567.44,3.73,122,73,4,866,119,0.102,0.808,Mock Meat product from plant-based food category; eco everyday solution designed for conscious consumers.
P0683,V082,Everyday Nutrition Starter Kit,Health & Wellness,Nutrition,834.4,4.49,167,65,1,641,114,0.118,0.902,Nutrition product from health & wellness category; essential everyday solution designed for conscious consumers.
P0684,V075,Essential Cleaning Starter Kit,Eco-Friendly Home,Cleaning,429.36,3.93,127,44,2,529,60,0.066,0.871,Cleaning product from eco-friendly home category; everyday everyday solution designed for conscious consumers.
P0685,V078,Eco Ready Meals Pack,Plant-Based Food,Ready Meals,270.65,3.97,85,68,4,667,90,0.099,0.787,Ready Meals product from plant-based food category; essential everyday solution designed for conscious consumers.
P0686,V080,Premium Ready Meals Range,Plant-Based Food,Ready Meals,411.83,3.31,117,74,5,767,113,0.122,0.838,Ready Meals product from plant-based food category; organic everyday solution designed for conscious consumers.
P0687,V051,Essential Packaging Essentials,Eco-Friendly Home,Packaging,402.49,4.33,116,66,4,688,99,0.099,0.869,Packaging product from eco-friendly home category; everyday everyday solution designed for conscious consumers.
P0688,V079,Everyday Bath Blend,Beauty & Personal Care,Bath,1134.12,4.11,157,54,3,702,95,0.104,0.813,Bath product from beauty & personal care category; eco everyday solution designed for conscious consumers.
P0689,V090,Premium Packaging Classic,Eco-Friendly Home,Packaging,657.1,3.63,111,74,11,928,139,0.146,0.99,Packaging product from eco-friendly home category; premium everyday solution designed for conscious consumers.
P0690,V074,Everyday Bath Pack,Beauty & Personal Care,Bath,1252.7,4.47,138,38,2,606,73,0.069,0.835,Bath product from beauty & personal care category; plant-based everyday solution designed for conscious consumers.
P0691,V082,Essential Fitness Bundle,Health & Wellness,Fitness,998.38,4.43,162,55,3,668,112,0.101,0.824,Fitness product from health & wellness category; eco everyday solution designed for conscious consumers.
P0692,V022,Eco Yogurt Alternatives Range,Dairy Alternatives,Yogurt Alternatives,737.85,4.18,136,77,4,757,89,0.061,0.801,Yogurt Alternatives product from dairy alternatives category; essential everyday solution designed for conscious consumers.
P0693,V041,Everyday Snacks Starter Kit,Plant-Based Food,Snacks,370.05,3.57,92,64,4,740,107,0.115,0.91,Snacks product from plant-based food category; organic everyday solution designed for conscious consumers.
P0694,V014,Premium Mock Meat Blend,Plant-Based Food,Mock Meat,570.93,4.64,146,37,4,481,60,0.067,0.92,Mock Meat product from plant-based food category; sustainable everyday solution designed for conscious consumers.
P0695,V037,Premium Reusable Products Pack,Eco-Friendly Home,Reusable Products,1044.69,4.29,120,65,3,649,106,0.103,0.836,Reusable Products product from eco-friendly home category; plant-based everyday solution designed for conscious consumers.
P0696,V020,Premium Personal Wellness Classic,Health & Wellness,Personal Wellness,530.65,4.1,103,49,11,644,94,0.086,0.961,Personal Wellness product from health & wellness category; organic everyday solution designed for conscious consumers.
P0697,V097,Plant-Based Kitchen Pack,Eco-Friendly Home,Kitchen,253.47,3.92,137,77,1,792,99,0.11,0.766,Kitchen product from eco-friendly home category; organic everyday solution designed for conscious consumers.
P0698,V093,Natural Vegan Cheese Bundle,Dairy Alternatives,Vegan Cheese,487.81,4.33,116,54,4,674,85,0.107,0.845,Vegan Cheese product from dairy alternatives category; plant-based everyday solution designed for conscious consumers.
P0699,V024,Essential Personal Wellness Classic,Health & Wellness,Personal Wellness,846.77,4.13,134,85,1,870,124,0.102,0.898,Personal Wellness product from health & wellness category; sustainable everyday solution designed for conscious consumers.
P0700,V043,Sustainable Bath Bundle,Beauty & Personal Care,Bath,725.79,4.55,131,27,2,350,44,0.056,0.79,Bath product from beauty & personal care category; essential everyday solution designed for conscious consumers.
P0701,V023,Essential Yogurt Alternatives Essentials,Dairy Alternatives,Yogurt Alternatives,542.56,4.64,166,70,3,716,117,0.117,0.954,Yogurt Alternatives product from dairy alternatives category; everyday everyday solution designed for conscious consumers.
P0702,V001,Everyday Reusable Products Pack,Eco-Friendly Home,Reusable Products,665.15,4.87,177,53,2,693,84,0.108,0.876,Reusable Products product from eco-friendly home category; plant-based everyday solution designed for conscious consumers.
P0703,V050,Organic Supplements Bundle,Health & Wellness,Supplements,866.01,4.62,152,60,2,664,103,0.084,0.699,Supplements product from health & wellness category; eco everyday solution designed for conscious consumers.
P0704,V029,Eco Fitness Essentials,Health & Wellness,Fitness,745.36,3.84,128,44,7,589,67,0.081,0.89,Fitness product from health & wellness category; eco everyday solution designed for conscious consumers.
P0705,V097,Eco Packaging Care Set,Eco-Friendly Home,Packaging,544.35,4.84,144,73,3,770,127,0.109,0.777,Packaging product from eco-friendly home category; essential everyday solution designed for conscious consumers.
P0706,V057,Natural Ready Meals Bundle,Plant-Based Food,Ready Meals,839.49,4.07,113,67,4,720,100,0.108,0.897,Ready Meals product from plant-based food category; plant-based everyday solution designed for conscious consumers.
P0707,V091,Organic Packaging Care Set,Eco-Friendly Home,Packaging,961.41,3.48,84,85,13,909,119,0.152,0.84,Packaging product from eco-friendly home category; everyday everyday solution designed for conscious consumers.
P0708,V054,Sustainable Skincare Range,Beauty & Personal Care,Skincare,633.97,4.14,141,42,4,589,69,0.081,0.841,Skincare product from beauty & personal care category; essential everyday solution designed for conscious consumers.
P0709,V070,Plant-Based Mock Meat Pack,Plant-Based Food,Mock Meat,422.41,4.2,164,60,2,707,82,0.085,0.968,Mock Meat product from plant-based food category; premium everyday solution designed for conscious consumers.
P0710,V053,Sustainable Nutrition Range,Health & Wellness,Nutrition,1477.98,3.89,115,41,4,518,50,0.065,0.755,Nutrition product from health & wellness category; premium everyday solution designed for conscious consumers.
P0711,V069,Everyday Snacks Classic,Plant-Based Food,Snacks,244.68,4.04,117,56,3,682,92,0.08,0.902,Snacks product from plant-based food category; everyday everyday solution designed for conscious consumers.
P0712,V025,Premium Creamers Classic,Dairy Alternatives,Creamers,217.01,4.42,181,68,4,837,126,0.115,0.817,Creamers product from dairy alternatives category; organic everyday solution designed for conscious consumers.
P0713,V004,Organic Cosmetics Bundle,Beauty & Personal Care,Cosmetics,737.23,4.09,117,77,5,817,88,0.123,0.898,Cosmetics product from beauty & personal care category; plant-based everyday solution designed for conscious consumers.
P0714,V074,Sustainable Haircare Pack,Beauty & Personal Care,Haircare,1006.1,4.13,148,42,4,595,64,0.062,0.84,Haircare product from beauty & personal care category; organic everyday solution designed for conscious consumers.
P0715,V020,Everyday Nutrition Bundle,Health & Wellness,Nutrition,731.03,3.93,97,49,5,667,87,0.105,0.887,Nutrition product from health & wellness category; plant-based everyday solution designed for conscious consumers.
P0716,V002,Essential Mock Meat Range,Plant-Based Food,Mock Meat,404.13,4.17,109,97,9,950,116,0.083,0.74,Mock Meat product from plant-based food category; natural everyday solution designed for conscious consumers.
P0717,V064,Natural Cosmetics Starter Kit,Beauty & Personal Care,Cosmetics,488.87,3.69,116,37,7,605,75,0.095,0.771,Cosmetics product from beauty & personal care category; natural everyday solution designed for conscious consumers.
P0718,V095,Natural Kitchen Blend,Eco-Friendly Home,Kitchen,460.22,4.56,161,42,3,538,68,0.08,0.737,Kitchen product from eco-friendly home category; natural everyday solution designed for conscious consumers.
P0719,V081,Sustainable Plant Milk Range,Dairy Alternatives,Plant Milk,578.49,4.28,125,72,6,936,138,0.138,0.852,Plant Milk product from dairy alternatives category; sustainable everyday solution designed for conscious consumers.
P0720,V069,Organic Ready Meals Essentials,Plant-Based Food,Ready Meals,303.54,4.34,143,64,5,702,102,0.1,0.768,Ready Meals product from plant-based food category; essential everyday solution designed for conscious consumers.
P0721,V096,Everyday Yogurt Alternatives Starter Kit,Dairy Alternatives,Yogurt Alternatives,1936.38,4.26,128,38,6,590,72,0.074,0.815,Yogurt Alternatives product from dairy alternatives category; everyday everyday solution designed for conscious consumers.
P0722,V002,Natural Ready Meals Care Set,Plant-Based Food,Ready Meals,1309.66,4.04,95,77,5,944,114,0.123,0.874,Ready Meals product from plant-based food category; natural everyday solution designed for conscious consumers.
P0723,V024,Premium Personal Wellness Care Set,Health & Wellness,Personal Wellness,257.88,4.31,158,79,4,909,119,0.147,0.787,Personal Wellness product from health & wellness category; premium everyday solution designed for conscious consumers.
P0724,V008,Natural Personal Wellness Classic,Health & Wellness,Personal Wellness,1461.87,4.31,150,53,3,605,77,0.074,0.879,Personal Wellness product from health & wellness category; organic everyday solution designed for conscious consumers.
P0725,V014,Sustainable Mock Meat Pack,Plant-Based Food,Mock Meat,466.59,4.5,139,31,0,484,65,0.061,0.79,Mock Meat product from plant-based food category; premium everyday solution designed for conscious consumers.
P0726,V047,Sustainable Kitchen Care Set,Eco-Friendly Home,Kitchen,489.37,3.53,112,49,7,647,78,0.074,0.9,Kitchen product from eco-friendly home category; everyday everyday solution designed for conscious consumers.
P0727,V062,Everyday Nutrition Classic,Health & Wellness,Nutrition,537.94,4.19,127,55,5,583,69,0.06,0.845,Nutrition product from health & wellness category; natural everyday solution designed for conscious consumers.
P0728,V061,Eco Kitchen Essentials,Eco-Friendly Home,Kitchen,494.82,3.98,124,55,4,585,82,0.089,0.845,Kitchen product from eco-friendly home category; essential everyday solution designed for conscious consumers.
P0729,V066,Everyday Protein Foods Care Set,Plant-Based Food,Protein Foods,482.79,4.47,166,49,0,580,66,0.085,0.864,Protein Foods product from plant-based food category; sustainable everyday solution designed for conscious consumers.
P0730,V060,Eco Haircare Range,Beauty & Personal Care,Haircare,580.18,3.87,141,51,4,440,68,0.06,0.87,Haircare product from beauty & personal care category; eco everyday solution designed for conscious consumers.
P0731,V085,Essential Reusable Products Blend,Eco-Friendly Home,Reusable Products,304.08,4.04,101,79,8,729,116,0.116,0.737,Reusable Products product from eco-friendly home category; plant-based everyday solution designed for conscious consumers.
P0732,V057,Everyday Snacks Blend,Plant-Based Food,Snacks,826.78,4.33,136,60,2,695,79,0.102,0.884,Snacks product from plant-based food category; essential everyday solution designed for conscious consumers.
P0733,V020,Premium Personal Wellness Classic,Health & Wellness,Personal Wellness,290.97,3.79,112,47,9,680,111,0.106,0.854,Personal Wellness product from health & wellness category; natural everyday solution designed for conscious consumers.
P0734,V042,Essential Protein Foods Blend,Plant-Based Food,Protein Foods,536.25,3.97,132,35,5,546,74,0.088,0.954,Protein Foods product from plant-based food category; sustainable everyday solution designed for conscious consumers.
P0735,V065,Plant-Based Packaging Essentials,Eco-Friendly Home,Packaging,327.34,4.24,122,53,5,810,113,0.108,0.894,Packaging product from eco-friendly home category; premium everyday solution designed for conscious consumers.
P0736,V054,Organic Haircare Essentials,Beauty & Personal Care,Haircare,768.0,4.51,181,51,4,582,92,0.066,0.747,Haircare product from beauty & personal care category; premium everyday solution designed for conscious consumers.
P0737,V096,Premium Plant Milk Bundle,Dairy Alternatives,Plant Milk,742.61,4.6,126,43,4,601,78,0.087,0.799,Plant Milk product from dairy alternatives category; organic everyday solution designed for conscious consumers.
P0738,V038,Premium Snacks Starter Kit,Plant-Based Food,Snacks,258.05,4.43,150,65,5,772,109,0.105,0.773,Snacks product from plant-based food category; premium everyday solution designed for conscious consumers.
P0739,V046,Sustainable Skincare Classic,Beauty & Personal Care,Skincare,319.83,3.9,81,41,4,571,75,0.084,0.881,Skincare product from beauty & personal care category; natural everyday solution designed for conscious consumers.
P0740,V039,Essential Reusable Products Pack,Eco-Friendly Home,Reusable Products,408.47,4.41,172,95,1,974,134,0.162,0.817,Reusable Products product from eco-friendly home category; plant-based everyday solution designed for conscious consumers.
P0741,V058,Plant-Based Yogurt Alternatives Care Set,Dairy Alternatives,Yogurt Alternatives,503.88,3.94,108,71,6,833,130,0.082,0.876,Yogurt Alternatives product from dairy alternatives category; essential everyday solution designed for conscious consumers.
P0742,V031,Everyday Mock Meat Bundle,Plant-Based Food,Mock Meat,583.56,4.78,160,57,3,589,78,0.105,0.99,Mock Meat product from plant-based food category; plant-based everyday solution designed for conscious consumers.
P0743,V050,Premium Fitness Range,Health & Wellness,Fitness,381.68,4.22,156,59,1,718,92,0.116,0.956,Fitness product from health & wellness category; sustainable everyday solution designed for conscious consumers.
P0744,V094,Everyday Fitness Blend,Health & Wellness,Fitness,731.33,4.56,148,71,5,809,130,0.135,0.893,Fitness product from health & wellness category; eco everyday solution designed for conscious consumers.
P0745,V045,Essential Kitchen Pack,Eco-Friendly Home,Kitchen,340.6,4.5,181,53,3,632,59,0.098,0.727,Kitchen product from eco-friendly home category; natural everyday solution designed for conscious consumers.
P0746,V026,Organic Ready Meals Care Set,Plant-Based Food,Ready Meals,740.24,4.44,144,69,5,744,110,0.087,0.878,Ready Meals product from plant-based food category; eco everyday solution designed for conscious consumers.
P0747,V041,Premium Mock Meat Care Set,Plant-Based Food,Mock Meat,246.81,3.13,69,66,6,745,108,0.087,0.896,Mock Meat product from plant-based food category; plant-based everyday solution designed for conscious consumers.
P0748,V014,Organic Mock Meat Starter Kit,Plant-Based Food,Mock Meat,341.39,3.98,131,34,3,514,68,0.045,0.883,Mock Meat product from plant-based food category; eco everyday solution designed for conscious consumers.
P0749,V067,Plant-Based Snacks Range,Plant-Based Food,Snacks,408.45,4.38,91,77,6,819,125,0.118,0.781,Snacks product from plant-based food category; eco everyday solution designed for conscious consumers.
P0750,V069,Premium Snacks Care Set,Plant-Based Food,Snacks,906.36,4.14,157,56,7,656,91,0.104,0.816,Snacks product from plant-based food category; plant-based everyday solution designed for conscious consumers.
P0751,V097,Natural Kitchen Care Set,Eco-Friendly Home,Kitchen,323.46,4.27,168,82,4,785,117,0.104,0.88,Kitchen product from eco-friendly home category; everyday everyday solution designed for conscious consumers.
P0752,V086,Plant-Based Haircare Care Set,Beauty & Personal Care,Haircare,589.22,4.19,113,73,7,893,119,0.12,0.88,Haircare product from beauty & personal care category; natural everyday solution designed for conscious consumers.
P0753,V053,Premium Nutrition Blend,Health & Wellness,Nutrition,479.63,4.04,124,36,8,508,55,0.073,0.672,Nutrition product from health & wellness category; everyday everyday solution designed for conscious consumers.
P0754,V040,Natural Creamers Range,Dairy Alternatives,Creamers,254.19,4.2,136,76,3,1037,158,0.131,0.9,Creamers product from dairy alternatives category; plant-based everyday solution designed for conscious consumers.
P0755,V081,Plant-Based Creamers Bundle,Dairy Alternatives,Creamers,1077.8,3.78,139,78,6,870,128,0.106,0.859,Creamers product from dairy alternatives category; everyday everyday solution designed for conscious consumers.
P0756,V042,Essential Ready Meals Bundle,Plant-Based Food,Ready Meals,525.99,4.45,139,39,8,592,62,0.055,0.971,Ready Meals product from plant-based food category; eco everyday solution designed for conscious consumers.
P0757,V023,Eco Vegan Cheese Care Set,Dairy Alternatives,Vegan Cheese,390.28,4.47,135,57,2,687,93,0.084,0.94,Vegan Cheese product from dairy alternatives category; natural everyday solution designed for conscious consumers.
P0758,V027,Sustainable Skincare Pack,Beauty & Personal Care,Skincare,1740.11,3.62,106,81,4,984,139,0.106,0.853,Skincare product from beauty & personal care category; plant-based everyday solution designed for conscious consumers.
P0759,V073,Natural Reusable Products Bundle,Eco-Friendly Home,Reusable Products,1071.4,4.24,137,58,2,666,91,0.095,0.754,Reusable Products product from eco-friendly home category; eco everyday solution designed for conscious consumers.
P0760,V018,Sustainable Bath Starter Kit,Beauty & Personal Care,Bath,702.69,3.4,111,69,8,735,96,0.084,0.766,Bath product from beauty & personal care category; plant-based everyday solution designed for conscious consumers.
P0761,V076,Everyday Snacks Starter Kit,Plant-Based Food,Snacks,621.1,4.43,181,77,3,747,107,0.108,0.83,Snacks product from plant-based food category; essential everyday solution designed for conscious consumers.
P0762,V002,Plant-Based Mock Meat Essentials,Plant-Based Food,Mock Meat,255.07,3.59,104,56,8,937,147,0.139,0.756,Mock Meat product from plant-based food category; essential everyday solution designed for conscious consumers.
P0763,V013,Organic Ready Meals Bundle,Plant-Based Food,Ready Meals,592.72,4.45,166,51,2,638,89,0.061,0.861,Ready Meals product from plant-based food category; essential everyday solution designed for conscious consumers.
P0764,V023,Organic Vegan Cheese Care Set,Dairy Alternatives,Vegan Cheese,526.24,4.26,172,75,3,759,97,0.089,0.858,Vegan Cheese product from dairy alternatives category; plant-based everyday solution designed for conscious consumers.
P0765,V020,Eco Fitness Essentials,Health & Wellness,Fitness,255.81,3.61,100,67,5,645,94,0.1,0.805,Fitness product from health & wellness category; natural everyday solution designed for conscious consumers.
P0766,V022,Sustainable Plant Milk Classic,Dairy Alternatives,Plant Milk,1373.73,3.85,123,62,3,719,121,0.104,0.744,Plant Milk product from dairy alternatives category; plant-based everyday solution designed for conscious consumers.
P0767,V073,Plant-Based Kitchen Care Set,Eco-Friendly Home,Kitchen,538.0,4.09,162,64,4,680,74,0.087,0.831,Kitchen product from eco-friendly home category; natural everyday solution designed for conscious consumers.
P0768,V043,Essential Skincare Essentials,Beauty & Personal Care,Skincare,585.26,3.98,134,19,6,358,36,0.062,0.787,Skincare product from beauty & personal care category; sustainable everyday solution designed for conscious consumers.
P0769,V017,Natural Personal Wellness Classic,Health & Wellness,Personal Wellness,547.07,4.0,142,54,2,753,96,0.077,0.822,Personal Wellness product from health & wellness category; natural everyday solution designed for conscious consumers.
P0770,V045,Premium Cleaning Range,Eco-Friendly Home,Cleaning,944.41,4.86,156,49,4,674,84,0.074,0.83,Cleaning product from eco-friendly home category; essential everyday solution designed for conscious consumers.
P0771,V065,Premium Reusable Products Starter Kit,Eco-Friendly Home,Reusable Products,677.04,4.19,128,71,3,846,115,0.099,0.757,Reusable Products product from eco-friendly home category; everyday everyday solution designed for conscious consumers.
P0772,V017,Natural Fitness Bundle,Health & Wellness,Fitness,381.54,4.3,142,73,8,779,90,0.094,0.92,Fitness product from health & wellness category; sustainable everyday solution designed for conscious consumers.
P0773,V079,Essential Haircare Bundle,Beauty & Personal Care,Haircare,374.7,4.53,147,60,2,763,81,0.097,0.764,Haircare product from beauty & personal care category; organic everyday solution designed for conscious consumers.
P0774,V076,Organic Mock Meat Blend,Plant-Based Food,Mock Meat,914.69,4.41,187,65,3,700,99,0.106,0.801,Mock Meat product from plant-based food category; sustainable everyday solution designed for conscious consumers.
P0775,V059,Everyday Mock Meat Pack,Plant-Based Food,Mock Meat,418.83,3.97,108,57,2,594,89,0.057,0.763,Mock Meat product from plant-based food category; essential everyday solution designed for conscious consumers.
P0776,V076,Sustainable Protein Foods Essentials,Plant-Based Food,Protein Foods,827.47,4.41,161,49,1,772,103,0.076,0.836,Protein Foods product from plant-based food category; everyday everyday solution designed for conscious consumers.
P0777,V010,Sustainable Skincare Blend,Beauty & Personal Care,Skincare,1643.77,4.66,160,26,5,438,55,0.03,0.88,Skincare product from beauty & personal care category; sustainable everyday solution designed for conscious consumers.
P0778,V029,Everyday Supplements Essentials,Health & Wellness,Supplements,463.1,3.61,89,51,5,610,82,0.062,0.853,Supplements product from health & wellness category; sustainable everyday solution designed for conscious consumers.
P0779,V089,Organic Supplements Range,Health & Wellness,Supplements,627.52,4.45,141,42,4,512,56,0.069,0.836,Supplements product from health & wellness category; organic everyday solution designed for conscious consumers.
P0780,V085,Premium Cleaning Essentials,Eco-Friendly Home,Cleaning,334.82,3.56,94,67,0,729,98,0.092,0.724,Cleaning product from eco-friendly home category; eco everyday solution designed for conscious consumers.
P0781,V002,Natural Protein Foods Pack,Plant-Based Food,Protein Foods,928.14,3.8,103,77,4,927,103,0.109,0.705,Protein Foods product from plant-based food category; organic everyday solution designed for conscious consumers.
P0782,V074,Premium Haircare Pack,Beauty & Personal Care,Haircare,684.14,3.87,149,39,3,588,64,0.07,0.85,Haircare product from beauty & personal care category; sustainable everyday solution designed for conscious consumers.
P0783,V002,Everyday Snacks Care Set,Plant-Based Food,Snacks,433.02,3.68,84,77,5,876,117,0.108,0.721,Snacks product from plant-based food category; plant-based everyday solution designed for conscious consumers.
P0784,V021,Natural Fitness Classic,Health & Wellness,Fitness,545.65,4.05,131,38,8,559,86,0.061,0.881,Fitness product from health & wellness category; premium everyday solution designed for conscious consumers.
P0785,V037,Plant-Based Packaging Blend,Eco-Friendly Home,Packaging,354.59,4.2,103,71,9,638,100,0.087,0.87,Packaging product from eco-friendly home category; everyday everyday solution designed for conscious consumers.
P0786,V051,Organic Cleaning Range,Eco-Friendly Home,Cleaning,570.0,4.08,155,60,4,665,98,0.098,0.806,Cleaning product from eco-friendly home category; plant-based everyday solution designed for conscious consumers.
P0787,V099,Natural Reusable Products Range,Eco-Friendly Home,Reusable Products,1004.49,4.42,140,60,5,666,103,0.122,0.864,Reusable Products product from eco-friendly home category; premium everyday solution designed for conscious consumers.
P0788,V025,Eco Plant Milk Classic,Dairy Alternatives,Plant Milk,668.61,4.4,190,63,2,830,108,0.101,0.912,Plant Milk product from dairy alternatives category; natural everyday solution designed for conscious consumers.
P0789,V005,Everyday Nutrition Classic,Health & Wellness,Nutrition,587.84,3.83,119,47,5,502,59,0.073,0.808,Nutrition product from health & wellness category; plant-based everyday solution designed for conscious consumers.
P0790,V040,Sustainable Yogurt Alternatives Pack,Dairy Alternatives,Yogurt Alternatives,400.49,4.22,164,89,5,994,115,0.168,0.833,Yogurt Alternatives product from dairy alternatives category; premium everyday solution designed for conscious consumers.
P0791,V052,Premium Mock Meat Essentials,Plant-Based Food,Mock Meat,621.43,4.25,149,42,5,546,71,0.066,0.856,Mock Meat product from plant-based food category; plant-based everyday solution designed for conscious consumers.
P0792,V027,Organic Skincare Essentials,Beauty & Personal Care,Skincare,544.2,3.5,112,94,5,1009,131,0.136,0.859,Skincare product from beauty & personal care category; natural everyday solution designed for conscious consumers.
P0793,V088,Everyday Skincare Bundle,Beauty & Personal Care,Skincare,339.47,4.03,139,38,0,563,70,0.053,0.826,Skincare product from beauty & personal care category; eco everyday solution designed for conscious consumers.
P0794,V079,Natural Bath Pack,Beauty & Personal Care,Bath,471.73,4.16,173,57,4,748,82,0.106,0.898,Bath product from beauty & personal care category; sustainable everyday solution designed for conscious consumers.
P0795,V026,Premium Protein Foods Starter Kit,Plant-Based Food,Protein Foods,372.21,4.34,156,66,3,796,104,0.098,0.78,Protein Foods product from plant-based food category; natural everyday solution designed for conscious consumers.
P0796,V044,Premium Packaging Care Set,Eco-Friendly Home,Packaging,623.33,4.27,149,71,4,676,93,0.066,0.897,Packaging product from eco-friendly home category; natural everyday solution designed for conscious consumers.
P0797,V068,Plant-Based Haircare Starter Kit,Beauty & Personal Care,Haircare,624.02,4.09,125,67,9,762,94,0.085,0.856,Haircare product from beauty & personal care category; sustainable everyday solution designed for conscious consumers.
P0798,V034,Eco Haircare Range,Beauty & Personal Care,Haircare,798.41,4.0,132,43,6,740,92,0.11,0.759,Haircare product from beauty & personal care category; sustainable everyday solution designed for conscious consumers.
P0799,V091,Organic Kitchen Classic,Eco-Friendly Home,Kitchen,386.53,3.68,69,76,11,892,132,0.153,0.743,Kitchen product from eco-friendly home category; natural everyday solution designed for conscious consumers.
P0800,V025,Organic Vegan Cheese Classic,Dairy Alternatives,Vegan Cheese,1119.65,4.48,179,55,4,849,107,0.117,0.782,Vegan Cheese product from dairy alternatives category; plant-based everyday solution designed for conscious consumers.
P0801,V055,Essential Mock Meat Care Set,Plant-Based Food,Mock Meat,788.35,4.17,145,51,5,698,83,0.072,0.758,Mock Meat product from plant-based food category; essential everyday solution designed for conscious consumers.
P0802,V042,Sustainable Snacks Range,Plant-Based Food,Snacks,552.19,4.22,134,62,7,578,80,0.077,0.827,Snacks product from plant-based food category; organic everyday solution designed for conscious consumers.
P0803,V037,Premium Reusable Products Range,Eco-Friendly Home,Reusable Products,898.49,4.24,117,73,4,682,91,0.097,0.83,Reusable Products product from eco-friendly home category; eco everyday solution designed for conscious consumers.
P0804,V081,Eco Yogurt Alternatives Starter Kit,Dairy Alternatives,Yogurt Alternatives,431.3,4.13,131,84,5,885,120,0.115,0.839,Yogurt Alternatives product from dairy alternatives category; premium everyday solution designed for conscious consumers.
P0805,V035,Organic Personal Wellness Essentials,Health & Wellness,Personal Wellness,333.47,4.34,129,33,8,424,52,0.068,0.84,Personal Wellness product from health & wellness category; premium everyday solution designed for conscious consumers.
P0806,V050,Plant-Based Personal Wellness Blend,Health & Wellness,Personal Wellness,595.74,4.44,157,65,3,736,105,0.131,0.894,Personal Wellness product from health & wellness category; eco everyday solution designed for conscious consumers.
P0807,V025,Sustainable Plant Milk Care Set,Dairy Alternatives,Plant Milk,682.85,4.84,184,75,2,861,110,0.115,0.791,Plant Milk product from dairy alternatives category; plant-based everyday solution designed for conscious consumers.
P0808,V058,Organic Plant Milk Classic,Dairy Alternatives,Plant Milk,371.57,3.94,121,60,6,850,102,0.117,0.871,Plant Milk product from dairy alternatives category; everyday everyday solution designed for conscious consumers.
P0809,V086,Organic Bath Essentials,Beauty & Personal Care,Bath,979.69,4.22,117,70,4,899,127,0.117,0.946,Bath product from beauty & personal care category; eco everyday solution designed for conscious consumers.
P0810,V051,Natural Cleaning Range,Eco-Friendly Home,Cleaning,346.34,4.23,116,48,3,682,84,0.056,0.844,Cleaning product from eco-friendly home category; eco everyday solution designed for conscious consumers.
P0811,V017,Organic Personal Wellness Blend,Health & Wellness,Personal Wellness,1107.2,4.17,161,60,5,760,93,0.098,0.809,Personal Wellness product from health & wellness category; essential everyday solution designed for conscious consumers.
P0812,V064,Essential Cosmetics Classic,Beauty & Personal Care,Cosmetics,711.31,3.89,117,40,5,581,87,0.077,0.71,Cosmetics product from beauty & personal care category; eco everyday solution designed for conscious consumers.
P0813,V026,Plant-Based Snacks Starter Kit,Plant-Based Food,Snacks,721.19,4.35,147,73,4,729,102,0.099,0.85,Snacks product from plant-based food category; sustainable everyday solution designed for conscious consumers.
P0814,V031,Natural Snacks Blend,Plant-Based Food,Snacks,403.96,4.65,169,47,4,566,102,0.06,0.946,Snacks product from plant-based food category; premium everyday solution designed for conscious consumers.
P0815,V019,Organic Personal Wellness Pack,Health & Wellness,Personal Wellness,340.22,4.58,152,84,2,941,130,0.17,0.887,Personal Wellness product from health & wellness category; plant-based everyday solution designed for conscious consumers.
P0816,V009,Sustainable Plant Milk Bundle,Dairy Alternatives,Plant Milk,483.19,4.26,163,65,7,820,133,0.111,0.911,Plant Milk product from dairy alternatives category; organic everyday solution designed for conscious consumers.
P0817,V024,Essential Fitness Range,Health & Wellness,Fitness,305.54,4.18,174,88,6,833,133,0.12,0.773,Fitness product from health & wellness category; eco everyday solution designed for conscious consumers.
P0818,V051,Everyday Reusable Products Classic,Eco-Friendly Home,Reusable Products,718.3,4.73,152,69,4,676,93,0.084,0.873,Reusable Products product from eco-friendly home category; essential everyday solution designed for conscious consumers.
P0819,V021,Eco Fitness Pack,Health & Wellness,Fitness,317.77,4.52,151,35,7,531,66,0.053,0.838,Fitness product from health & wellness category; natural everyday solution designed for conscious consumers.
P0820,V100,Essential Haircare Essentials,Beauty & Personal Care,Haircare,1251.37,4.35,90,50,4,739,92,0.114,0.715,Haircare product from beauty & personal care category; organic everyday solution designed for conscious consumers.
P0821,V045,Plant-Based Reusable Products Classic,Eco-Friendly Home,Reusable Products,722.61,3.95,164,37,2,638,62,0.066,0.887,Reusable Products product from eco-friendly home category; everyday everyday solution designed for conscious consumers.
P0822,V068,Premium Bath Starter Kit,Beauty & Personal Care,Bath,577.53,3.63,115,82,4,743,107,0.107,0.742,Bath product from beauty & personal care category; eco everyday solution designed for conscious consumers.
P0823,V011,Sustainable Nutrition Range,Health & Wellness,Nutrition,611.4,4.4,140,69,3,807,107,0.106,0.897,Nutrition product from health & wellness category; natural everyday solution designed for conscious consumers.
P0824,V058,Organic Yogurt Alternatives Care Set,Dairy Alternatives,Yogurt Alternatives,749.9,4.03,124,81,5,807,113,0.117,0.945,Yogurt Alternatives product from dairy alternatives category; everyday everyday solution designed for conscious consumers.
P0825,V020,Natural Supplements Care Set,Health & Wellness,Supplements,991.78,4.15,105,48,6,674,83,0.075,0.815,Supplements product from health & wellness category; sustainable everyday solution designed for conscious consumers.
P0826,V018,Eco Cosmetics Essentials,Beauty & Personal Care,Cosmetics,564.75,3.47,114,55,4,735,104,0.098,0.796,Cosmetics product from beauty & personal care category; sustainable everyday solution designed for conscious consumers.
P0827,V020,Plant-Based Fitness Classic,Health & Wellness,Fitness,412.42,3.62,117,62,1,640,87,0.094,0.887,Fitness product from health & wellness category; sustainable everyday solution designed for conscious consumers.
P0828,V023,Sustainable Vegan Cheese Classic,Dairy Alternatives,Vegan Cheese,363.16,4.46,159,46,6,730,106,0.086,0.892,Vegan Cheese product from dairy alternatives category; eco everyday solution designed for conscious consumers.
P0829,V001,Premium Kitchen Blend,Eco-Friendly Home,Kitchen,348.42,4.43,148,56,3,697,80,0.097,0.854,Kitchen product from eco-friendly home category; organic everyday solution designed for conscious consumers.
P0830,V038,Sustainable Snacks Starter Kit,Plant-Based Food,Snacks,671.92,4.48,143,88,2,804,124,0.082,0.958,Snacks product from plant-based food category; natural everyday solution designed for conscious consumers.
P0831,V023,Premium Plant Milk Bundle,Dairy Alternatives,Plant Milk,921.05,4.83,145,63,3,736,105,0.116,0.889,Plant Milk product from dairy alternatives category; natural everyday solution designed for conscious consumers.
P0832,V033,Eco Fitness Range,Health & Wellness,Fitness,712.95,4.06,123,74,9,829,116,0.103,0.857,Fitness product from health & wellness category; eco everyday solution designed for conscious consumers.
P0833,V035,Premium Nutrition Classic,Health & Wellness,Nutrition,1025.57,4.04,130,40,4,467,54,0.054,0.945,Nutrition product from health & wellness category; everyday everyday solution designed for conscious consumers.
P0834,V062,Organic Nutrition Range,Health & Wellness,Nutrition,315.94,4.6,142,51,7,608,87,0.071,0.807,Nutrition product from health & wellness category; essential everyday solution designed for conscious consumers.
P0835,V049,Eco Protein Foods Pack,Plant-Based Food,Protein Foods,439.29,4.15,107,76,8,940,107,0.126,0.829,Protein Foods product from plant-based food category; sustainable everyday solution designed for conscious consumers.
P0836,V049,Organic Ready Meals Classic,Plant-Based Food,Ready Meals,644.77,3.76,83,72,7,945,113,0.092,0.872,Ready Meals product from plant-based food category; eco everyday solution designed for conscious consumers.
P0837,V026,Sustainable Mock Meat Blend,Plant-Based Food,Mock Meat,551.53,4.09,132,72,3,745,111,0.111,0.851,Mock Meat product from plant-based food category; eco everyday solution designed for conscious consumers.
P0838,V063,Natural Bath Care Set,Beauty & Personal Care,Bath,802.26,4.34,143,108,5,1063,142,0.121,0.886,Bath product from beauty & personal care category; premium everyday solution designed for conscious consumers.
P0839,V095,Everyday Packaging Bundle,Eco-Friendly Home,Packaging,490.11,4.38,136,48,6,513,61,0.069,0.758,Packaging product from eco-friendly home category; essential everyday solution designed for conscious consumers.
P0840,V016,Plant-Based Protein Foods Essentials,Plant-Based Food,Protein Foods,526.3,3.86,139,45,4,615,108,0.066,0.81,Protein Foods product from plant-based food category; premium everyday solution designed for conscious consumers.
P0841,V078,Essential Snacks Essentials,Plant-Based Food,Snacks,467.79,3.81,98,58,8,696,84,0.138,0.787,Snacks product from plant-based food category; eco everyday solution designed for conscious consumers.
P0842,V096,Sustainable Yogurt Alternatives Starter Kit,Dairy Alternatives,Yogurt Alternatives,597.79,4.05,145,47,3,579,75,0.044,0.805,Yogurt Alternatives product from dairy alternatives category; natural everyday solution designed for conscious consumers.
P0843,V002,Everyday Protein Foods Bundle,Plant-Based Food,Protein Foods,1049.12,3.64,94,64,12,961,127,0.128,0.791,Protein Foods product from plant-based food category; premium everyday solution designed for conscious consumers.
P0844,V090,Premium Reusable Products Care Set,Eco-Friendly Home,Reusable Products,277.44,3.88,96,94,5,970,143,0.115,0.793,Reusable Products product from eco-friendly home category; everyday everyday solution designed for conscious consumers.
P0845,V038,Plant-Based Mock Meat Starter Kit,Plant-Based Food,Mock Meat,640.42,4.24,146,77,4,753,144,0.105,0.853,Mock Meat product from plant-based food category; essential everyday solution designed for conscious consumers.
P0846,V075,Premium Packaging Classic,Eco-Friendly Home,Packaging,793.08,4.42,121,41,4,583,49,0.045,0.839,Packaging product from eco-friendly home category; plant-based everyday solution designed for conscious consumers.
P0847,V057,Organic Ready Meals Bundle,Plant-Based Food,Ready Meals,768.11,3.95,129,55,6,730,95,0.124,0.822,Ready Meals product from plant-based food category; everyday everyday solution designed for conscious consumers.
P0848,V039,Premium Kitchen Classic,Eco-Friendly Home,Kitchen,376.93,4.33,147,85,2,887,156,0.156,0.889,Kitchen product from eco-friendly home category; everyday everyday solution designed for conscious consumers.
P0849,V043,Natural Bath Pack,Beauty & Personal Care,Bath,995.74,3.8,113,27,2,350,50,0.074,0.747,Bath product from beauty & personal care category; sustainable everyday solution designed for conscious consumers.
P0850,V014,Organic Protein Foods Essentials,Plant-Based Food,Protein Foods,599.93,4.12,138,37,1,463,46,0.058,0.853,Protein Foods product from plant-based food category; everyday everyday solution designed for conscious consumers.
P0851,V011,Premium Supplements Bundle,Health & Wellness,Supplements,917.78,4.33,140,45,5,840,112,0.098,0.906,Supplements product from health & wellness category; essential everyday solution designed for conscious consumers.
P0852,V001,Essential Packaging Classic,Eco-Friendly Home,Packaging,331.07,4.65,156,68,3,635,102,0.117,0.915,Packaging product from eco-friendly home category; natural everyday solution designed for conscious consumers.
P0853,V024,Everyday Personal Wellness Starter Kit,Health & Wellness,Personal Wellness,318.01,4.43,172,78,4,827,129,0.126,0.726,Personal Wellness product from health & wellness category; eco everyday solution designed for conscious consumers.
P0854,V081,Natural Yogurt Alternatives Range,Dairy Alternatives,Yogurt Alternatives,452.19,4.34,127,80,4,888,122,0.128,0.935,Yogurt Alternatives product from dairy alternatives category; everyday everyday solution designed for conscious consumers.
P0855,V098,Essential Packaging Classic,Eco-Friendly Home,Packaging,335.17,4.19,141,53,8,619,79,0.082,0.712,Packaging product from eco-friendly home category; sustainable everyday solution designed for conscious consumers.
P0856,V017,Plant-Based Supplements Blend,Health & Wellness,Supplements,680.41,4.42,127,76,9,786,98,0.094,0.904,Supplements product from health & wellness category; sustainable everyday solution designed for conscious consumers.
P0857,V026,Sustainable Snacks Classic,Plant-Based Food,Snacks,1671.08,4.23,136,56,7,789,94,0.11,0.894,Snacks product from plant-based food category; eco everyday solution designed for conscious consumers.
P0858,V078,Natural Snacks Blend,Plant-Based Food,Snacks,1227.46,3.8,76,52,9,645,111,0.089,0.977,Snacks product from plant-based food category; natural everyday solution designed for conscious consumers.
P0859,V024,Sustainable Nutrition Essentials,Health & Wellness,Nutrition,362.68,4.71,157,71,10,871,117,0.095,0.822,Nutrition product from health & wellness category; eco everyday solution designed for conscious consumers.
P0860,V068,Organic Skincare Essentials,Beauty & Personal Care,Skincare,530.35,3.79,108,54,7,847,91,0.091,0.788,Skincare product from beauty & personal care category; essential everyday solution designed for conscious consumers.
P0861,V081,Everyday Vegan Cheese Starter Kit,Dairy Alternatives,Vegan Cheese,401.02,4.38,147,65,7,860,123,0.131,0.823,Vegan Cheese product from dairy alternatives category; premium everyday solution designed for conscious consumers.
P0862,V055,Plant-Based Snacks Classic,Plant-Based Food,Snacks,637.89,4.29,142,55,3,675,97,0.081,0.818,Snacks product from plant-based food category; essential everyday solution designed for conscious consumers.
P0863,V082,Organic Supplements Blend,Health & Wellness,Supplements,634.33,4.07,150,50,1,651,93,0.078,0.904,Supplements product from health & wellness category; premium everyday solution designed for conscious consumers.
P0864,V056,Plant-Based Mock Meat Care Set,Plant-Based Food,Mock Meat,646.0,4.28,124,78,2,978,130,0.146,0.927,Mock Meat product from plant-based food category; essential everyday solution designed for conscious consumers.
P0865,V077,Sustainable Plant Milk Classic,Dairy Alternatives,Plant Milk,1160.89,4.41,125,84,4,941,136,0.114,0.707,Plant Milk product from dairy alternatives category; essential everyday solution designed for conscious consumers.
P0866,V080,Premium Protein Foods Care Set,Plant-Based Food,Protein Foods,356.42,3.98,109,64,7,775,99,0.091,0.975,Protein Foods product from plant-based food category; eco everyday solution designed for conscious consumers.
P0867,V077,Eco Yogurt Alternatives Range,Dairy Alternatives,Yogurt Alternatives,1017.0,4.36,150,93,3,976,122,0.121,0.887,Yogurt Alternatives product from dairy alternatives category; premium everyday solution designed for conscious consumers.
P0868,V035,Organic Personal Wellness Classic,Health & Wellness,Personal Wellness,448.66,4.27,114,39,4,465,47,0.077,0.891,Personal Wellness product from health & wellness category; everyday everyday solution designed for conscious consumers.
P0869,V100,Plant-Based Cosmetics Starter Kit,Beauty & Personal Care,Cosmetics,244.19,3.97,111,61,4,713,94,0.091,0.818,Cosmetics product from beauty & personal care category; natural everyday solution designed for conscious consumers.
P0870,V027,Essential Haircare Blend,Beauty & Personal Care,Haircare,466.1,3.65,104,80,10,995,124,0.142,0.882,Haircare product from beauty & personal care category; plant-based everyday solution designed for conscious consumers.
P0871,V070,Essential Ready Meals Bundle,Plant-Based Food,Ready Meals,448.83,4.15,158,45,4,729,100,0.074,0.845,Ready Meals product from plant-based food category; plant-based everyday solution designed for conscious consumers.
P0872,V016,Natural Protein Foods Pack,Plant-Based Food,Protein Foods,973.1,3.92,127,47,5,661,87,0.077,0.833,Protein Foods product from plant-based food category; everyday everyday solution designed for conscious consumers.
P0873,V083,Essential Reusable Products Care Set,Eco-Friendly Home,Reusable Products,292.18,3.41,106,43,8,673,84,0.099,0.886,Reusable Products product from eco-friendly home category; premium everyday solution designed for conscious consumers.
P0874,V096,Eco Vegan Cheese Care Set,Dairy Alternatives,Vegan Cheese,778.02,4.04,130,38,3,562,74,0.086,0.681,Vegan Cheese product from dairy alternatives category; essential everyday solution designed for conscious consumers.
P0875,V044,Organic Cleaning Classic,Eco-Friendly Home,Cleaning,500.34,4.19,130,61,4,719,94,0.099,0.833,Cleaning product from eco-friendly home category; plant-based everyday solution designed for conscious consumers.
P0876,V015,Everyday Mock Meat Classic,Plant-Based Food,Mock Meat,1117.92,4.54,144,47,2,701,107,0.088,0.834,Mock Meat product from plant-based food category; premium everyday solution designed for conscious consumers.
P0877,V027,Essential Haircare Care Set,Beauty & Personal Care,Haircare,245.77,3.49,88,78,8,1021,147,0.11,0.848,Haircare product from beauty & personal care category; everyday everyday solution designed for conscious consumers.
P0878,V082,Organic Supplements Essentials,Health & Wellness,Supplements,536.45,4.25,158,67,5,654,90,0.085,0.812,Supplements product from health & wellness category; premium everyday solution designed for conscious consumers.
P0879,V094,Premium Supplements Pack,Health & Wellness,Supplements,521.65,4.32,161,71,3,807,131,0.094,0.816,Supplements product from health & wellness category; everyday everyday solution designed for conscious consumers.
P0880,V077,Natural Plant Milk Care Set,Dairy Alternatives,Plant Milk,493.63,4.01,106,74,3,895,131,0.088,0.831,Plant Milk product from dairy alternatives category; premium everyday solution designed for conscious consumers.
P0881,V077,Premium Creamers Starter Kit,Dairy Alternatives,Creamers,321.11,4.25,121,81,6,872,130,0.149,0.754,Creamers product from dairy alternatives category; essential everyday solution designed for conscious consumers.
P0882,V050,Essential Personal Wellness Care Set,Health & Wellness,Personal Wellness,804.53,4.65,152,77,3,669,107,0.085,0.911,Personal Wellness product from health & wellness category; sustainable everyday solution designed for conscious consumers.
P0883,V080,Sustainable Mock Meat Essentials,Plant-Based Food,Mock Meat,557.39,3.92,121,63,1,692,105,0.091,0.758,Mock Meat product from plant-based food category; eco everyday solution designed for conscious consumers.
P0884,V031,Eco Ready Meals Starter Kit,Plant-Based Food,Ready Meals,422.6,4.24,165,60,5,626,79,0.081,0.894,Ready Meals product from plant-based food category; natural everyday solution designed for conscious consumers.
P0885,V095,Natural Packaging Care Set,Eco-Friendly Home,Packaging,637.03,4.09,142,44,3,565,67,0.056,0.793,Packaging product from eco-friendly home category; essential everyday solution designed for conscious consumers.
P0886,V085,Essential Reusable Products Pack,Eco-Friendly Home,Reusable Products,795.31,3.92,96,79,5,742,85,0.111,0.731,Reusable Products product from eco-friendly home category; essential everyday solution designed for conscious consumers.
P0887,V021,Plant-Based Personal Wellness Pack,Health & Wellness,Personal Wellness,348.83,3.76,140,44,4,542,75,0.071,0.861,Personal Wellness product from health & wellness category; natural everyday solution designed for conscious consumers.
P0888,V038,Organic Protein Foods Blend,Plant-Based Food,Protein Foods,914.15,4.09,123,77,2,766,127,0.119,0.873,Protein Foods product from plant-based food category; sustainable everyday solution designed for conscious consumers.
P0889,V100,Everyday Bath Pack,Beauty & Personal Care,Bath,498.11,3.89,115,54,13,673,74,0.066,0.86,Bath product from beauty & personal care category; natural everyday solution designed for conscious consumers.
P0890,V074,Premium Skincare Range,Beauty & Personal Care,Skincare,251.56,4.37,161,32,1,599,71,0.098,0.844,Skincare product from beauty & personal care category; premium everyday solution designed for conscious consumers.
P0891,V012,Sustainable Ready Meals Range,Plant-Based Food,Ready Meals,600.25,4.21,121,61,5,719,116,0.076,0.905,Ready Meals product from plant-based food category; natural everyday solution designed for conscious consumers.
P0892,V085,Premium Packaging Range,Eco-Friendly Home,Packaging,558.97,3.7,113,66,7,734,110,0.113,0.743,Packaging product from eco-friendly home category; premium everyday solution designed for conscious consumers.
P0893,V083,Everyday Kitchen Range,Eco-Friendly Home,Kitchen,399.63,3.68,85,54,7,659,107,0.084,0.81,Kitchen product from eco-friendly home category; everyday everyday solution designed for conscious consumers.
P0894,V056,Essential Ready Meals Essentials,Plant-Based Food,Ready Meals,656.37,4.33,160,88,7,965,130,0.124,0.713,Ready Meals product from plant-based food category; sustainable everyday solution designed for conscious consumers.
P0895,V003,Premium Fitness Bundle,Health & Wellness,Fitness,242.56,4.08,150,53,3,661,72,0.089,0.905,Fitness product from health & wellness category; everyday everyday solution designed for conscious consumers.
P0896,V011,Organic Nutrition Blend,Health & Wellness,Nutrition,406.49,4.03,161,75,4,790,107,0.124,0.816,Nutrition product from health & wellness category; plant-based everyday solution designed for conscious consumers.
P0897,V014,Natural Protein Foods Care Set,Plant-Based Food,Protein Foods,1075.08,4.37,138,45,2,477,56,0.057,0.935,Protein Foods product from plant-based food category; premium everyday solution designed for conscious consumers.
P0898,V089,Sustainable Nutrition Blend,Health & Wellness,Nutrition,997.93,3.78,133,40,2,472,53,0.057,0.851,Nutrition product from health & wellness category; natural everyday solution designed for conscious consumers.
P0899,V031,Plant-Based Snacks Pack,Plant-Based Food,Snacks,341.37,4.51,146,66,4,563,92,0.068,0.911,Snacks product from plant-based food category; eco everyday solution designed for conscious consumers.
P0900,V013,Organic Protein Foods Bundle,Plant-Based Food,Protein Foods,614.21,4.45,158,48,2,614,87,0.074,0.887,Protein Foods product from plant-based food category; essential everyday solution designed for conscious consumers.
P0901,V010,Eco Skincare Starter Kit,Beauty & Personal Care,Skincare,544.21,4.24,164,35,1,445,46,0.05,0.849,Skincare product from beauty & personal care category; organic everyday solution designed for conscious consumers.
P0902,V023,Premium Creamers Pack,Dairy Alternatives,Creamers,821.23,4.54,135,61,5,735,98,0.108,0.788,Creamers product from dairy alternatives category; eco everyday solution designed for conscious consumers.
P0903,V044,Organic Reusable Products Pack,Eco-Friendly Home,Reusable Products,876.03,4.08,136,68,5,718,109,0.077,0.877,Reusable Products product from eco-friendly home category; everyday everyday solution designed for conscious consumers.
P0904,V048,Organic Cosmetics Pack,Beauty & Personal Care,Cosmetics,843.1,4.27,160,50,7,773,62,0.093,0.821,Cosmetics product from beauty & personal care category; natural everyday solution designed for conscious consumers.
P0905,V012,Plant-Based Snacks Starter Kit,Plant-Based Food,Snacks,548.43,4.33,138,62,5,704,114,0.105,0.866,Snacks product from plant-based food category; organic everyday solution designed for conscious consumers.
P0906,V034,Natural Skincare Classic,Beauty & Personal Care,Skincare,622.72,4.03,105,51,3,703,86,0.094,0.79,Skincare product from beauty & personal care category; eco everyday solution designed for conscious consumers.
P0907,V074,Sustainable Cosmetics Pack,Beauty & Personal Care,Cosmetics,290.23,4.24,146,53,6,560,65,0.063,0.816,Cosmetics product from beauty & personal care category; natural everyday solution designed for conscious consumers.
P0908,V022,Plant-Based Yogurt Alternatives Bundle,Dairy Alternatives,Yogurt Alternatives,1233.93,4.04,120,64,5,738,94,0.108,0.831,Yogurt Alternatives product from dairy alternatives category; premium everyday solution designed for conscious consumers.
P0909,V021,Plant-Based Supplements Bundle,Health & Wellness,Supplements,766.69,4.21,170,38,11,515,63,0.055,0.84,Supplements product from health & wellness category; everyday everyday solution designed for conscious consumers.
P0910,V043,Organic Haircare Pack,Beauty & Personal Care,Haircare,464.01,4.18,128,25,6,372,49,0.043,0.844,Haircare product from beauty & personal care category; sustainable everyday solution designed for conscious consumers.
P0911,V052,Plant-Based Mock Meat Classic,Plant-Based Food,Mock Meat,859.74,3.95,142,50,5,585,76,0.064,0.92,Mock Meat product from plant-based food category; essential everyday solution designed for conscious consumers.
P0912,V081,Sustainable Vegan Cheese Pack,Dairy Alternatives,Vegan Cheese,552.69,4.13,121,66,2,916,140,0.109,0.756,Vegan Cheese product from dairy alternatives category; organic everyday solution designed for conscious consumers.
P0913,V040,Eco Yogurt Alternatives Starter Kit,Dairy Alternatives,Yogurt Alternatives,341.46,4.25,134,105,1,960,149,0.134,0.888,Yogurt Alternatives product from dairy alternatives category; natural everyday solution designed for conscious consumers.
P0914,V025,Organic Plant Milk Pack,Dairy Alternatives,Plant Milk,733.08,4.49,172,68,4,849,107,0.096,0.771,Plant Milk product from dairy alternatives category; sustainable everyday solution designed for conscious consumers.
P0915,V085,Everyday Reusable Products Pack,Eco-Friendly Home,Reusable Products,222.35,3.84,103,82,4,721,101,0.088,0.743,Reusable Products product from eco-friendly home category; sustainable everyday solution designed for conscious consumers.
P0916,V082,Natural Supplements Bundle,Health & Wellness,Supplements,734.77,4.36,146,59,2,678,78,0.086,0.82,Supplements product from health & wellness category; organic everyday solution designed for conscious consumers.
P0917,V069,Natural Protein Foods Essentials,Plant-Based Food,Protein Foods,1108.16,4.81,134,55,1,692,89,0.079,0.817,Protein Foods product from plant-based food category; everyday everyday solution designed for conscious consumers.
P0918,V064,Essential Bath Pack,Beauty & Personal Care,Bath,596.88,4.25,99,45,6,585,81,0.088,0.918,Bath product from beauty & personal care category; organic everyday solution designed for conscious consumers.
P0919,V090,Natural Cleaning Range,Eco-Friendly Home,Cleaning,1091.41,3.85,99,79,3,920,143,0.149,0.714,Cleaning product from eco-friendly home category; essential everyday solution designed for conscious consumers.
P0920,V093,Eco Vegan Cheese Starter Kit,Dairy Alternatives,Vegan Cheese,387.46,4.47,129,48,6,685,89,0.066,0.771,Vegan Cheese product from dairy alternatives category; essential everyday solution designed for conscious consumers.
P0921,V038,Everyday Protein Foods Bundle,Plant-Based Food,Protein Foods,355.91,3.99,144,79,3,788,117,0.133,0.83,Protein Foods product from plant-based food category; essential everyday solution designed for conscious consumers.
P0922,V079,Everyday Skincare Essentials,Beauty & Personal Care,Skincare,421.67,4.67,145,59,2,746,90,0.082,0.806,Skincare product from beauty & personal care category; eco everyday solution designed for conscious consumers.
P0923,V004,Organic Bath Care Set,Beauty & Personal Care,Bath,934.8,4.18,135,70,4,809,108,0.1,0.964,Bath product from beauty & personal care category; everyday everyday solution designed for conscious consumers.
P0924,V011,Natural Personal Wellness Classic,Health & Wellness,Personal Wellness,565.69,4.21,156,80,3,795,97,0.109,0.97,Personal Wellness product from health & wellness category; organic everyday solution designed for conscious consumers.
P0925,V027,Organic Skincare Classic,Beauty & Personal Care,Skincare,1405.37,3.89,85,67,9,885,138,0.12,0.99,Skincare product from beauty & personal care category; eco everyday solution designed for conscious consumers.
P0926,V096,Essential Plant Milk Essentials,Dairy Alternatives,Plant Milk,657.93,4.07,108,44,3,534,85,0.076,0.722,Plant Milk product from dairy alternatives category; plant-based everyday solution designed for conscious consumers.
P0927,V032,Sustainable Cosmetics Essentials,Beauty & Personal Care,Cosmetics,779.01,4.13,144,44,3,508,68,0.07,0.86,Cosmetics product from beauty & personal care category; organic everyday solution designed for conscious consumers.
P0928,V039,Everyday Kitchen Pack,Eco-Friendly Home,Kitchen,715.62,4.41,124,81,2,1008,136,0.121,0.746,Kitchen product from eco-friendly home category; eco everyday solution designed for conscious consumers.
P0929,V083,Plant-Based Cleaning Starter Kit,Eco-Friendly Home,Cleaning,589.8,3.84,82,54,6,676,88,0.077,0.733,Cleaning product from eco-friendly home category; eco everyday solution designed for conscious consumers.
P0930,V063,Sustainable Haircare Blend,Beauty & Personal Care,Haircare,1327.68,4.33,161,103,3,984,129,0.133,0.928,Haircare product from beauty & personal care category; premium everyday solution designed for conscious consumers.
P0931,V066,Premium Protein Foods Starter Kit,Plant-Based Food,Protein Foods,913.9,4.4,181,48,2,567,64,0.076,0.711,Protein Foods product from plant-based food category; sustainable everyday solution designed for conscious consumers.
P0932,V083,Essential Reusable Products Classic,Eco-Friendly Home,Reusable Products,418.79,3.88,80,52,10,699,77,0.065,0.86,Reusable Products product from eco-friendly home category; organic everyday solution designed for conscious consumers.
P0933,V032,Premium Cosmetics Range,Beauty & Personal Care,Cosmetics,178.92,4.26,149,41,5,464,50,0.048,0.736,Cosmetics product from beauty & personal care category; organic everyday solution designed for conscious consumers.
P0934,V025,Sustainable Plant Milk Range,Dairy Alternatives,Plant Milk,882.54,4.72,176,71,4,838,113,0.088,0.769,Plant Milk product from dairy alternatives category; plant-based everyday solution designed for conscious consumers.
P0935,V051,Eco Reusable Products Starter Kit,Eco-Friendly Home,Reusable Products,841.47,4.37,141,45,4,695,92,0.087,0.902,Reusable Products product from eco-friendly home category; natural everyday solution designed for conscious consumers.
P0936,V073,Organic Reusable Products Classic,Eco-Friendly Home,Reusable Products,461.28,4.29,127,46,3,648,84,0.098,0.81,Reusable Products product from eco-friendly home category; premium everyday solution designed for conscious consumers.
P0937,V061,Plant-Based Reusable Products Classic,Eco-Friendly Home,Reusable Products,576.25,4.11,136,39,7,492,73,0.065,0.742,Reusable Products product from eco-friendly home category; premium everyday solution designed for conscious consumers.
P0938,V079,Sustainable Cosmetics Range,Beauty & Personal Care,Cosmetics,522.26,4.71,178,60,2,658,94,0.082,0.897,Cosmetics product from beauty & personal care category; sustainable everyday solution designed for conscious consumers.
P0939,V100,Sustainable Haircare Classic,Beauty & Personal Care,Haircare,352.89,3.76,105,46,2,698,101,0.098,0.867,Haircare product from beauty & personal care category; essential everyday solution designed for conscious consumers.
P0940,V004,Eco Cosmetics Pack,Beauty & Personal Care,Cosmetics,850.03,3.98,120,74,9,788,117,0.125,0.881,Cosmetics product from beauty & personal care category; everyday everyday solution designed for conscious consumers.
P0941,V070,Everyday Protein Foods Essentials,Plant-Based Food,Protein Foods,433.42,4.39,145,60,2,713,100,0.076,0.712,Protein Foods product from plant-based food category; sustainable everyday solution designed for conscious consumers.
P0942,V077,Organic Creamers Care Set,Dairy Alternatives,Creamers,468.05,4.25,125,84,5,927,138,0.145,0.88,Creamers product from dairy alternatives category; essential everyday solution designed for conscious consumers.
P0943,V041,Sustainable Protein Foods Starter Kit,Plant-Based Food,Protein Foods,541.05,3.67,90,69,9,767,111,0.104,0.896,Protein Foods product from plant-based food category; organic everyday solution designed for conscious consumers.
P0944,V004,Natural Cosmetics Blend,Beauty & Personal Care,Cosmetics,241.16,3.98,122,58,3,815,106,0.097,0.896,Cosmetics product from beauty & personal care category; plant-based everyday solution designed for conscious consumers.
P0945,V022,Natural Yogurt Alternatives Blend,Dairy Alternatives,Yogurt Alternatives,888.16,4.09,138,69,5,733,101,0.107,0.817,Yogurt Alternatives product from dairy alternatives category; organic everyday solution designed for conscious consumers.
P0946,V093,Natural Vegan Cheese Essentials,Dairy Alternatives,Vegan Cheese,630.12,4.02,117,47,5,687,92,0.097,0.878,Vegan Cheese product from dairy alternatives category; plant-based everyday solution designed for conscious consumers.
P0947,V056,Everyday Mock Meat Starter Kit,Plant-Based Food,Mock Meat,805.07,4.19,120,76,4,1011,128,0.104,0.914,Mock Meat product from plant-based food category; natural everyday solution designed for conscious consumers.
P0948,V046,Eco Skincare Care Set,Beauty & Personal Care,Skincare,301.35,3.63,85,58,8,587,92,0.09,0.785,Skincare product from beauty & personal care category; sustainable everyday solution designed for conscious consumers.
P0949,V100,Premium Haircare Bundle,Beauty & Personal Care,Haircare,186.4,3.86,125,58,5,682,94,0.086,0.95,Haircare product from beauty & personal care category; everyday everyday solution designed for conscious consumers.
P0950,V015,Everyday Protein Foods Essentials,Plant-Based Food,Protein Foods,330.8,4.59,133,64,1,719,95,0.106,0.847,Protein Foods product from plant-based food category; essential everyday solution designed for conscious consumers.
P0951,V041,Natural Snacks Starter Kit,Plant-Based Food,Snacks,950.35,3.62,83,49,9,722,92,0.072,0.904,Snacks product from plant-based food category; everyday everyday solution designed for conscious consumers.
P0952,V024,Everyday Fitness Classic,Health & Wellness,Fitness,548.4,3.86,160,75,2,863,144,0.126,0.847,Fitness product from health & wellness category; organic everyday solution designed for conscious consumers.
P0953,V039,Everyday Cleaning Range,Eco-Friendly Home,Cleaning,243.39,4.6,168,82,4,946,158,0.128,0.674,Cleaning product from eco-friendly home category; everyday everyday solution designed for conscious consumers.
P0954,V067,Organic Protein Foods Range,Plant-Based Food,Protein Foods,943.47,3.78,107,65,6,851,111,0.098,0.839,Protein Foods product from plant-based food category; essential everyday solution designed for conscious consumers.
P0955,V093,Premium Creamers Classic,Dairy Alternatives,Creamers,847.21,4.23,127,50,7,691,89,0.088,0.779,Creamers product from dairy alternatives category; organic everyday solution designed for conscious consumers.
P0956,V052,Essential Mock Meat Pack,Plant-Based Food,Mock Meat,775.56,4.69,141,42,3,560,76,0.071,0.832,Mock Meat product from plant-based food category; natural everyday solution designed for conscious consumers.
P0957,V025,Essential Vegan Cheese Bundle,Dairy Alternatives,Vegan Cheese,658.16,4.54,169,81,7,820,107,0.109,0.794,Vegan Cheese product from dairy alternatives category; plant-based everyday solution designed for conscious consumers.
P0958,V084,Plant-Based Kitchen Range,Eco-Friendly Home,Kitchen,851.63,4.02,116,71,11,870,114,0.1,0.842,Kitchen product from eco-friendly home category; eco everyday solution designed for conscious consumers.
P0959,V073,Premium Kitchen Bundle,Eco-Friendly Home,Kitchen,423.86,4.07,150,51,3,596,71,0.093,0.821,Kitchen product from eco-friendly home category; premium everyday solution designed for conscious consumers.
P0960,V045,Essential Cleaning Essentials,Eco-Friendly Home,Cleaning,680.26,4.68,159,43,2,689,61,0.078,0.898,Cleaning product from eco-friendly home category; everyday everyday solution designed for conscious consumers.
P0961,V011,Plant-Based Nutrition Blend,Health & Wellness,Nutrition,505.25,4.82,135,62,2,794,98,0.095,0.947,Nutrition product from health & wellness category; organic everyday solution designed for conscious consumers.
P0962,V005,Natural Nutrition Starter Kit,Health & Wellness,Nutrition,771.25,4.01,134,43,10,537,53,0.081,0.817,Nutrition product from health & wellness category; premium everyday solution designed for conscious consumers.
P0963,V058,Everyday Yogurt Alternatives Essentials,Dairy Alternatives,Yogurt Alternatives,413.24,4.22,133,70,4,785,134,0.117,0.99,Yogurt Alternatives product from dairy alternatives category; organic everyday solution designed for conscious consumers.
P0964,V091,Premium Kitchen Classic,Eco-Friendly Home,Kitchen,789.18,3.57,77,76,3,976,141,0.138,0.878,Kitchen product from eco-friendly home category; premium everyday solution designed for conscious consumers.
P0965,V001,Premium Kitchen Essentials,Eco-Friendly Home,Kitchen,434.41,4.72,161,65,0,683,74,0.079,0.785,Kitchen product from eco-friendly home category; premium everyday solution designed for conscious consumers.
P0966,V065,Everyday Kitchen Blend,Eco-Friendly Home,Kitchen,1036.03,4.3,132,65,6,839,92,0.132,0.818,Kitchen product from eco-friendly home category; sustainable everyday solution designed for conscious consumers.
P0967,V072,Sustainable Supplements Bundle,Health & Wellness,Supplements,884.82,4.34,145,72,6,770,115,0.124,0.854,Supplements product from health & wellness category; essential everyday solution designed for conscious consumers.
P0968,V078,Natural Mock Meat Pack,Plant-Based Food,Mock Meat,300.02,3.64,83,60,4,678,103,0.089,0.82,Mock Meat product from plant-based food category; everyday everyday solution designed for conscious consumers.
P0969,V059,Premium Snacks Bundle,Plant-Based Food,Snacks,444.73,3.97,124,46,6,581,77,0.099,0.742,Snacks product from plant-based food category; natural everyday solution designed for conscious consumers.
P0970,V015,Everyday Snacks Classic,Plant-Based Food,Snacks,180.32,4.39,178,47,4,683,102,0.112,0.874,Snacks product from plant-based food category; essential everyday solution designed for conscious consumers.
P0971,V032,Plant-Based Haircare Starter Kit,Beauty & Personal Care,Haircare,1613.48,4.2,127,40,4,493,59,0.07,0.906,Haircare product from beauty & personal care category; sustainable everyday solution designed for conscious consumers.
P0972,V002,Plant-Based Ready Meals Care Set,Plant-Based Food,Ready Meals,438.0,3.76,94,80,3,955,126,0.123,0.777,Ready Meals product from plant-based food category; eco everyday solution designed for conscious consumers.
P0973,V018,Premium Cosmetics Pack,Beauty & Personal Care,Cosmetics,1277.47,3.88,127,52,8,729,88,0.077,0.849,Cosmetics product from beauty & personal care category; plant-based everyday solution designed for conscious consumers.
P0974,V082,Everyday Nutrition Pack,Health & Wellness,Nutrition,646.03,4.38,158,63,6,671,92,0.117,0.8,Nutrition product from health & wellness category; natural everyday solution designed for conscious consumers.
P0975,V060,Essential Skincare Classic,Beauty & Personal Care,Skincare,447.34,4.04,97,36,6,500,68,0.07,0.776,Skincare product from beauty & personal care category; natural everyday solution designed for conscious consumers.
P0976,V073,Sustainable Kitchen Blend,Eco-Friendly Home,Kitchen,458.17,3.91,143,41,7,608,83,0.101,0.759,Kitchen product from eco-friendly home category; essential everyday solution designed for conscious consumers.
P0977,V093,Sustainable Plant Milk Bundle,Dairy Alternatives,Plant Milk,978.33,4.07,120,62,6,664,73,0.068,0.742,Plant Milk product from dairy alternatives category; natural everyday solution designed for conscious consumers.
P0978,V068,Natural Cosmetics Range,Beauty & Personal Care,Cosmetics,853.09,3.92,109,63,4,790,104,0.1,0.858,Cosmetics product from beauty & personal care category; eco everyday solution designed for conscious consumers.
P0979,V026,Organic Ready Meals Starter Kit,Plant-Based Food,Ready Meals,771.88,4.07,144,65,3,765,87,0.1,0.823,Ready Meals product from plant-based food category; sustainable everyday solution designed for conscious consumers.
P0980,V092,Everyday Snacks Bundle,Plant-Based Food,Snacks,629.08,4.41,143,60,2,717,113,0.112,0.776,Snacks product from plant-based food category; everyday everyday solution designed for conscious consumers.
P0981,V034,Organic Skincare Starter Kit,Beauty & Personal Care,Skincare,481.25,4.21,111,52,9,706,86,0.084,0.695,Skincare product from beauty & personal care category; plant-based everyday solution designed for conscious consumers.
P0982,V035,Essential Fitness Blend,Health & Wellness,Fitness,471.17,4.29,124,49,5,482,53,0.053,0.83,Fitness product from health & wellness category; plant-based everyday solution designed for conscious consumers.
P0983,V062,Natural Fitness Bundle,Health & Wellness,Fitness,1390.23,4.13,133,52,7,529,68,0.058,0.834,Fitness product from health & wellness category; essential everyday solution designed for conscious consumers.
P0984,V068,Everyday Bath Essentials,Beauty & Personal Care,Bath,350.89,4.06,111,70,5,768,97,0.079,0.784,Bath product from beauty & personal care category; essential everyday solution designed for conscious consumers.
P0985,V039,Eco Kitchen Range,Eco-Friendly Home,Kitchen,658.41,4.51,158,92,2,937,147,0.13,0.729,Kitchen product from eco-friendly home category; plant-based everyday solution designed for conscious consumers.
P0986,V099,Essential Packaging Blend,Eco-Friendly Home,Packaging,556.47,3.9,139,64,4,619,84,0.075,0.812,Packaging product from eco-friendly home category; plant-based everyday solution designed for conscious consumers.
P0987,V012,Essential Protein Foods Care Set,Plant-Based Food,Protein Foods,630.62,4.4,140,67,3,638,93,0.074,0.913,Protein Foods product from plant-based food category; everyday everyday solution designed for conscious consumers.
P0988,V056,Sustainable Mock Meat Starter Kit,Plant-Based Food,Mock Meat,927.24,4.23,143,83,4,988,136,0.126,0.853,Mock Meat product from plant-based food category; natural everyday solution designed for conscious consumers.
P0989,V050,Sustainable Fitness Care Set,Health & Wellness,Fitness,531.03,5.0,160,72,3,669,106,0.108,0.833,Fitness product from health & wellness category; plant-based everyday solution designed for conscious consumers.
P0990,V069,Essential Snacks Essentials,Plant-Based Food,Snacks,825.13,4.15,119,60,2,706,75,0.086,0.878,Snacks product from plant-based food category; eco everyday solution designed for conscious consumers.
P0991,V043,Premium Haircare Bundle,Beauty & Personal Care,Haircare,834.61,4.74,144,30,4,328,37,0.023,0.838,Haircare product from beauty & personal care category; everyday everyday solution designed for conscious consumers.
P0992,V063,Eco Skincare Bundle,Beauty & Personal Care,Skincare,456.17,4.5,139,87,6,1004,148,0.157,0.943,Skincare product from beauty & personal care category; premium everyday solution designed for conscious consumers.
P0993,V018,Sustainable Cosmetics Classic,Beauty & Personal Care,Cosmetics,887.82,3.61,107,60,4,785,77,0.097,0.801,Cosmetics product from beauty & personal care category; natural everyday solution designed for conscious consumers.
P0994,V072,Plant-Based Personal Wellness Classic,Health & Wellness,Personal Wellness,584.77,4.44,149,66,0,766,96,0.116,0.763,Personal Wellness product from health & wellness category; organic everyday solution designed for conscious consumers.
P0995,V060,Plant-Based Bath Care Set,Beauty & Personal Care,Bath,371.93,4.22,123,46,3,499,60,0.048,0.812,Bath product from beauty & personal care category; premium everyday solution designed for conscious consumers.
P0996,V098,Essential Kitchen Essentials,Eco-Friendly Home,Kitchen,858.64,4.28,123,66,5,676,81,0.067,0.788,Kitchen product from eco-friendly home category; plant-based everyday solution designed for conscious consumers.
P0997,V096,Everyday Yogurt Alternatives Essentials,Dairy Alternatives,Yogurt Alternatives,910.82,3.96,138,41,4,550,77,0.081,0.699,Yogurt Alternatives product from dairy alternatives category; organic everyday solution designed for conscious consumers.
P0998,V094,Organic Nutrition Blend,Health & Wellness,Nutrition,431.59,4.26,131,80,5,808,121,0.134,0.88,Nutrition product from health & wellness category; premium everyday solution designed for conscious consumers.
P0999,V095,Plant-Based Cleaning Range,Eco-Friendly Home,Cleaning,440.5,4.08,121,42,3,521,81,0.084,0.633,Cleaning product from eco-friendly home category; essential everyday solution designed for conscious consumers.
P1000,V056,Plant-Based Snacks Starter Kit,Plant-Based Food,Snacks,618.57,4.27,129,77,5,948,111,0.128,0.804,Snacks product from plant-based food category; eco everyday solution designed for conscious consumers.
